0 verbose cli C:\Program Files\nodejs\node.exe C:\Program Files\nodejs\node_modules\npm\bin\npm-cli.js
1 info using npm@10.9.3
2 info using node@v22.19.0
3 silly config load:file:C:\Program Files\nodejs\node_modules\npm\npmrc
4 silly config load:file:C:\Users\ducli\Desktop\Antigravity\kythuatdulieu.github.io\.npmrc
5 silly config load:file:C:\Users\ducli\.npmrc
6 silly config load:file:C:\Users\ducli\AppData\Roaming\npm\etc\npmrc
7 verbose title npm install
8 verbose argv "install" "--cache" "C:\\Users\\ducli\\Desktop\\Antigravity\\kythuatdulieu.github.io\\.npm-cache"
9 verbose logfile logs-max:10 dir:C:\Users\ducli\Desktop\Antigravity\kythuatdulieu.github.io\.npm-cache\_logs\2026-08-13T11_01_45_492Z-
10 verbose logfile C:\Users\ducli\Desktop\Antigravity\kythuatdulieu.github.io\.npm-cache\_logs\2026-08-13T11_01_45_492Z-debug-0.log
11 silly logfile done cleaning log files
12 silly packumentCache heap:4345298944 maxSize:1086324736 maxEntrySize:543162368
13 silly idealTree buildDeps
14 silly fetch manifest playwright-core@1.57.0
15 silly packumentCache full:https://registry.npmjs.org/playwright-core cache-miss
16 http fetch GET 200 https://registry.npmjs.org/npm 498ms
17 http fetch GET 200 https://registry.npmjs.org/playwright-core 617ms (cache miss)
18 silly packumentCache full:https://registry.npmjs.org/playwright-core set size:undefined disposed:false
19 silly placeDep node_modules/@mermaid-js/mermaid-zenuml playwright-core@1.57.0 OK for: @zenuml/core@3.50.0 want: 1.57.0
20 silly reify moves {}
21 silly audit bulk request {
21 silly audit   '@antfu/install-pkg': [ '1.1.0' ],
21 silly audit   tinyexec: [ '1.2.4', '0.3.2' ],
21 silly audit   '@asamuzakjp/css-color': [ '5.1.11' ],
21 silly audit   '@asamuzakjp/dom-selector': [ '7.1.1' ],
21 silly audit   '@asamuzakjp/generational-cache': [ '1.0.1' ],
21 silly audit   '@asamuzakjp/nwsapi': [ '2.3.9' ],
21 silly audit   '@astrojs/compiler': [ '2.13.1' ],
21 silly audit   '@astrojs/internal-helpers': [ '0.4.1' ],
21 silly audit   '@astrojs/markdown-remark': [ '5.3.0' ],
21 silly audit   '@astrojs/mdx': [ '3.1.9' ],
21 silly audit   '@astrojs/prism': [ '3.1.0' ],
21 silly audit   '@astrojs/sitemap': [ '3.1.6' ],
21 silly audit   '@astrojs/starlight': [ '0.23.4' ],
21 silly audit   '@astrojs/telemetry': [ '3.1.0' ],
21 silly audit   '@babel/code-frame': [ '7.29.7' ],
21 silly audit   '@babel/compat-data': [ '7.29.7' ],
21 silly audit   '@babel/core': [ '7.29.7' ],
21 silly audit   semver: [ '6.3.1', '7.8.2' ],
21 silly audit   '@babel/generator': [ '7.29.7' ],
21 silly audit   '@babel/helper-annotate-as-pure': [ '7.29.7' ],
21 silly audit   '@babel/helper-compilation-targets': [ '7.29.7' ],
21 silly audit   '@babel/helper-globals': [ '7.29.7' ],
21 silly audit   '@babel/helper-module-imports': [ '7.29.7' ],
21 silly audit   '@babel/helper-module-transforms': [ '7.29.7' ],
21 silly audit   '@babel/helper-plugin-utils': [ '7.29.7' ],
21 silly audit   '@babel/helper-string-parser': [ '7.29.7' ],
21 silly audit   '@babel/helper-validator-identifier': [ '7.29.7' ],
21 silly audit   '@babel/helper-validator-option': [ '7.29.7' ],
21 silly audit   '@babel/helpers': [ '7.29.7' ],
21 silly audit   '@babel/parser': [ '7.29.7' ],
21 silly audit   '@babel/plugin-syntax-jsx': [ '7.29.7' ],
21 silly audit   '@babel/plugin-transform-react-jsx': [ '7.29.7' ],
21 silly audit   '@babel/template': [ '7.29.7' ],
21 silly audit   '@babel/traverse': [ '7.29.7' ],
21 silly audit   '@babel/types': [ '7.29.7' ],
21 silly audit   '@braintree/sanitize-url': [ '7.1.2' ],
21 silly audit   '@bramus/specificity': [ '2.4.2' ],
21 silly audit   '@chevrotain/types': [ '11.1.2' ],
21 silly audit   '@csstools/color-helpers': [ '6.0.2' ],
21 silly audit   '@csstools/css-calc': [ '3.2.1' ],
21 silly audit   '@csstools/css-color-parser': [ '4.1.7' ],
21 silly audit   '@csstools/css-parser-algorithms': [ '4.0.0' ],
21 silly audit   '@csstools/css-syntax-patches-for-csstree': [ '1.1.5' ],
21 silly audit   '@csstools/css-tokenizer': [ '4.0.0' ],
21 silly audit   '@ctrl/tinycolor': [ '4.2.0' ],
21 silly audit   '@emnapi/runtime': [ '1.10.0' ],
21 silly audit   '@esbuild/aix-ppc64': [ '0.21.5' ],
21 silly audit   '@esbuild/android-arm': [ '0.21.5' ],
21 silly audit   '@esbuild/android-arm64': [ '0.21.5' ],
21 silly audit   '@esbuild/android-x64': [ '0.21.5' ],
21 silly audit   '@esbuild/darwin-arm64': [ '0.21.5' ],
21 silly audit   '@esbuild/darwin-x64': [ '0.21.5' ],
21 silly audit   '@esbuild/freebsd-arm64': [ '0.21.5' ],
21 silly audit   '@esbuild/freebsd-x64': [ '0.21.5' ],
21 silly audit   '@esbuild/linux-arm': [ '0.21.5' ],
21 silly audit   '@esbuild/linux-arm64': [ '0.21.5' ],
21 silly audit   '@esbuild/linux-ia32': [ '0.21.5' ],
21 silly audit   '@esbuild/linux-loong64': [ '0.21.5' ],
21 silly audit   '@esbuild/linux-mips64el': [ '0.21.5' ],
21 silly audit   '@esbuild/linux-ppc64': [ '0.21.5' ],
21 silly audit   '@esbuild/linux-riscv64': [ '0.21.5' ],
21 silly audit   '@esbuild/linux-s390x': [ '0.21.5' ],
21 silly audit   '@esbuild/linux-x64': [ '0.21.5' ],
21 silly audit   '@esbuild/netbsd-x64': [ '0.21.5' ],
21 silly audit   '@esbuild/openbsd-x64': [ '0.21.5' ],
21 silly audit   '@esbuild/sunos-x64': [ '0.21.5' ],
21 silly audit   '@esbuild/win32-arm64': [ '0.21.5' ],
21 silly audit   '@esbuild/win32-ia32': [ '0.21.5' ],
21 silly audit   '@esbuild/win32-x64': [ '0.21.5' ],
21 silly audit   '@exodus/bytes': [ '1.15.1' ],
21 silly audit   '@expressive-code/core': [ '0.35.6' ],
21 silly audit   hastscript: [ '9.0.1', '8.0.0' ],
21 silly audit   '@expressive-code/plugin-frames': [ '0.35.6' ],
21 silly audit   '@expressive-code/plugin-shiki': [ '0.35.6' ],
21 silly audit   '@expressive-code/plugin-text-markers': [ '0.35.6' ],
21 silly audit   '@floating-ui/core': [ '1.7.5' ],
21 silly audit   '@floating-ui/dom': [ '1.7.6' ],
21 silly audit   '@floating-ui/react': [ '0.27.19', '0.26.28' ],
21 silly audit   '@floating-ui/react-dom': [ '2.1.8' ],
21 silly audit   '@floating-ui/utils': [ '0.2.11' ],
21 silly audit   '@fortawesome/fontawesome-free': [ '6.7.2' ],
21 silly audit   '@headlessui/react': [ '2.2.10' ],
21 silly audit   '@headlessui/tailwindcss': [ '0.2.2' ],
21 silly audit   '@iconify/types': [ '2.0.0' ],
21 silly audit   '@iconify/utils': [ '3.1.3' ],
21 silly audit   '@img/colour': [ '1.1.0' ],
21 silly audit   '@img/sharp-darwin-arm64': [ '0.34.5', '0.33.5' ],
21 silly audit   '@img/sharp-darwin-x64': [ '0.34.5', '0.33.5' ],
21 silly audit   '@img/sharp-libvips-darwin-arm64': [ '1.2.4', '1.0.4' ],
21 silly audit   '@img/sharp-libvips-darwin-x64': [ '1.2.4', '1.0.4' ],
21 silly audit   '@img/sharp-libvips-linux-arm': [ '1.2.4', '1.0.5' ],
21 silly audit   '@img/sharp-libvips-linux-arm64': [ '1.2.4', '1.0.4' ],
21 silly audit   '@img/sharp-libvips-linux-ppc64': [ '1.2.4' ],
21 silly audit   '@img/sharp-libvips-linux-riscv64': [ '1.2.4' ],
21 silly audit   '@img/sharp-libvips-linux-s390x': [ '1.2.4', '1.0.4' ],
21 silly audit   '@img/sharp-libvips-linux-x64': [ '1.2.4', '1.0.4' ],
21 silly audit   '@img/sharp-libvips-linuxmusl-arm64': [ '1.2.4', '1.0.4' ],
21 silly audit   '@img/sharp-libvips-linuxmusl-x64': [ '1.2.4', '1.0.4' ],
21 silly audit   '@img/sharp-linux-arm': [ '0.34.5', '0.33.5' ],
21 silly audit   '@img/sharp-linux-arm64': [ '0.34.5', '0.33.5' ],
21 silly audit   '@img/sharp-linux-ppc64': [ '0.34.5' ],
21 silly audit   '@img/sharp-linux-riscv64': [ '0.34.5' ],
21 silly audit   '@img/sharp-linux-s390x': [ '0.34.5', '0.33.5' ],
21 silly audit   '@img/sharp-linux-x64': [ '0.34.5', '0.33.5' ],
21 silly audit   '@img/sharp-linuxmusl-arm64': [ '0.34.5', '0.33.5' ],
21 silly audit   '@img/sharp-linuxmusl-x64': [ '0.34.5', '0.33.5' ],
21 silly audit   '@img/sharp-wasm32': [ '0.34.5', '0.33.5' ],
21 silly audit   '@img/sharp-win32-arm64': [ '0.34.5' ],
21 silly audit   '@img/sharp-win32-ia32': [ '0.34.5', '0.33.5' ],
21 silly audit   '@img/sharp-win32-x64': [ '0.34.5', '0.33.5' ],
21 silly audit   '@internationalized/date': [ '3.12.2' ],
21 silly audit   '@internationalized/number': [ '3.6.7' ],
21 silly audit   '@internationalized/string': [ '3.2.9' ],
21 silly audit   '@jridgewell/gen-mapping': [ '0.3.13' ],
21 silly audit   '@jridgewell/remapping': [ '2.3.5' ],
21 silly audit   '@jridgewell/resolve-uri': [ '3.1.2' ],
21 silly audit   '@jridgewell/sourcemap-codec': [ '1.5.5' ],
21 silly audit   '@jridgewell/trace-mapping': [ '0.3.31' ],
21 silly audit   '@mdx-js/mdx': [ '3.1.1' ],
21 silly audit   '@mermaid-js/layout-elk': [ '0.2.1' ],
21 silly audit   '@mermaid-js/layout-tidy-tree': [ '0.2.2' ],
21 silly audit   '@mermaid-js/mermaid-cli': [ '11.15.0' ],
21 silly audit   commander: [ '13.1.0', '7.2.0', '8.3.0', '14.0.3' ],
21 silly audit   '@mermaid-js/mermaid-zenuml': [ '0.2.3' ],
21 silly audit   '@zenuml/core': [ '3.50.0' ],
21 silly audit   'color-name': [ '2.1.0', '1.1.4' ],
21 silly audit   'color-string': [ '2.1.4', '1.9.1' ],
21 silly audit   marked: [ '4.3.0', '16.4.2' ],
21 silly audit   '@mermaid-js/parser': [ '1.1.1' ],
21 silly audit   '@napi-rs/canvas': [ '0.1.100' ],
21 silly audit   '@napi-rs/canvas-android-arm64': [ '0.1.100' ],
21 silly audit   '@napi-rs/canvas-darwin-arm64': [ '0.1.100' ],
21 silly audit   '@napi-rs/canvas-darwin-x64': [ '0.1.100' ],
21 silly audit   '@napi-rs/canvas-linux-arm-gnueabihf': [ '0.1.100' ],
21 silly audit   '@napi-rs/canvas-linux-arm64-gnu': [ '0.1.100' ],
21 silly audit   '@napi-rs/canvas-linux-arm64-musl': [ '0.1.100' ],
21 silly audit   '@napi-rs/canvas-linux-riscv64-gnu': [ '0.1.100' ],
21 silly audit   '@napi-rs/canvas-linux-x64-gnu': [ '0.1.100' ],
21 silly audit   '@napi-rs/canvas-linux-x64-musl': [ '0.1.100' ],
21 silly audit   '@napi-rs/canvas-win32-arm64-msvc': [ '0.1.100' ],
21 silly audit   '@napi-rs/canvas-win32-x64-msvc': [ '0.1.100' ],
21 silly audit   '@nodelib/fs.scandir': [ '2.1.5' ],
21 silly audit   '@nodelib/fs.stat': [ '2.0.5' ],
21 silly audit   '@nodelib/fs.walk': [ '1.2.8' ],
21 silly audit   '@oslojs/encoding': [ '1.1.0' ],
21 silly audit   '@pagefind/darwin-arm64': [ '1.5.2' ],
21 silly audit   '@pagefind/darwin-x64': [ '1.5.2' ],
21 silly audit   '@pagefind/default-ui': [ '1.5.2' ],
21 silly audit   '@pagefind/freebsd-x64': [ '1.5.2' ],
21 silly audit   '@pagefind/linux-arm64': [ '1.5.2' ],
21 silly audit   '@pagefind/linux-x64': [ '1.5.2' ],
21 silly audit   '@pagefind/windows-arm64': [ '1.5.2' ],
21 silly audit   '@pagefind/windows-x64': [ '1.5.2' ],
21 silly audit   '@puppeteer/browsers': [ '2.13.2' ],
21 silly audit   '@react-aria/focus': [ '3.22.1' ],
21 silly audit   '@react-aria/interactions': [ '3.28.1' ],
21 silly audit   '@react-types/shared': [ '3.35.0' ],
21 silly audit   '@rollup/pluginutils': [ '5.4.0' ],
21 silly audit   'estree-walker': [ '2.0.2', '3.0.3' ],
21 silly audit   '@rollup/rollup-android-arm-eabi': [ '4.61.1' ],
21 silly audit   '@rollup/rollup-android-arm64': [ '4.61.1' ],
21 silly audit   '@rollup/rollup-darwin-arm64': [ '4.61.1' ],
21 silly audit   '@rollup/rollup-darwin-x64': [ '4.61.1' ],
21 silly audit   '@rollup/rollup-freebsd-arm64': [ '4.61.1' ],
21 silly audit   '@rollup/rollup-freebsd-x64': [ '4.61.1' ],
21 silly audit   '@rollup/rollup-linux-arm-gnueabihf': [ '4.61.1' ],
21 silly audit   '@rollup/rollup-linux-arm-musleabihf': [ '4.61.1' ],
21 silly audit   '@rollup/rollup-linux-arm64-gnu': [ '4.61.1' ],
21 silly audit   '@rollup/rollup-linux-arm64-musl': [ '4.61.1' ],
21 silly audit   '@rollup/rollup-linux-loong64-gnu': [ '4.61.1' ],
21 silly audit   '@rollup/rollup-linux-loong64-musl': [ '4.61.1' ],
21 silly audit   '@rollup/rollup-linux-ppc64-gnu': [ '4.61.1' ],
21 silly audit   '@rollup/rollup-linux-ppc64-musl': [ '4.61.1' ],
21 silly audit   '@rollup/rollup-linux-riscv64-gnu': [ '4.61.1' ],
21 silly audit   '@rollup/rollup-linux-riscv64-musl': [ '4.61.1' ],
21 silly audit   '@rollup/rollup-linux-s390x-gnu': [ '4.61.1' ],
21 silly audit   '@rollup/rollup-linux-x64-gnu': [ '4.61.1' ],
21 silly audit   '@rollup/rollup-linux-x64-musl': [ '4.61.1' ],
21 silly audit   '@rollup/rollup-openbsd-x64': [ '4.61.1' ],
21 silly audit   '@rollup/rollup-openharmony-arm64': [ '4.61.1' ],
21 silly audit   '@rollup/rollup-win32-arm64-msvc': [ '4.61.1' ],
21 silly audit   '@rollup/rollup-win32-ia32-msvc': [ '4.61.1' ],
21 silly audit   '@rollup/rollup-win32-x64-gnu': [ '4.61.1' ],
21 silly audit   '@rollup/rollup-win32-x64-msvc': [ '4.61.1' ],
21 silly audit   '@shikijs/core': [ '1.29.2' ],
21 silly audit   '@shikijs/engine-javascript': [ '1.29.2' ],
21 silly audit   '@shikijs/engine-oniguruma': [ '1.29.2' ],
21 silly audit   '@shikijs/langs': [ '1.29.2' ],
21 silly audit   '@shikijs/themes': [ '1.29.2' ],
21 silly audit   '@shikijs/types': [ '1.29.2' ],
21 silly audit   '@shikijs/vscode-textmate': [ '10.0.2' ],
21 silly audit   '@swc/helpers': [ '0.5.23' ],
21 silly audit   '@tanstack/react-virtual': [ '3.14.3' ],
21 silly audit   '@tanstack/virtual-core': [ '3.17.1' ],
21 silly audit   '@tootallnate/quickjs-emscripten': [ '0.23.0' ],
21 silly audit   '@types/babel__core': [ '7.20.5' ],
21 silly audit   '@types/babel__generator': [ '7.27.0' ],
21 silly audit   '@types/babel__template': [ '7.4.4' ],
21 silly audit   '@types/babel__traverse': [ '7.28.0' ],
21 silly audit   '@types/cookie': [ '0.6.0' ],
21 silly audit   '@types/d3': [ '7.4.3' ],
21 silly audit   '@types/d3-array': [ '3.2.2' ],
21 silly audit   '@types/d3-axis': [ '3.0.6' ],
21 silly audit   '@types/d3-brush': [ '3.0.6' ],
21 silly audit   '@types/d3-chord': [ '3.0.6' ],
21 silly audit   '@types/d3-color': [ '3.1.3' ],
21 silly audit   '@types/d3-contour': [ '3.0.6' ],
21 silly audit   '@types/d3-delaunay': [ '6.0.4' ],
21 silly audit   '@types/d3-dispatch': [ '3.0.7' ],
21 silly audit   '@types/d3-drag': [ '3.0.7' ],
21 silly audit   '@types/d3-dsv': [ '3.0.7' ],
21 silly audit   '@types/d3-ease': [ '3.0.2' ],
21 silly audit   '@types/d3-fetch': [ '3.0.7' ],
21 silly audit   '@types/d3-force': [ '3.0.10' ],
21 silly audit   '@types/d3-format': [ '3.0.4' ],
21 silly audit   '@types/d3-geo': [ '3.1.0' ],
21 silly audit   '@types/d3-hierarchy': [ '3.1.7' ],
21 silly audit   '@types/d3-interpolate': [ '3.0.4' ],
21 silly audit   '@types/d3-path': [ '3.1.1' ],
21 silly audit   '@types/d3-polygon': [ '3.0.2' ],
21 silly audit   '@types/d3-quadtree': [ '3.0.6' ],
21 silly audit   '@types/d3-random': [ '3.0.3' ],
21 silly audit   '@types/d3-scale': [ '4.0.9' ],
21 silly audit   '@types/d3-scale-chromatic': [ '3.1.0' ],
21 silly audit   '@types/d3-selection': [ '3.0.11' ],
21 silly audit   '@types/d3-shape': [ '3.1.8' ],
21 silly audit   '@types/d3-time': [ '3.0.4' ],
21 silly audit   '@types/d3-time-format': [ '4.0.3' ],
21 silly audit   '@types/d3-timer': [ '3.0.2' ],
21 silly audit   '@types/d3-transition': [ '3.0.9' ],
21 silly audit   '@types/d3-zoom': [ '3.0.8' ],
21 silly audit   '@types/debug': [ '4.1.13' ],
21 silly audit   '@types/estree': [ '1.0.9' ],
21 silly audit   '@types/estree-jsx': [ '1.0.5' ],
21 silly audit   '@types/geojson': [ '7946.0.16' ],
21 silly audit   '@types/hast': [ '3.0.4' ],
21 silly audit   '@types/katex': [ '0.16.8' ],
21 silly audit   '@types/mdast': [ '4.0.4' ],
21 silly audit   '@types/mdx': [ '2.0.14' ],
21 silly audit   '@types/ms': [ '2.1.0' ],
21 silly audit   '@types/nlcst': [ '2.0.3' ],
21 silly audit   '@types/node': [ '24.13.1', '17.0.45' ],
21 silly audit   '@types/sax': [ '1.2.7' ],
21 silly audit   '@types/trusted-types': [ '2.0.7' ],
21 silly audit   '@types/unist': [ '3.0.3', '2.0.11' ],
21 silly audit   '@types/yauzl': [ '2.10.3' ],
21 silly audit   '@ungap/structured-clone': [ '1.3.1' ],
21 silly audit   '@upsetjs/venn.js': [ '2.0.0' ],
21 silly audit   acorn: [ '8.16.0' ],
21 silly audit   'acorn-jsx': [ '5.3.2' ],
21 silly audit   'agent-base': [ '7.1.4' ],
21 silly audit   'ansi-align': [ '3.0.1' ],
21 silly audit   'ansi-regex': [ '5.0.1', '6.2.2' ],
21 silly audit   'emoji-regex': [ '8.0.0', '10.6.0' ],
21 silly audit   'string-width': [ '4.2.3', '8.2.1', '7.2.0' ],
21 silly audit   'strip-ansi': [ '6.0.1', '7.2.0' ],
21 silly audit   'ansi-escapes': [ '7.3.0' ],
21 silly audit   'ansi-styles': [ '6.2.3', '4.3.0' ],
21 silly audit   antlr4: [ '4.11.0' ],
21 silly audit   arg: [ '5.0.2' ],
21 silly audit   argparse: [ '2.0.1', '1.0.10' ],
21 silly audit   'aria-hidden': [ '1.2.6' ],
21 silly audit   'aria-query': [ '5.3.2' ],
21 silly audit   'array-iterate': [ '2.0.1' ],
21 silly audit   'ast-types': [ '0.13.4' ],
21 silly audit   astring: [ '1.9.0' ],
21 silly audit   astro: [ '4.16.19' ],
21 silly audit   'astro-expressive-code': [ '0.35.6' ],
21 silly audit   sharp: [ '0.33.5', '0.34.5' ],
21 silly audit   'axobject-query': [ '4.1.0' ],
21 silly audit   b4a: [ '1.8.1' ],
21 silly audit   bail: [ '2.0.2' ],
21 silly audit   'bare-events': [ '2.9.1' ],
21 silly audit   'bare-fs': [ '4.7.2' ],
21 silly audit   'bare-os': [ '3.9.1' ],
21 silly audit   'bare-path': [ '3.0.1' ],
21 silly audit   'bare-stream': [ '2.13.1' ],
21 silly audit   'bare-url': [ '2.4.5' ],
21 silly audit   'base-64': [ '1.0.0' ],
21 silly audit   'baseline-browser-mapping': [ '2.10.37' ],
21 silly audit   'basic-ftp': [ '5.3.1' ],
21 silly audit   'bcp-47': [ '2.1.0' ],
21 silly audit   'bcp-47-match': [ '2.0.3' ],
21 silly audit   'bidi-js': [ '1.0.3' ],
21 silly audit   boolbase: [ '1.0.0' ],
21 silly audit   boxen: [ '8.0.1' ],
21 silly audit   braces: [ '3.0.3' ],
21 silly audit   browserslist: [ '4.28.2' ],
21 silly audit   'buffer-crc32': [ '0.2.13' ],
21 silly audit   callsites: [ '3.1.0' ],
21 silly audit   camelcase: [ '8.0.0' ],
21 silly audit   'caniuse-lite': [ '1.0.30001799' ],
21 silly audit   ccount: [ '2.0.1' ],
21 silly audit   chalk: [ '5.6.2' ],
21 silly audit   'character-entities': [ '2.0.2' ],
21 silly audit   'character-entities-html4': [ '2.1.0' ],
21 silly audit   'character-entities-legacy': [ '3.0.0' ],
21 silly audit   'character-reference-invalid': [ '2.0.1' ],
21 silly audit   'chromium-bidi': [ '14.0.0' ],
21 silly audit   'ci-info': [ '4.4.0' ],
21 silly audit   'class-variance-authority': [ '0.7.1' ],
21 silly audit   'cli-boxes': [ '3.0.0' ],
21 silly audit   'cli-cursor': [ '5.0.0' ],
21 silly audit   'cli-spinners': [ '2.9.2' ],
21 silly audit   'cli-truncate': [ '5.2.0' ],
21 silly audit   cliui: [ '8.0.1' ],
21 silly audit   'wrap-ansi': [ '7.0.0', '9.0.2' ],
21 silly audit   clsx: [ '2.1.1' ],
21 silly audit   'collapse-white-space': [ '2.1.0' ],
21 silly audit   color: [ '4.2.3' ],
21 silly audit   'color-convert': [ '2.0.1' ],
21 silly audit   colorette: [ '2.0.20' ],
21 silly audit   'comma-separated-tokens': [ '2.0.3' ],
21 silly audit   'common-ancestor-path': [ '1.0.1' ],
21 silly audit   'convert-source-map': [ '2.0.0' ],
21 silly audit   cookie: [ '0.7.2' ],
21 silly audit   'cose-base': [ '1.0.3', '2.2.0' ],
21 silly audit   cosmiconfig: [ '9.0.2' ],
21 silly audit   'css-selector-parser': [ '3.3.0' ],
21 silly audit   'css-tree': [ '3.2.1' ],
21 silly audit   cssesc: [ '3.0.0' ],
21 silly audit   cytoscape: [ '3.34.0' ],
21 silly audit   'cytoscape-cose-bilkent': [ '4.1.0' ],
21 silly audit   'cytoscape-fcose': [ '2.2.0' ],
21 silly audit   'layout-base': [ '2.0.1', '1.0.2' ],
21 silly audit   d3: [ '7.9.0' ],
21 silly audit   'd3-array': [ '3.2.4', '2.12.1' ],
21 silly audit   'd3-axis': [ '3.0.0' ],
21 silly audit   'd3-brush': [ '3.0.0' ],
21 silly audit   'd3-chord': [ '3.0.1' ],
21 silly audit   'd3-color': [ '3.1.0' ],
21 silly audit   'd3-contour': [ '4.0.2' ],
21 silly audit   'd3-delaunay': [ '6.0.4' ],
21 silly audit   'd3-dispatch': [ '3.0.1' ],
21 silly audit   'd3-drag': [ '3.0.0' ],
21 silly audit   'd3-dsv': [ '3.0.1' ],
21 silly audit   'd3-ease': [ '3.0.1' ],
21 silly audit   'd3-fetch': [ '3.0.1' ],
21 silly audit   'd3-force': [ '3.0.0' ],
21 silly audit   'd3-format': [ '3.1.2' ],
21 silly audit   'd3-geo': [ '3.1.1' ],
21 silly audit   'd3-hierarchy': [ '3.1.2' ],
21 silly audit   'd3-interpolate': [ '3.0.1' ],
21 silly audit   'd3-path': [ '3.1.0', '1.0.9' ],
21 silly audit   'd3-polygon': [ '3.0.1' ],
21 silly audit   'd3-quadtree': [ '3.0.1' ],
21 silly audit   'd3-random': [ '3.0.1' ],
21 silly audit   'd3-sankey': [ '0.12.3' ],
21 silly audit   'd3-shape': [ '1.3.7', '3.2.0' ],
21 silly audit   internmap: [ '1.0.1', '2.0.3' ],
21 silly audit   'd3-scale': [ '4.0.2' ],
21 silly audit   'd3-scale-chromatic': [ '3.1.0' ],
21 silly audit   'd3-selection': [ '3.0.0' ],
21 silly audit   'd3-time': [ '3.1.0' ],
21 silly audit   'd3-time-format': [ '4.1.0' ],
21 silly audit   'd3-timer': [ '3.0.1' ],
21 silly audit   'd3-transition': [ '3.0.1' ],
21 silly audit   'd3-zoom': [ '3.0.0' ],
21 silly audit   'dagre-d3-es': [ '7.0.14' ],
21 silly audit   'data-uri-to-buffer': [ '6.0.2' ],
21 silly audit   'data-urls': [ '7.0.0' ],
21 silly audit   dayjs: [ '1.11.21' ],
21 silly audit   debug: [ '4.4.3' ],
21 silly audit   'decimal.js': [ '10.6.0' ],
21 silly audit   'decode-named-character-reference': [ '1.3.0' ],
21 silly audit   degenerator: [ '5.0.1' ],
21 silly audit   delaunator: [ '5.1.0' ],
21 silly audit   dequal: [ '2.0.3' ],
21 silly audit   'detect-libc': [ '2.1.2' ],
21 silly audit   'deterministic-object-hash': [ '2.0.2' ],
21 silly audit   devalue: [ '5.8.1' ],
21 silly audit   devlop: [ '1.1.0' ],
21 silly audit   'devtools-protocol': [ '0.0.1608973' ],
21 silly audit   diff: [ '5.2.2' ],
21 silly audit   direction: [ '2.0.1' ],
21 silly audit   dlv: [ '1.1.3' ],
21 silly audit   dompurify: [ '3.4.8' ],
21 silly audit   dotenv: [ '17.4.2' ],
21 silly audit   dset: [ '3.1.4' ],
21 silly audit   'electron-to-chromium': [ '1.5.373' ],
21 silly audit   elkjs: [ '0.9.3' ],
21 silly audit   'emoji-regex-xs': [ '1.0.0' ],
21 silly audit   'end-of-stream': [ '1.4.5' ],
21 silly audit   entities: [ '6.0.1', '8.0.0' ],
21 silly audit   'env-paths': [ '2.2.1' ],
21 silly audit   environment: [ '1.1.0' ],
21 silly audit   'error-ex': [ '1.3.4' ],
21 silly audit   'is-arrayish': [ '0.2.1', '0.3.4' ],
21 silly audit   'es-module-lexer': [ '1.7.0' ],
21 silly audit   'es-toolkit': [ '1.47.0' ],
21 silly audit   'esast-util-from-estree': [ '2.0.0' ],
21 silly audit   'esast-util-from-js': [ '2.0.1' ],
21 silly audit   esbuild: [ '0.21.5' ],
21 silly audit   escalade: [ '3.2.0' ],
21 silly audit   'escape-string-regexp': [ '5.0.0' ],
21 silly audit   escodegen: [ '2.1.0' ],
21 silly audit   'source-map': [ '0.6.1', '0.7.6' ],
21 silly audit   esprima: [ '4.0.1' ],
21 silly audit   estraverse: [ '5.3.0' ],
21 silly audit   'estree-util-attach-comments': [ '3.0.0' ],
21 silly audit   'estree-util-build-jsx': [ '3.0.1' ],
21 silly audit   'estree-util-is-identifier-name': [ '3.0.0' ],
21 silly audit   'estree-util-scope': [ '1.0.0' ],
21 silly audit   'estree-util-to-js': [ '2.0.0' ],
21 silly audit   'estree-util-visit': [ '2.0.0' ],
21 silly audit   esutils: [ '2.0.3' ],
21 silly audit   eventemitter3: [ '5.0.4' ],
21 silly audit   'events-universal': [ '1.0.1' ],
21 silly audit   'expressive-code': [ '0.35.6' ],
21 silly audit   extend: [ '3.0.2' ],
21 silly audit   'extend-shallow': [ '2.0.1' ],
21 silly audit   'extract-zip': [ '2.0.1' ],
21 silly audit   'fast-fifo': [ '1.3.2' ],
21 silly audit   'fast-glob': [ '3.3.3' ],
21 silly audit   fastq: [ '1.20.1' ],
21 silly audit   'fd-slicer': [ '1.1.0' ],
21 silly audit   'fill-range': [ '7.1.1' ],
21 silly audit   'find-up': [ '4.1.0' ],
21 silly audit   'find-up-simple': [ '1.0.1' ],
21 silly audit   'find-yarn-workspace-root2': [ '1.2.16' ],
21 silly audit   flattie: [ '1.1.1' ],
21 silly audit   fsevents: [ '2.3.3', '2.3.2' ],
21 silly audit   gensync: [ '1.0.0-beta.2' ],
21 silly audit   'get-caller-file': [ '2.0.5' ],
21 silly audit   'get-east-asian-width': [ '1.6.0' ],
21 silly audit   'get-stream': [ '5.2.0' ],
21 silly audit   'get-uri': [ '6.0.5' ],
21 silly audit   'github-slugger': [ '2.0.0' ],
21 silly audit   'glob-parent': [ '5.1.2' ],
21 silly audit   'graceful-fs': [ '4.2.11' ],
21 silly audit   'gray-matter': [ '4.0.3' ],
21 silly audit   'js-yaml': [ '3.14.2', '4.2.0' ],
21 silly audit   'hachure-fill': [ '0.5.2' ],
21 silly audit   'hast-util-embedded': [ '3.0.0' ],
21 silly audit   'hast-util-format': [ '1.1.0' ],
21 silly audit   'hast-util-from-dom': [ '5.0.1' ],
21 silly audit   'hast-util-from-html': [ '2.0.3' ],
21 silly audit   'hast-util-from-html-isomorphic': [ '2.0.0' ],
21 silly audit   'hast-util-from-parse5': [ '8.0.3' ],
21 silly audit   'hast-util-has-property': [ '3.0.0' ],
21 silly audit   'hast-util-is-body-ok-link': [ '3.0.1' ],
21 silly audit   'hast-util-is-element': [ '3.0.0' ],
21 silly audit   'hast-util-minify-whitespace': [ '1.0.1' ],
21 silly audit   'hast-util-parse-selector': [ '4.0.0' ],
21 silly audit   'hast-util-phrasing': [ '3.0.1' ],
21 silly audit   'hast-util-raw': [ '9.1.0' ],
21 silly audit   'hast-util-select': [ '6.0.4' ],
21 silly audit   'hast-util-to-estree': [ '3.1.3' ],
21 silly audit   'hast-util-to-html': [ '9.0.5' ],
21 silly audit   'hast-util-to-jsx-runtime': [ '2.3.6' ],
21 silly audit   'hast-util-to-parse5': [ '8.0.1' ],
21 silly audit   'hast-util-to-string': [ '3.0.1' ],
21 silly audit   'hast-util-to-text': [ '4.0.2' ],
21 silly audit   'hast-util-whitespace': [ '3.0.0' ],
21 silly audit   'property-information': [ '6.5.0', '7.2.0' ],
21 silly audit   'highlight.js': [ '11.11.1' ],
21 silly audit   'html-encoding-sniffer': [ '6.0.0' ],
21 silly audit   'html-escaper': [ '3.0.3' ],
21 silly audit   'html-to-image': [ '1.11.13' ],
21 silly audit   'html-void-elements': [ '3.0.0' ],
21 silly audit   'html-whitespace-sensitive-tag-names': [ '3.0.1' ],
21 silly audit   'http-cache-semantics': [ '4.2.0' ],
21 silly audit   'http-proxy-agent': [ '7.0.2' ],
21 silly audit   'https-proxy-agent': [ '7.0.6' ],
21 silly audit   husky: [ '9.1.7' ],
21 silly audit   'iconv-lite': [ '0.6.3' ],
21 silly audit   'import-fresh': [ '3.3.1' ],
21 silly audit   'import-meta-resolve': [ '4.2.0' ],
21 silly audit   'inline-style-parser': [ '0.2.7' ],
21 silly audit   'ip-address': [ '10.2.0' ],
21 silly audit   'is-alphabetical': [ '2.0.1' ],
21 silly audit   'is-alphanumerical': [ '2.0.1' ],
21 silly audit   'is-decimal': [ '2.0.1' ],
21 silly audit   'is-docker': [ '3.0.0' ],
21 silly audit   'is-extendable': [ '0.1.1' ],
21 silly audit   'is-extglob': [ '2.1.1' ],
21 silly audit   'is-fullwidth-code-point': [ '3.0.0', '5.1.0' ],
21 silly audit   'is-glob': [ '4.0.3' ],
21 silly audit   'is-hexadecimal': [ '2.0.1' ],
21 silly audit   'is-inside-container': [ '1.0.0' ],
21 silly audit   'is-interactive': [ '2.0.0' ],
21 silly audit   'is-number': [ '7.0.0' ],
21 silly audit   'is-plain-obj': [ '4.1.0' ],
21 silly audit   'is-potential-custom-element-name': [ '1.0.1' ],
21 silly audit   'is-unicode-supported': [ '2.1.0', '1.3.0' ],
21 silly audit   'is-wsl': [ '3.1.1' ],
21 silly audit   jotai: [ '2.20.1' ],
21 silly audit   'js-tokens': [ '4.0.0' ],
21 silly audit   jsdom: [ '29.1.1' ],
21 silly audit   'lru-cache': [ '11.5.1', '5.1.1', '7.18.3' ],
21 silly audit   parse5: [ '8.0.1', '7.3.0' ],
21 silly audit   jsesc: [ '3.1.0' ],
21 silly audit   'json-parse-even-better-errors': [ '2.3.1' ],
21 silly audit   json5: [ '2.2.3' ],
21 silly audit   katex: [ '0.16.47' ],
21 silly audit   khroma: [ '2.1.0' ],
21 silly audit   'kind-of': [ '6.0.3' ],
21 silly audit   kleur: [ '4.1.5', '3.0.3' ],
21 silly audit   'lines-and-columns': [ '1.2.4' ],
21 silly audit   'lint-staged': [ '16.4.0' ],
21 silly audit   listr2: [ '9.0.5' ],
21 silly audit   'load-yaml-file': [ '0.2.0' ],
21 silly audit   'locate-path': [ '5.0.0' ],
21 silly audit   'lodash-es': [ '4.18.1' ],
21 silly audit   'log-symbols': [ '6.0.0' ],
21 silly audit   'log-update': [ '6.1.0' ],
21 silly audit   'slice-ansi': [ '7.1.2', '8.0.0' ],
21 silly audit   'longest-streak': [ '3.1.0' ],
21 silly audit   'magic-string': [ '0.30.21' ],
21 silly audit   magicast: [ '0.3.5' ],
21 silly audit   'markdown-extensions': [ '2.0.0' ],
21 silly audit   'markdown-table': [ '3.0.4' ],
21 silly audit   'mdast-util-definitions': [ '6.0.0' ],
21 silly audit   'mdast-util-directive': [ '3.1.0' ],
21 silly audit   'mdast-util-find-and-replace': [ '3.0.2' ],
21 silly audit   'mdast-util-from-markdown': [ '2.0.3' ],
21 silly audit   'mdast-util-gfm': [ '3.1.0' ],
21 silly audit   'mdast-util-gfm-autolink-literal': [ '2.0.1' ],
21 silly audit   'mdast-util-gfm-footnote': [ '2.1.0' ],
21 silly audit   'mdast-util-gfm-strikethrough': [ '2.0.0' ],
21 silly audit   'mdast-util-gfm-table': [ '2.0.0' ],
21 silly audit   'mdast-util-gfm-task-list-item': [ '2.0.0' ],
21 silly audit   'mdast-util-math': [ '3.0.0' ],
21 silly audit   'mdast-util-mdx': [ '3.0.0' ],
21 silly audit   'mdast-util-mdx-expression': [ '2.0.1' ],
21 silly audit   'mdast-util-mdx-jsx': [ '3.2.0' ],
21 silly audit   'mdast-util-mdxjs-esm': [ '2.0.1' ],
21 silly audit   'mdast-util-phrasing': [ '4.1.0' ],
21 silly audit   'mdast-util-to-hast': [ '13.2.1' ],
21 silly audit   'mdast-util-to-markdown': [ '2.1.2' ],
21 silly audit   'mdast-util-to-string': [ '4.0.0' ],
21 silly audit   'mdn-data': [ '2.27.1' ],
21 silly audit   merge2: [ '1.4.1' ],
21 silly audit   mermaid: [ '11.15.0' ],
21 silly audit   'mermaid-isomorphic': [ '3.1.0' ],
21 silly audit   micromark: [ '4.0.2' ],
21 silly audit   'micromark-core-commonmark': [ '2.0.3' ],
21 silly audit   'micromark-extension-directive': [ '3.0.2' ],
21 silly audit   'micromark-extension-gfm': [ '3.0.0' ],
21 silly audit   'micromark-extension-gfm-autolink-literal': [ '2.1.0' ],
21 silly audit   'micromark-extension-gfm-footnote': [ '2.1.0' ],
21 silly audit   'micromark-extension-gfm-strikethrough': [ '2.1.0' ],
21 silly audit   'micromark-extension-gfm-table': [ '2.1.1' ],
21 silly audit   'micromark-extension-gfm-tagfilter': [ '2.0.0' ],
21 silly audit   'micromark-extension-gfm-task-list-item': [ '2.1.0' ],
21 silly audit   'micromark-extension-math': [ '3.1.0' ],
21 silly audit   'micromark-extension-mdx-expression': [ '3.0.1' ],
21 silly audit   'micromark-extension-mdx-jsx': [ '3.0.2' ],
21 silly audit   'micromark-extension-mdx-md': [ '2.0.0' ],
21 silly audit   'micromark-extension-mdxjs': [ '3.0.0' ],
21 silly audit   'micromark-extension-mdxjs-esm': [ '3.0.0' ],
21 silly audit   'micromark-factory-destination': [ '2.0.1' ],
21 silly audit   'micromark-factory-label': [ '2.0.1' ],
21 silly audit   'micromark-factory-mdx-expression': [ '2.0.3' ],
21 silly audit   'micromark-factory-space': [ '2.0.1' ],
21 silly audit   'micromark-factory-title': [ '2.0.1' ],
21 silly audit   'micromark-factory-whitespace': [ '2.0.1' ],
21 silly audit   'micromark-util-character': [ '2.1.1' ],
21 silly audit   'micromark-util-chunked': [ '2.0.1' ],
21 silly audit   'micromark-util-classify-character': [ '2.0.1' ],
21 silly audit   'micromark-util-combine-extensions': [ '2.0.1' ],
21 silly audit   'micromark-util-decode-numeric-character-reference': [ '2.0.2' ],
21 silly audit   'micromark-util-decode-string': [ '2.0.1' ],
21 silly audit   'micromark-util-encode': [ '2.0.1' ],
21 silly audit   'micromark-util-events-to-acorn': [ '2.0.3' ],
21 silly audit   'micromark-util-html-tag-name': [ '2.0.1' ],
21 silly audit   'micromark-util-normalize-identifier': [ '2.0.1' ],
21 silly audit   'micromark-util-resolve-all': [ '2.0.1' ],
21 silly audit   'micromark-util-sanitize-uri': [ '2.0.1' ],
21 silly audit   'micromark-util-subtokenize': [ '2.1.0' ],
21 silly audit   'micromark-util-symbol': [ '2.0.1' ],
21 silly audit   'micromark-util-types': [ '2.0.2' ],
21 silly audit   micromatch: [ '4.0.8' ],
21 silly audit   picomatch: [ '2.3.2', '4.0.4' ],
21 silly audit   'mimic-function': [ '5.0.1' ],
21 silly audit   'mini-svg-data-uri': [ '1.4.4' ],
21 silly audit   mitt: [ '3.0.1' ],
21 silly audit   mrmime: [ '2.0.1' ],
21 silly audit   ms: [ '2.1.3' ],
21 silly audit   nanoid: [ '3.3.12' ],
21 silly audit   neotraverse: [ '0.6.18' ],
21 silly audit   netmask: [ '2.1.1' ],
21 silly audit   'nlcst-to-string': [ '4.0.0' ],
21 silly audit   'node-releases': [ '2.0.47' ],
21 silly audit   'nth-check': [ '2.1.1' ],
21 silly audit   once: [ '1.4.0' ],
21 silly audit   onetime: [ '7.0.0' ],
21 silly audit   'oniguruma-to-es': [ '2.3.0' ],
21 silly audit   ora: [ '8.2.0' ],
21 silly audit   'p-limit': [ '6.2.0', '2.3.0' ],
21 silly audit   'p-locate': [ '4.1.0' ],
21 silly audit   'p-queue': [ '8.1.1' ],
21 silly audit   'p-timeout': [ '6.1.4' ],
21 silly audit   'p-try': [ '2.2.0' ],
21 silly audit   'pac-proxy-agent': [ '7.2.0' ],
21 silly audit   'pac-resolver': [ '7.0.1' ],
21 silly audit   'package-manager-detector': [ '1.6.0' ],
21 silly audit   pagefind: [ '1.5.2' ],
21 silly audit   'parent-module': [ '1.0.1' ],
21 silly audit   'parse-entities': [ '4.0.2' ],
21 silly audit   'parse-json': [ '5.2.0' ],
21 silly audit   'parse-latin': [ '7.0.0' ],
21 silly audit   'path-data-parser': [ '0.1.0' ],
21 silly audit   'path-exists': [ '4.0.0' ],
21 silly audit   pend: [ '1.2.0' ],
21 silly audit   picocolors: [ '1.1.1' ],
21 silly audit   pify: [ '4.0.1' ],
21 silly audit   'pkg-dir': [ '4.2.0' ],
21 silly audit   playwright: [ '1.60.0' ],
21 silly audit   'playwright-core': [ '1.60.0', '1.57.0' ],
21 silly audit   'points-on-curve': [ '0.2.0' ],
21 silly audit   'points-on-path': [ '0.2.1' ],
21 silly audit   postcss: [ '8.5.15' ],
21 silly audit   'postcss-nested': [ '6.2.0' ],
21 silly audit   'postcss-selector-parser': [ '6.1.4' ],
21 silly audit   'preferred-pm': [ '4.1.1' ],
21 silly audit   prismjs: [ '1.30.0' ],
21 silly audit   progress: [ '2.0.3' ],
21 silly audit   prompts: [ '2.4.2' ],
21 silly audit   'proxy-agent': [ '6.5.0' ],
21 silly audit   'proxy-from-env': [ '1.1.0' ],
21 silly audit   pump: [ '3.0.4' ],
21 silly audit   punycode: [ '2.3.1' ],
21 silly audit   puppeteer: [ '24.43.1' ],
21 silly audit   'puppeteer-core': [ '24.43.1' ],
21 silly audit   'queue-microtask': [ '1.2.3' ],
21 silly audit   react: [ '19.2.7' ],
21 silly audit   'react-aria': [ '3.49.0' ],
21 silly audit   'react-dom': [ '19.2.7' ],
21 silly audit   'react-stately': [ '3.47.0' ],
21 silly audit   'recma-build-jsx': [ '1.0.0' ],
21 silly audit   'recma-jsx': [ '1.0.1' ],
21 silly audit   'recma-parse': [ '1.0.0' ],
21 silly audit   'recma-stringify': [ '1.0.0' ],
21 silly audit   regex: [ '5.1.1' ],
21 silly audit   'regex-recursion': [ '5.1.1' ],
21 silly audit   'regex-utilities': [ '2.3.0' ],
21 silly audit   rehype: [ '13.0.2' ],
21 silly audit   'rehype-expressive-code': [ '0.35.6' ],
21 silly audit   'rehype-format': [ '5.0.1' ],
21 silly audit   'rehype-katex': [ '7.0.1' ],
21 silly audit   'rehype-mermaid': [ '3.0.0' ],
21 silly audit   'rehype-mermaid-lite': [ '1.1.0' ],
21 silly audit   'rehype-parse': [ '9.0.1' ],
21 silly audit   'rehype-raw': [ '7.0.0' ],
21 silly audit   'rehype-recma': [ '1.0.0' ],
21 silly audit   'rehype-stringify': [ '10.0.1' ],
21 silly audit   'remark-directive': [ '3.0.1' ],
21 silly audit   'remark-gfm': [ '4.0.1' ],
21 silly audit   'remark-math': [ '6.0.0' ],
21 silly audit   'remark-mdx': [ '3.1.1' ],
21 silly audit   'remark-parse': [ '11.0.0' ],
21 silly audit   'remark-rehype': [ '11.1.2' ],
21 silly audit   'remark-smartypants': [ '3.0.2' ],
21 silly audit   'remark-stringify': [ '11.0.0' ],
21 silly audit   'require-directory': [ '2.1.1' ],
21 silly audit   'require-from-string': [ '2.0.2' ],
21 silly audit   'resolve-from': [ '4.0.0' ],
21 silly audit   'restore-cursor': [ '5.1.0' ],
21 silly audit   retext: [ '9.0.0' ],
21 silly audit   'retext-latin': [ '4.0.0' ],
21 silly audit   'retext-smartypants': [ '6.2.0' ],
21 silly audit   'retext-stringify': [ '4.0.0' ],
21 silly audit   reusify: [ '1.1.0' ],
21 silly audit   rfdc: [ '1.4.1' ],
21 silly audit   'robust-predicates': [ '3.0.3' ],
21 silly audit   rollup: [ '4.61.1' ],
21 silly audit   roughjs: [ '4.6.6' ],
21 silly audit   'run-parallel': [ '1.2.0' ],
21 silly audit   rw: [ '1.3.3' ],
21 silly audit   'safer-buffer': [ '2.1.2' ],
21 silly audit   sax: [ '1.6.0' ],
21 silly audit   saxes: [ '6.0.0' ],
21 silly audit   scheduler: [ '0.27.0' ],
21 silly audit   'section-matter': [ '1.0.0' ],
21 silly audit   shiki: [ '1.29.2' ],
21 silly audit   'signal-exit': [ '4.1.0' ],
21 silly audit   'simple-swizzle': [ '0.2.4' ],
21 silly audit   sisteransi: [ '1.0.5' ],
21 silly audit   sitemap: [ '7.1.3' ],
21 silly audit   'smart-buffer': [ '4.2.0' ],
21 silly audit   socks: [ '2.8.9' ],
21 silly audit   'socks-proxy-agent': [ '8.0.5' ],
21 silly audit   'source-map-js': [ '1.2.1' ],
21 silly audit   'space-separated-tokens': [ '2.0.2' ],
21 silly audit   'sprintf-js': [ '1.0.3' ],
21 silly audit   'stdin-discarder': [ '0.2.2' ],
21 silly audit   'stream-replace-string': [ '2.0.0' ],
21 silly audit   streamx: [ '2.27.0' ],
21 silly audit   'string-argv': [ '0.3.2' ],
21 silly audit   'stringify-entities': [ '4.0.4' ],
21 silly audit   'strip-bom': [ '3.0.0' ],
21 silly audit   'strip-bom-string': [ '1.0.0' ],
21 silly audit   'style-to-js': [ '1.1.21' ],
21 silly audit   'style-to-object': [ '1.0.14' ],
21 silly audit   stylis: [ '4.4.0' ],
21 silly audit   'symbol-tree': [ '3.2.4' ],
21 silly audit   tabbable: [ '6.4.0' ],
21 silly audit   'tailwind-merge': [ '3.6.0' ],
21 silly audit   tailwindcss: [ '4.3.1' ],
21 silly audit   'tar-fs': [ '3.1.2' ],
21 silly audit   'tar-stream': [ '3.2.0' ],
21 silly audit   teex: [ '1.0.1' ],
21 silly audit   'text-decoder': [ '1.2.7' ],
21 silly audit   tldts: [ '7.4.3' ],
21 silly audit   'tldts-core': [ '7.4.3' ],
21 silly audit   'to-regex-range': [ '5.0.1' ],
21 silly audit   'tough-cookie': [ '6.0.1' ],
21 silly audit   tr46: [ '6.0.0' ],
21 silly audit   'trim-lines': [ '3.0.1' ],
21 silly audit   trough: [ '2.2.0' ],
21 silly audit   'ts-dedent': [ '2.2.0' ],
21 silly audit   tsconfck: [ '3.1.6' ],
21 silly audit   tslib: [ '2.8.1' ],
21 silly audit   'type-fest': [ '4.41.0' ],
21 silly audit   'typed-query-selector': [ '2.12.2' ],
21 silly audit   typescript: [ '5.9.3' ],
21 silly audit   undici: [ '7.28.0' ],
21 silly audit   'undici-types': [ '7.18.2' ],
21 silly audit   unified: [ '11.0.5' ],
21 silly audit   'unist-util-find-after': [ '5.0.0' ],
21 silly audit   'unist-util-is': [ '6.0.1' ],
21 silly audit   'unist-util-modify-children': [ '4.0.0' ],
21 silly audit   'unist-util-position': [ '5.0.0' ],
21 silly audit   'unist-util-position-from-estree': [ '2.0.0' ],
21 silly audit   'unist-util-remove-position': [ '5.0.0' ],
21 silly audit   'unist-util-stringify-position': [ '4.0.0' ],
21 silly audit   'unist-util-visit': [ '5.1.0' ],
21 silly audit   'unist-util-visit-children': [ '3.0.0' ],
21 silly audit   'unist-util-visit-parents': [ '6.0.2' ],
21 silly audit   'update-browserslist-db': [ '1.2.3' ],
21 silly audit   'use-sync-external-store': [ '1.6.0' ],
21 silly audit   'util-deprecate': [ '1.0.2' ],
21 silly audit   uuid: [ '14.0.0' ],
21 silly audit   vfile: [ '6.0.3' ],
21 silly audit   'vfile-location': [ '5.0.3' ],
21 silly audit   'vfile-message': [ '4.0.3' ],
21 silly audit   vite: [ '5.4.21' ],
21 silly audit   vitefu: [ '1.1.3' ],
21 silly audit   'w3c-xmlserializer': [ '5.0.0' ],
21 silly audit   'web-namespaces': [ '2.0.1' ],
21 silly audit   'webdriver-bidi-protocol': [ '0.4.1' ],
21 silly audit   'webidl-conversions': [ '8.0.1' ],
21 silly audit   'whatwg-mimetype': [ '5.0.0' ],
21 silly audit   'whatwg-url': [ '16.0.1' ],
21 silly audit   'which-pm': [ '3.0.1' ],
21 silly audit   'which-pm-runs': [ '1.1.0' ],
21 silly audit   'widest-line': [ '5.0.0' ],
21 silly audit   wrappy: [ '1.0.2' ],
21 silly audit   ws: [ '8.21.0' ],
21 silly audit   'xml-name-validator': [ '5.0.0' ],
21 silly audit   xmlchars: [ '2.2.0' ],
21 silly audit   'xxhash-wasm': [ '1.1.0' ],
21 silly audit   y18n: [ '5.0.8' ],
21 silly audit   yallist: [ '3.1.1' ],
21 silly audit   yaml: [ '2.9.0' ],
21 silly audit   yargs: [ '17.7.2' ],
21 silly audit   'yargs-parser': [ '21.1.1' ],
21 silly audit   yauzl: [ '2.10.0' ],
21 silly audit   'yocto-queue': [ '1.2.2' ],
21 silly audit   zod: [ '3.25.76' ],
21 silly audit   'zod-to-json-schema': [ '3.25.2' ],
21 silly audit   'zod-to-ts': [ '1.2.0' ],
21 silly audit   zwitch: [ '2.0.4' ]
21 silly audit }
22 verbose reify failed optional dependency C:\Users\ducli\Desktop\Antigravity\kythuatdulieu.github.io\node_modules\playwright\node_modules\fsevents
23 silly reify mark deleted [
23 silly reify   'C:\\Users\\ducli\\Desktop\\Antigravity\\kythuatdulieu.github.io\\node_modules\\playwright\\node_modules\\fsevents'
23 silly reify ]
24 verbose reify failed optional dependency C:\Users\ducli\Desktop\Antigravity\kythuatdulieu.github.io\node_modules\fsevents
25 silly reify mark deleted [
25 silly reify   'C:\\Users\\ducli\\Desktop\\Antigravity\\kythuatdulieu.github.io\\node_modules\\fsevents'
25 silly reify ]
26 verbose reify failed optional dependency C:\Users\ducli\Desktop\Antigravity\kythuatdulieu.github.io\node_modules\astro\node_modules\@img\sharp-win32-ia32
27 silly reify mark deleted [
27 silly reify   'C:\\Users\\ducli\\Desktop\\Antigravity\\kythuatdulieu.github.io\\node_modules\\astro\\node_modules\\@img\\sharp-win32-ia32'
27 silly reify ]
28 verbose reify failed optional dependency C:\Users\ducli\Desktop\Antigravity\kythuatdulieu.github.io\node_modules\astro\node_modules\@img\sharp-wasm32
29 silly reify mark deleted [
29 silly reify   'C:\\Users\\ducli\\Desktop\\Antigravity\\kythuatdulieu.github.io\\node_modules\\astro\\node_modules\\@img\\sharp-wasm32'
29 silly reify ]
30 verbose reify failed optional dependency C:\Users\ducli\Desktop\Antigravity\kythuatdulieu.github.io\node_modules\astro\node_modules\@img\sharp-linuxmusl-x64
31 silly reify mark deleted [
31 silly reify   'C:\\Users\\ducli\\Desktop\\Antigravity\\kythuatdulieu.github.io\\node_modules\\astro\\node_modules\\@img\\sharp-linuxmusl-x64'
31 silly reify ]
32 verbose reify failed optional dependency C:\Users\ducli\Desktop\Antigravity\kythuatdulieu.github.io\node_modules\astro\node_modules\@img\sharp-linuxmusl-arm64
33 silly reify mark deleted [
33 silly reify   'C:\\Users\\ducli\\Desktop\\Antigravity\\kythuatdulieu.github.io\\node_modules\\astro\\node_modules\\@img\\sharp-linuxmusl-arm64'
33 silly reify ]
34 verbose reify failed optional dependency C:\Users\ducli\Desktop\Antigravity\kythuatdulieu.github.io\node_modules\astro\node_modules\@img\sharp-linux-x64
35 silly reify mark deleted [
35 silly reify   'C:\\Users\\ducli\\Desktop\\Antigravity\\kythuatdulieu.github.io\\node_modules\\astro\\node_modules\\@img\\sharp-linux-x64'
35 silly reify ]
36 verbose reify failed optional dependency C:\Users\ducli\Desktop\Antigravity\kythuatdulieu.github.io\node_modules\astro\node_modules\@img\sharp-linux-s390x
37 silly reify mark deleted [
37 silly reify   'C:\\Users\\ducli\\Desktop\\Antigravity\\kythuatdulieu.github.io\\node_modules\\astro\\node_modules\\@img\\sharp-linux-s390x'
37 silly reify ]
38 verbose reify failed optional dependency C:\Users\ducli\Desktop\Antigravity\kythuatdulieu.github.io\node_modules\astro\node_modules\@img\sharp-linux-arm64
39 silly reify mark deleted [
39 silly reify   'C:\\Users\\ducli\\Desktop\\Antigravity\\kythuatdulieu.github.io\\node_modules\\astro\\node_modules\\@img\\sharp-linux-arm64'
39 silly reify ]
40 verbose reify failed optional dependency C:\Users\ducli\Desktop\Antigravity\kythuatdulieu.github.io\node_modules\astro\node_modules\@img\sharp-linux-arm
41 silly reify mark deleted [
41 silly reify   'C:\\Users\\ducli\\Desktop\\Antigravity\\kythuatdulieu.github.io\\node_modules\\astro\\node_modules\\@img\\sharp-linux-arm'
41 silly reify ]
42 verbose reify failed optional dependency C:\Users\ducli\Desktop\Antigravity\kythuatdulieu.github.io\node_modules\astro\node_modules\@img\sharp-libvips-linuxmusl-x64
43 silly reify mark deleted [
43 silly reify   'C:\\Users\\ducli\\Desktop\\Antigravity\\kythuatdulieu.github.io\\node_modules\\astro\\node_modules\\@img\\sharp-libvips-linuxmusl-x64'
43 silly reify ]
44 verbose reify failed optional dependency C:\Users\ducli\Desktop\Antigravity\kythuatdulieu.github.io\node_modules\astro\node_modules\@img\sharp-libvips-linuxmusl-arm64
45 silly reify mark deleted [
45 silly reify   'C:\\Users\\ducli\\Desktop\\Antigravity\\kythuatdulieu.github.io\\node_modules\\astro\\node_modules\\@img\\sharp-libvips-linuxmusl-arm64'
45 silly reify ]
46 verbose reify failed optional dependency C:\Users\ducli\Desktop\Antigravity\kythuatdulieu.github.io\node_modules\astro\node_modules\@img\sharp-libvips-linux-x64
47 silly reify mark deleted [
47 silly reify   'C:\\Users\\ducli\\Desktop\\Antigravity\\kythuatdulieu.github.io\\node_modules\\astro\\node_modules\\@img\\sharp-libvips-linux-x64'
47 silly reify ]
48 verbose reify failed optional dependency C:\Users\ducli\Desktop\Antigravity\kythuatdulieu.github.io\node_modules\astro\node_modules\@img\sharp-libvips-linux-s390x
49 silly reify mark deleted [
49 silly reify   'C:\\Users\\ducli\\Desktop\\Antigravity\\kythuatdulieu.github.io\\node_modules\\astro\\node_modules\\@img\\sharp-libvips-linux-s390x'
49 silly reify ]
50 verbose reify failed optional dependency C:\Users\ducli\Desktop\Antigravity\kythuatdulieu.github.io\node_modules\astro\node_modules\@img\sharp-libvips-linux-arm64
51 silly reify mark deleted [
51 silly reify   'C:\\Users\\ducli\\Desktop\\Antigravity\\kythuatdulieu.github.io\\node_modules\\astro\\node_modules\\@img\\sharp-libvips-linux-arm64'
51 silly reify ]
52 verbose reify failed optional dependency C:\Users\ducli\Desktop\Antigravity\kythuatdulieu.github.io\node_modules\astro\node_modules\@img\sharp-libvips-linux-arm
53 silly reify mark deleted [
53 silly reify   'C:\\Users\\ducli\\Desktop\\Antigravity\\kythuatdulieu.github.io\\node_modules\\astro\\node_modules\\@img\\sharp-libvips-linux-arm'
53 silly reify ]
54 verbose reify failed optional dependency C:\Users\ducli\Desktop\Antigravity\kythuatdulieu.github.io\node_modules\astro\node_modules\@img\sharp-libvips-darwin-x64
55 silly reify mark deleted [
55 silly reify   'C:\\Users\\ducli\\Desktop\\Antigravity\\kythuatdulieu.github.io\\node_modules\\astro\\node_modules\\@img\\sharp-libvips-darwin-x64'
55 silly reify ]
56 verbose reify failed optional dependency C:\Users\ducli\Desktop\Antigravity\kythuatdulieu.github.io\node_modules\astro\node_modules\@img\sharp-libvips-darwin-arm64
57 silly reify mark deleted [
57 silly reify   'C:\\Users\\ducli\\Desktop\\Antigravity\\kythuatdulieu.github.io\\node_modules\\astro\\node_modules\\@img\\sharp-libvips-darwin-arm64'
57 silly reify ]
58 verbose reify failed optional dependency C:\Users\ducli\Desktop\Antigravity\kythuatdulieu.github.io\node_modules\astro\node_modules\@img\sharp-darwin-x64
59 silly reify mark deleted [
59 silly reify   'C:\\Users\\ducli\\Desktop\\Antigravity\\kythuatdulieu.github.io\\node_modules\\astro\\node_modules\\@img\\sharp-darwin-x64'
59 silly reify ]
60 verbose reify failed optional dependency C:\Users\ducli\Desktop\Antigravity\kythuatdulieu.github.io\node_modules\astro\node_modules\@img\sharp-darwin-arm64
61 silly reify mark deleted [
61 silly reify   'C:\\Users\\ducli\\Desktop\\Antigravity\\kythuatdulieu.github.io\\node_modules\\astro\\node_modules\\@img\\sharp-darwin-arm64'
61 silly reify ]
62 verbose reify failed optional dependency C:\Users\ducli\Desktop\Antigravity\kythuatdulieu.github.io\node_modules\@rollup\rollup-win32-ia32-msvc
63 silly reify mark deleted [
63 silly reify   'C:\\Users\\ducli\\Desktop\\Antigravity\\kythuatdulieu.github.io\\node_modules\\@rollup\\rollup-win32-ia32-msvc'
63 silly reify ]
64 verbose reify failed optional dependency C:\Users\ducli\Desktop\Antigravity\kythuatdulieu.github.io\node_modules\@rollup\rollup-win32-arm64-msvc
65 silly reify mark deleted [
65 silly reify   'C:\\Users\\ducli\\Desktop\\Antigravity\\kythuatdulieu.github.io\\node_modules\\@rollup\\rollup-win32-arm64-msvc'
65 silly reify ]
66 verbose reify failed optional dependency C:\Users\ducli\Desktop\Antigravity\kythuatdulieu.github.io\node_modules\@rollup\rollup-openharmony-arm64
67 silly reify mark deleted [
67 silly reify   'C:\\Users\\ducli\\Desktop\\Antigravity\\kythuatdulieu.github.io\\node_modules\\@rollup\\rollup-openharmony-arm64'
67 silly reify ]
68 verbose reify failed optional dependency C:\Users\ducli\Desktop\Antigravity\kythuatdulieu.github.io\node_modules\@rollup\rollup-openbsd-x64
69 silly reify mark deleted [
69 silly reify   'C:\\Users\\ducli\\Desktop\\Antigravity\\kythuatdulieu.github.io\\node_modules\\@rollup\\rollup-openbsd-x64'
69 silly reify ]
70 verbose reify failed optional dependency C:\Users\ducli\Desktop\Antigravity\kythuatdulieu.github.io\node_modules\@rollup\rollup-linux-x64-musl
71 silly reify mark deleted [
71 silly reify   'C:\\Users\\ducli\\Desktop\\Antigravity\\kythuatdulieu.github.io\\node_modules\\@rollup\\rollup-linux-x64-musl'
71 silly reify ]
72 verbose reify failed optional dependency C:\Users\ducli\Desktop\Antigravity\kythuatdulieu.github.io\node_modules\@rollup\rollup-linux-x64-gnu
73 silly reify mark deleted [
73 silly reify   'C:\\Users\\ducli\\Desktop\\Antigravity\\kythuatdulieu.github.io\\node_modules\\@rollup\\rollup-linux-x64-gnu'
73 silly reify ]
74 verbose reify failed optional dependency C:\Users\ducli\Desktop\Antigravity\kythuatdulieu.github.io\node_modules\@rollup\rollup-linux-s390x-gnu
75 silly reify mark deleted [
75 silly reify   'C:\\Users\\ducli\\Desktop\\Antigravity\\kythuatdulieu.github.io\\node_modules\\@rollup\\rollup-linux-s390x-gnu'
75 silly reify ]
76 verbose reify failed optional dependency C:\Users\ducli\Desktop\Antigravity\kythuatdulieu.github.io\node_modules\@rollup\rollup-linux-riscv64-musl
77 silly reify mark deleted [
77 silly reify   'C:\\Users\\ducli\\Desktop\\Antigravity\\kythuatdulieu.github.io\\node_modules\\@rollup\\rollup-linux-riscv64-musl'
77 silly reify ]
78 verbose reify failed optional dependency C:\Users\ducli\Desktop\Antigravity\kythuatdulieu.github.io\node_modules\@rollup\rollup-linux-riscv64-gnu
79 silly reify mark deleted [
79 silly reify   'C:\\Users\\ducli\\Desktop\\Antigravity\\kythuatdulieu.github.io\\node_modules\\@rollup\\rollup-linux-riscv64-gnu'
79 silly reify ]
80 verbose reify failed optional dependency C:\Users\ducli\Desktop\Antigravity\kythuatdulieu.github.io\node_modules\@rollup\rollup-linux-ppc64-musl
81 silly reify mark deleted [
81 silly reify   'C:\\Users\\ducli\\Desktop\\Antigravity\\kythuatdulieu.github.io\\node_modules\\@rollup\\rollup-linux-ppc64-musl'
81 silly reify ]
82 verbose reify failed optional dependency C:\Users\ducli\Desktop\Antigravity\kythuatdulieu.github.io\node_modules\@rollup\rollup-linux-ppc64-gnu
83 silly reify mark deleted [
83 silly reify   'C:\\Users\\ducli\\Desktop\\Antigravity\\kythuatdulieu.github.io\\node_modules\\@rollup\\rollup-linux-ppc64-gnu'
83 silly reify ]
84 verbose reify failed optional dependency C:\Users\ducli\Desktop\Antigravity\kythuatdulieu.github.io\node_modules\@rollup\rollup-linux-loong64-musl
85 silly reify mark deleted [
85 silly reify   'C:\\Users\\ducli\\Desktop\\Antigravity\\kythuatdulieu.github.io\\node_modules\\@rollup\\rollup-linux-loong64-musl'
85 silly reify ]
86 verbose reify failed optional dependency C:\Users\ducli\Desktop\Antigravity\kythuatdulieu.github.io\node_modules\@rollup\rollup-linux-loong64-gnu
87 silly reify mark deleted [
87 silly reify   'C:\\Users\\ducli\\Desktop\\Antigravity\\kythuatdulieu.github.io\\node_modules\\@rollup\\rollup-linux-loong64-gnu'
87 silly reify ]
88 verbose reify failed optional dependency C:\Users\ducli\Desktop\Antigravity\kythuatdulieu.github.io\node_modules\@rollup\rollup-linux-arm64-musl
89 silly reify mark deleted [
89 silly reify   'C:\\Users\\ducli\\Desktop\\Antigravity\\kythuatdulieu.github.io\\node_modules\\@rollup\\rollup-linux-arm64-musl'
89 silly reify ]
90 verbose reify failed optional dependency C:\Users\ducli\Desktop\Antigravity\kythuatdulieu.github.io\node_modules\@rollup\rollup-linux-arm64-gnu
91 silly reify mark deleted [
91 silly reify   'C:\\Users\\ducli\\Desktop\\Antigravity\\kythuatdulieu.github.io\\node_modules\\@rollup\\rollup-linux-arm64-gnu'
91 silly reify ]
92 verbose reify failed optional dependency C:\Users\ducli\Desktop\Antigravity\kythuatdulieu.github.io\node_modules\@rollup\rollup-linux-arm-musleabihf
93 silly reify mark deleted [
93 silly reify   'C:\\Users\\ducli\\Desktop\\Antigravity\\kythuatdulieu.github.io\\node_modules\\@rollup\\rollup-linux-arm-musleabihf'
93 silly reify ]
94 verbose reify failed optional dependency C:\Users\ducli\Desktop\Antigravity\kythuatdulieu.github.io\node_modules\@rollup\rollup-linux-arm-gnueabihf
95 silly reify mark deleted [
95 silly reify   'C:\\Users\\ducli\\Desktop\\Antigravity\\kythuatdulieu.github.io\\node_modules\\@rollup\\rollup-linux-arm-gnueabihf'
95 silly reify ]
96 verbose reify failed optional dependency C:\Users\ducli\Desktop\Antigravity\kythuatdulieu.github.io\node_modules\@rollup\rollup-freebsd-x64
97 silly reify mark deleted [
97 silly reify   'C:\\Users\\ducli\\Desktop\\Antigravity\\kythuatdulieu.github.io\\node_modules\\@rollup\\rollup-freebsd-x64'
97 silly reify ]
98 verbose reify failed optional dependency C:\Users\ducli\Desktop\Antigravity\kythuatdulieu.github.io\node_modules\@rollup\rollup-freebsd-arm64
99 silly reify mark deleted [
99 silly reify   'C:\\Users\\ducli\\Desktop\\Antigravity\\kythuatdulieu.github.io\\node_modules\\@rollup\\rollup-freebsd-arm64'
99 silly reify ]
100 verbose reify failed optional dependency C:\Users\ducli\Desktop\Antigravity\kythuatdulieu.github.io\node_modules\@rollup\rollup-darwin-x64
101 silly reify mark deleted [
101 silly reify   'C:\\Users\\ducli\\Desktop\\Antigravity\\kythuatdulieu.github.io\\node_modules\\@rollup\\rollup-darwin-x64'
101 silly reify ]
102 verbose reify failed optional dependency C:\Users\ducli\Desktop\Antigravity\kythuatdulieu.github.io\node_modules\@rollup\rollup-darwin-arm64
103 silly reify mark deleted [
103 silly reify   'C:\\Users\\ducli\\Desktop\\Antigravity\\kythuatdulieu.github.io\\node_modules\\@rollup\\rollup-darwin-arm64'
103 silly reify ]
104 verbose reify failed optional dependency C:\Users\ducli\Desktop\Antigravity\kythuatdulieu.github.io\node_modules\@rollup\rollup-android-arm64
105 silly reify mark deleted [
105 silly reify   'C:\\Users\\ducli\\Desktop\\Antigravity\\kythuatdulieu.github.io\\node_modules\\@rollup\\rollup-android-arm64'
105 silly reify ]
106 verbose reify failed optional dependency C:\Users\ducli\Desktop\Antigravity\kythuatdulieu.github.io\node_modules\@rollup\rollup-android-arm-eabi
107 silly reify mark deleted [
107 silly reify   'C:\\Users\\ducli\\Desktop\\Antigravity\\kythuatdulieu.github.io\\node_modules\\@rollup\\rollup-android-arm-eabi'
107 silly reify ]
108 verbose reify failed optional dependency C:\Users\ducli\Desktop\Antigravity\kythuatdulieu.github.io\node_modules\@pagefind\windows-arm64
109 silly reify mark deleted [
109 silly reify   'C:\\Users\\ducli\\Desktop\\Antigravity\\kythuatdulieu.github.io\\node_modules\\@pagefind\\windows-arm64'
109 silly reify ]
110 verbose reify failed optional dependency C:\Users\ducli\Desktop\Antigravity\kythuatdulieu.github.io\node_modules\@pagefind\linux-x64
111 silly reify mark deleted [
111 silly reify   'C:\\Users\\ducli\\Desktop\\Antigravity\\kythuatdulieu.github.io\\node_modules\\@pagefind\\linux-x64'
111 silly reify ]
112 verbose reify failed optional dependency C:\Users\ducli\Desktop\Antigravity\kythuatdulieu.github.io\node_modules\@pagefind\linux-arm64
113 silly reify mark deleted [
113 silly reify   'C:\\Users\\ducli\\Desktop\\Antigravity\\kythuatdulieu.github.io\\node_modules\\@pagefind\\linux-arm64'
113 silly reify ]
114 verbose reify failed optional dependency C:\Users\ducli\Desktop\Antigravity\kythuatdulieu.github.io\node_modules\@pagefind\freebsd-x64
115 silly reify mark deleted [
115 silly reify   'C:\\Users\\ducli\\Desktop\\Antigravity\\kythuatdulieu.github.io\\node_modules\\@pagefind\\freebsd-x64'
115 silly reify ]
116 verbose reify failed optional dependency C:\Users\ducli\Desktop\Antigravity\kythuatdulieu.github.io\node_modules\@pagefind\darwin-x64
117 silly reify mark deleted [
117 silly reify   'C:\\Users\\ducli\\Desktop\\Antigravity\\kythuatdulieu.github.io\\node_modules\\@pagefind\\darwin-x64'
117 silly reify ]
118 verbose reify failed optional dependency C:\Users\ducli\Desktop\Antigravity\kythuatdulieu.github.io\node_modules\@pagefind\darwin-arm64
119 silly reify mark deleted [
119 silly reify   'C:\\Users\\ducli\\Desktop\\Antigravity\\kythuatdulieu.github.io\\node_modules\\@pagefind\\darwin-arm64'
119 silly reify ]
120 verbose reify failed optional dependency C:\Users\ducli\Desktop\Antigravity\kythuatdulieu.github.io\node_modules\@napi-rs\canvas-win32-arm64-msvc
121 silly reify mark deleted [
121 silly reify   'C:\\Users\\ducli\\Desktop\\Antigravity\\kythuatdulieu.github.io\\node_modules\\@napi-rs\\canvas-win32-arm64-msvc'
121 silly reify ]
122 verbose reify failed optional dependency C:\Users\ducli\Desktop\Antigravity\kythuatdulieu.github.io\node_modules\@napi-rs\canvas-linux-x64-musl
123 silly reify mark deleted [
123 silly reify   'C:\\Users\\ducli\\Desktop\\Antigravity\\kythuatdulieu.github.io\\node_modules\\@napi-rs\\canvas-linux-x64-musl'
123 silly reify ]
124 verbose reify failed optional dependency C:\Users\ducli\Desktop\Antigravity\kythuatdulieu.github.io\node_modules\@napi-rs\canvas-linux-x64-gnu
125 silly reify mark deleted [
125 silly reify   'C:\\Users\\ducli\\Desktop\\Antigravity\\kythuatdulieu.github.io\\node_modules\\@napi-rs\\canvas-linux-x64-gnu'
125 silly reify ]
126 verbose reify failed optional dependency C:\Users\ducli\Desktop\Antigravity\kythuatdulieu.github.io\node_modules\@napi-rs\canvas-linux-riscv64-gnu
127 silly reify mark deleted [
127 silly reify   'C:\\Users\\ducli\\Desktop\\Antigravity\\kythuatdulieu.github.io\\node_modules\\@napi-rs\\canvas-linux-riscv64-gnu'
127 silly reify ]
128 verbose reify failed optional dependency C:\Users\ducli\Desktop\Antigravity\kythuatdulieu.github.io\node_modules\@napi-rs\canvas-linux-arm64-musl
129 silly reify mark deleted [
129 silly reify   'C:\\Users\\ducli\\Desktop\\Antigravity\\kythuatdulieu.github.io\\node_modules\\@napi-rs\\canvas-linux-arm64-musl'
129 silly reify ]
130 verbose reify failed optional dependency C:\Users\ducli\Desktop\Antigravity\kythuatdulieu.github.io\node_modules\@napi-rs\canvas-linux-arm64-gnu
131 silly reify mark deleted [
131 silly reify   'C:\\Users\\ducli\\Desktop\\Antigravity\\kythuatdulieu.github.io\\node_modules\\@napi-rs\\canvas-linux-arm64-gnu'
131 silly reify ]
132 verbose reify failed optional dependency C:\Users\ducli\Desktop\Antigravity\kythuatdulieu.github.io\node_modules\@napi-rs\canvas-linux-arm-gnueabihf
133 silly reify mark deleted [
133 silly reify   'C:\\Users\\ducli\\Desktop\\Antigravity\\kythuatdulieu.github.io\\node_modules\\@napi-rs\\canvas-linux-arm-gnueabihf'
133 silly reify ]
134 verbose reify failed optional dependency C:\Users\ducli\Desktop\Antigravity\kythuatdulieu.github.io\node_modules\@napi-rs\canvas-darwin-x64
135 silly reify mark deleted [
135 silly reify   'C:\\Users\\ducli\\Desktop\\Antigravity\\kythuatdulieu.github.io\\node_modules\\@napi-rs\\canvas-darwin-x64'
135 silly reify ]
136 verbose reify failed optional dependency C:\Users\ducli\Desktop\Antigravity\kythuatdulieu.github.io\node_modules\@napi-rs\canvas-darwin-arm64
137 silly reify mark deleted [
137 silly reify   'C:\\Users\\ducli\\Desktop\\Antigravity\\kythuatdulieu.github.io\\node_modules\\@napi-rs\\canvas-darwin-arm64'
137 silly reify ]
138 verbose reify failed optional dependency C:\Users\ducli\Desktop\Antigravity\kythuatdulieu.github.io\node_modules\@napi-rs\canvas-android-arm64
139 silly reify mark deleted [
139 silly reify   'C:\\Users\\ducli\\Desktop\\Antigravity\\kythuatdulieu.github.io\\node_modules\\@napi-rs\\canvas-android-arm64'
139 silly reify ]
140 verbose reify failed optional dependency C:\Users\ducli\Desktop\Antigravity\kythuatdulieu.github.io\node_modules\@img\sharp-win32-ia32
141 silly reify mark deleted [
141 silly reify   'C:\\Users\\ducli\\Desktop\\Antigravity\\kythuatdulieu.github.io\\node_modules\\@img\\sharp-win32-ia32'
141 silly reify ]
142 verbose reify failed optional dependency C:\Users\ducli\Desktop\Antigravity\kythuatdulieu.github.io\node_modules\@img\sharp-win32-arm64
143 silly reify mark deleted [
143 silly reify   'C:\\Users\\ducli\\Desktop\\Antigravity\\kythuatdulieu.github.io\\node_modules\\@img\\sharp-win32-arm64'
143 silly reify ]
144 verbose reify failed optional dependency C:\Users\ducli\Desktop\Antigravity\kythuatdulieu.github.io\node_modules\@img\sharp-wasm32
145 silly reify mark deleted [
145 silly reify   'C:\\Users\\ducli\\Desktop\\Antigravity\\kythuatdulieu.github.io\\node_modules\\@img\\sharp-wasm32'
145 silly reify ]
146 verbose reify failed optional dependency C:\Users\ducli\Desktop\Antigravity\kythuatdulieu.github.io\node_modules\@img\sharp-linuxmusl-x64
147 silly reify mark deleted [
147 silly reify   'C:\\Users\\ducli\\Desktop\\Antigravity\\kythuatdulieu.github.io\\node_modules\\@img\\sharp-linuxmusl-x64'
147 silly reify ]
148 verbose reify failed optional dependency C:\Users\ducli\Desktop\Antigravity\kythuatdulieu.github.io\node_modules\@img\sharp-linuxmusl-arm64
149 silly reify mark deleted [
149 silly reify   'C:\\Users\\ducli\\Desktop\\Antigravity\\kythuatdulieu.github.io\\node_modules\\@img\\sharp-linuxmusl-arm64'
149 silly reify ]
150 verbose reify failed optional dependency C:\Users\ducli\Desktop\Antigravity\kythuatdulieu.github.io\node_modules\@img\sharp-linux-x64
151 silly reify mark deleted [
151 silly reify   'C:\\Users\\ducli\\Desktop\\Antigravity\\kythuatdulieu.github.io\\node_modules\\@img\\sharp-linux-x64'
151 silly reify ]
152 verbose reify failed optional dependency C:\Users\ducli\Desktop\Antigravity\kythuatdulieu.github.io\node_modules\@img\sharp-linux-s390x
153 silly reify mark deleted [
153 silly reify   'C:\\Users\\ducli\\Desktop\\Antigravity\\kythuatdulieu.github.io\\node_modules\\@img\\sharp-linux-s390x'
153 silly reify ]
154 verbose reify failed optional dependency C:\Users\ducli\Desktop\Antigravity\kythuatdulieu.github.io\node_modules\@img\sharp-linux-riscv64
155 silly reify mark deleted [
155 silly reify   'C:\\Users\\ducli\\Desktop\\Antigravity\\kythuatdulieu.github.io\\node_modules\\@img\\sharp-linux-riscv64'
155 silly reify ]
156 verbose reify failed optional dependency C:\Users\ducli\Desktop\Antigravity\kythuatdulieu.github.io\node_modules\@img\sharp-linux-ppc64
157 silly reify mark deleted [
157 silly reify   'C:\\Users\\ducli\\Desktop\\Antigravity\\kythuatdulieu.github.io\\node_modules\\@img\\sharp-linux-ppc64'
157 silly reify ]
158 verbose reify failed optional dependency C:\Users\ducli\Desktop\Antigravity\kythuatdulieu.github.io\node_modules\@img\sharp-linux-arm64
159 silly reify mark deleted [
159 silly reify   'C:\\Users\\ducli\\Desktop\\Antigravity\\kythuatdulieu.github.io\\node_modules\\@img\\sharp-linux-arm64'
159 silly reify ]
160 verbose reify failed optional dependency C:\Users\ducli\Desktop\Antigravity\kythuatdulieu.github.io\node_modules\@img\sharp-linux-arm
161 silly reify mark deleted [
161 silly reify   'C:\\Users\\ducli\\Desktop\\Antigravity\\kythuatdulieu.github.io\\node_modules\\@img\\sharp-linux-arm'
161 silly reify ]
162 verbose reify failed optional dependency C:\Users\ducli\Desktop\Antigravity\kythuatdulieu.github.io\node_modules\@img\sharp-libvips-linuxmusl-x64
163 silly reify mark deleted [
163 silly reify   'C:\\Users\\ducli\\Desktop\\Antigravity\\kythuatdulieu.github.io\\node_modules\\@img\\sharp-libvips-linuxmusl-x64'
163 silly reify ]
164 verbose reify failed optional dependency C:\Users\ducli\Desktop\Antigravity\kythuatdulieu.github.io\node_modules\@img\sharp-libvips-linuxmusl-arm64
165 silly reify mark deleted [
165 silly reify   'C:\\Users\\ducli\\Desktop\\Antigravity\\kythuatdulieu.github.io\\node_modules\\@img\\sharp-libvips-linuxmusl-arm64'
165 silly reify ]
166 verbose reify failed optional dependency C:\Users\ducli\Desktop\Antigravity\kythuatdulieu.github.io\node_modules\@img\sharp-libvips-linux-x64
167 silly reify mark deleted [
167 silly reify   'C:\\Users\\ducli\\Desktop\\Antigravity\\kythuatdulieu.github.io\\node_modules\\@img\\sharp-libvips-linux-x64'
167 silly reify ]
168 verbose reify failed optional dependency C:\Users\ducli\Desktop\Antigravity\kythuatdulieu.github.io\node_modules\@img\sharp-libvips-linux-s390x
169 silly reify mark deleted [
169 silly reify   'C:\\Users\\ducli\\Desktop\\Antigravity\\kythuatdulieu.github.io\\node_modules\\@img\\sharp-libvips-linux-s390x'
169 silly reify ]
170 verbose reify failed optional dependency C:\Users\ducli\Desktop\Antigravity\kythuatdulieu.github.io\node_modules\@img\sharp-libvips-linux-riscv64
171 silly reify mark deleted [
171 silly reify   'C:\\Users\\ducli\\Desktop\\Antigravity\\kythuatdulieu.github.io\\node_modules\\@img\\sharp-libvips-linux-riscv64'
171 silly reify ]
172 verbose reify failed optional dependency C:\Users\ducli\Desktop\Antigravity\kythuatdulieu.github.io\node_modules\@img\sharp-libvips-linux-ppc64
173 silly reify mark deleted [
173 silly reify   'C:\\Users\\ducli\\Desktop\\Antigravity\\kythuatdulieu.github.io\\node_modules\\@img\\sharp-libvips-linux-ppc64'
173 silly reify ]
174 verbose reify failed optional dependency C:\Users\ducli\Desktop\Antigravity\kythuatdulieu.github.io\node_modules\@img\sharp-libvips-linux-arm64
175 silly reify mark deleted [
175 silly reify   'C:\\Users\\ducli\\Desktop\\Antigravity\\kythuatdulieu.github.io\\node_modules\\@img\\sharp-libvips-linux-arm64'
175 silly reify ]
176 verbose reify failed optional dependency C:\Users\ducli\Desktop\Antigravity\kythuatdulieu.github.io\node_modules\@img\sharp-libvips-linux-arm
177 silly reify mark deleted [
177 silly reify   'C:\\Users\\ducli\\Desktop\\Antigravity\\kythuatdulieu.github.io\\node_modules\\@img\\sharp-libvips-linux-arm'
177 silly reify ]
178 verbose reify failed optional dependency C:\Users\ducli\Desktop\Antigravity\kythuatdulieu.github.io\node_modules\@img\sharp-libvips-darwin-x64
179 silly reify mark deleted [
179 silly reify   'C:\\Users\\ducli\\Desktop\\Antigravity\\kythuatdulieu.github.io\\node_modules\\@img\\sharp-libvips-darwin-x64'
179 silly reify ]
180 verbose reify failed optional dependency C:\Users\ducli\Desktop\Antigravity\kythuatdulieu.github.io\node_modules\@img\sharp-libvips-darwin-arm64
181 silly reify mark deleted [
181 silly reify   'C:\\Users\\ducli\\Desktop\\Antigravity\\kythuatdulieu.github.io\\node_modules\\@img\\sharp-libvips-darwin-arm64'
181 silly reify ]
182 verbose reify failed optional dependency C:\Users\ducli\Desktop\Antigravity\kythuatdulieu.github.io\node_modules\@img\sharp-darwin-x64
183 silly reify mark deleted [
183 silly reify   'C:\\Users\\ducli\\Desktop\\Antigravity\\kythuatdulieu.github.io\\node_modules\\@img\\sharp-darwin-x64'
183 silly reify ]
184 verbose reify failed optional dependency C:\Users\ducli\Desktop\Antigravity\kythuatdulieu.github.io\node_modules\@img\sharp-darwin-arm64
185 silly reify mark deleted [
185 silly reify   'C:\\Users\\ducli\\Desktop\\Antigravity\\kythuatdulieu.github.io\\node_modules\\@img\\sharp-darwin-arm64'
185 silly reify ]
186 verbose reify failed optional dependency C:\Users\ducli\Desktop\Antigravity\kythuatdulieu.github.io\node_modules\@esbuild\win32-ia32
187 silly reify mark deleted [
187 silly reify   'C:\\Users\\ducli\\Desktop\\Antigravity\\kythuatdulieu.github.io\\node_modules\\@esbuild\\win32-ia32'
187 silly reify ]
188 verbose reify failed optional dependency C:\Users\ducli\Desktop\Antigravity\kythuatdulieu.github.io\node_modules\@esbuild\win32-arm64
189 silly reify mark deleted [
189 silly reify   'C:\\Users\\ducli\\Desktop\\Antigravity\\kythuatdulieu.github.io\\node_modules\\@esbuild\\win32-arm64'
189 silly reify ]
190 verbose reify failed optional dependency C:\Users\ducli\Desktop\Antigravity\kythuatdulieu.github.io\node_modules\@esbuild\sunos-x64
191 silly reify mark deleted [
191 silly reify   'C:\\Users\\ducli\\Desktop\\Antigravity\\kythuatdulieu.github.io\\node_modules\\@esbuild\\sunos-x64'
191 silly reify ]
192 verbose reify failed optional dependency C:\Users\ducli\Desktop\Antigravity\kythuatdulieu.github.io\node_modules\@esbuild\openbsd-x64
193 silly reify mark deleted [
193 silly reify   'C:\\Users\\ducli\\Desktop\\Antigravity\\kythuatdulieu.github.io\\node_modules\\@esbuild\\openbsd-x64'
193 silly reify ]
194 verbose reify failed optional dependency C:\Users\ducli\Desktop\Antigravity\kythuatdulieu.github.io\node_modules\@esbuild\netbsd-x64
195 silly reify mark deleted [
195 silly reify   'C:\\Users\\ducli\\Desktop\\Antigravity\\kythuatdulieu.github.io\\node_modules\\@esbuild\\netbsd-x64'
195 silly reify ]
196 verbose reify failed optional dependency C:\Users\ducli\Desktop\Antigravity\kythuatdulieu.github.io\node_modules\@esbuild\linux-x64
197 silly reify mark deleted [
197 silly reify   'C:\\Users\\ducli\\Desktop\\Antigravity\\kythuatdulieu.github.io\\node_modules\\@esbuild\\linux-x64'
197 silly reify ]
198 verbose reify failed optional dependency C:\Users\ducli\Desktop\Antigravity\kythuatdulieu.github.io\node_modules\@esbuild\linux-s390x
199 silly reify mark deleted [
199 silly reify   'C:\\Users\\ducli\\Desktop\\Antigravity\\kythuatdulieu.github.io\\node_modules\\@esbuild\\linux-s390x'
199 silly reify ]
200 verbose reify failed optional dependency C:\Users\ducli\Desktop\Antigravity\kythuatdulieu.github.io\node_modules\@esbuild\linux-riscv64
201 silly reify mark deleted [
201 silly reify   'C:\\Users\\ducli\\Desktop\\Antigravity\\kythuatdulieu.github.io\\node_modules\\@esbuild\\linux-riscv64'
201 silly reify ]
202 verbose reify failed optional dependency C:\Users\ducli\Desktop\Antigravity\kythuatdulieu.github.io\node_modules\@esbuild\linux-ppc64
203 silly reify mark deleted [
203 silly reify   'C:\\Users\\ducli\\Desktop\\Antigravity\\kythuatdulieu.github.io\\node_modules\\@esbuild\\linux-ppc64'
203 silly reify ]
204 verbose reify failed optional dependency C:\Users\ducli\Desktop\Antigravity\kythuatdulieu.github.io\node_modules\@esbuild\linux-mips64el
205 silly reify mark deleted [
205 silly reify   'C:\\Users\\ducli\\Desktop\\Antigravity\\kythuatdulieu.github.io\\node_modules\\@esbuild\\linux-mips64el'
205 silly reify ]
206 verbose reify failed optional dependency C:\Users\ducli\Desktop\Antigravity\kythuatdulieu.github.io\node_modules\@esbuild\linux-loong64
207 silly reify mark deleted [
207 silly reify   'C:\\Users\\ducli\\Desktop\\Antigravity\\kythuatdulieu.github.io\\node_modules\\@esbuild\\linux-loong64'
207 silly reify ]
208 verbose reify failed optional dependency C:\Users\ducli\Desktop\Antigravity\kythuatdulieu.github.io\node_modules\@esbuild\linux-ia32
209 silly reify mark deleted [
209 silly reify   'C:\\Users\\ducli\\Desktop\\Antigravity\\kythuatdulieu.github.io\\node_modules\\@esbuild\\linux-ia32'
209 silly reify ]
210 verbose reify failed optional dependency C:\Users\ducli\Desktop\Antigravity\kythuatdulieu.github.io\node_modules\@esbuild\linux-arm64
211 silly reify mark deleted [
211 silly reify   'C:\\Users\\ducli\\Desktop\\Antigravity\\kythuatdulieu.github.io\\node_modules\\@esbuild\\linux-arm64'
211 silly reify ]
212 verbose reify failed optional dependency C:\Users\ducli\Desktop\Antigravity\kythuatdulieu.github.io\node_modules\@esbuild\linux-arm
213 silly reify mark deleted [
213 silly reify   'C:\\Users\\ducli\\Desktop\\Antigravity\\kythuatdulieu.github.io\\node_modules\\@esbuild\\linux-arm'
213 silly reify ]
214 verbose reify failed optional dependency C:\Users\ducli\Desktop\Antigravity\kythuatdulieu.github.io\node_modules\@esbuild\freebsd-x64
215 silly reify mark deleted [
215 silly reify   'C:\\Users\\ducli\\Desktop\\Antigravity\\kythuatdulieu.github.io\\node_modules\\@esbuild\\freebsd-x64'
215 silly reify ]
216 verbose reify failed optional dependency C:\Users\ducli\Desktop\Antigravity\kythuatdulieu.github.io\node_modules\@esbuild\freebsd-arm64
217 silly reify mark deleted [
217 silly reify   'C:\\Users\\ducli\\Desktop\\Antigravity\\kythuatdulieu.github.io\\node_modules\\@esbuild\\freebsd-arm64'
217 silly reify ]
218 verbose reify failed optional dependency C:\Users\ducli\Desktop\Antigravity\kythuatdulieu.github.io\node_modules\@esbuild\darwin-x64
219 silly reify mark deleted [
219 silly reify   'C:\\Users\\ducli\\Desktop\\Antigravity\\kythuatdulieu.github.io\\node_modules\\@esbuild\\darwin-x64'
219 silly reify ]
220 verbose reify failed optional dependency C:\Users\ducli\Desktop\Antigravity\kythuatdulieu.github.io\node_modules\@esbuild\darwin-arm64
221 silly reify mark deleted [
221 silly reify   'C:\\Users\\ducli\\Desktop\\Antigravity\\kythuatdulieu.github.io\\node_modules\\@esbuild\\darwin-arm64'
221 silly reify ]
222 verbose reify failed optional dependency C:\Users\ducli\Desktop\Antigravity\kythuatdulieu.github.io\node_modules\@esbuild\android-x64
223 silly reify mark deleted [
223 silly reify   'C:\\Users\\ducli\\Desktop\\Antigravity\\kythuatdulieu.github.io\\node_modules\\@esbuild\\android-x64'
223 silly reify ]
224 verbose reify failed optional dependency C:\Users\ducli\Desktop\Antigravity\kythuatdulieu.github.io\node_modules\@esbuild\android-arm64
225 silly reify mark deleted [
225 silly reify   'C:\\Users\\ducli\\Desktop\\Antigravity\\kythuatdulieu.github.io\\node_modules\\@esbuild\\android-arm64'
225 silly reify ]
226 verbose reify failed optional dependency C:\Users\ducli\Desktop\Antigravity\kythuatdulieu.github.io\node_modules\@esbuild\android-arm
227 silly reify mark deleted [
227 silly reify   'C:\\Users\\ducli\\Desktop\\Antigravity\\kythuatdulieu.github.io\\node_modules\\@esbuild\\android-arm'
227 silly reify ]
228 verbose reify failed optional dependency C:\Users\ducli\Desktop\Antigravity\kythuatdulieu.github.io\node_modules\@esbuild\aix-ppc64
229 silly reify mark deleted [
229 silly reify   'C:\\Users\\ducli\\Desktop\\Antigravity\\kythuatdulieu.github.io\\node_modules\\@esbuild\\aix-ppc64'
229 silly reify ]
230 http cache zwitch@https://registry.npmjs.org/zwitch/-/zwitch-2.0.4.tgz 1ms (cache hit)
231 http cache zod-to-json-schema@https://registry.npmjs.org/zod-to-json-schema/-/zod-to-json-schema-3.25.2.tgz 0ms (cache hit)
232 http cache zod-to-ts@https://registry.npmjs.org/zod-to-ts/-/zod-to-ts-1.2.0.tgz 0ms (cache hit)
233 http cache zod@https://registry.npmjs.org/zod/-/zod-3.25.76.tgz 0ms (cache hit)
234 http cache yauzl@https://registry.npmjs.org/yauzl/-/yauzl-2.10.0.tgz 0ms (cache hit)
235 http cache yocto-queue@https://registry.npmjs.org/yocto-queue/-/yocto-queue-1.2.2.tgz 0ms (cache hit)
236 http cache yargs-parser@https://registry.npmjs.org/yargs-parser/-/yargs-parser-21.1.1.tgz 0ms (cache hit)
237 http cache yargs@https://registry.npmjs.org/yargs/-/yargs-17.7.2.tgz 0ms (cache hit)
238 http cache yaml@https://registry.npmjs.org/yaml/-/yaml-2.9.0.tgz 0ms (cache hit)
239 http cache yallist@https://registry.npmjs.org/yallist/-/yallist-3.1.1.tgz 0ms (cache hit)
240 http cache ws@https://registry.npmjs.org/ws/-/ws-8.21.0.tgz 0ms (cache hit)
241 http cache xmlchars@https://registry.npmjs.org/xmlchars/-/xmlchars-2.2.0.tgz 0ms (cache hit)
242 http cache y18n@https://registry.npmjs.org/y18n/-/y18n-5.0.8.tgz 0ms (cache hit)
243 http cache wrappy@https://registry.npmjs.org/wrappy/-/wrappy-1.0.2.tgz 0ms (cache hit)
244 http cache xxhash-wasm@https://registry.npmjs.org/xxhash-wasm/-/xxhash-wasm-1.1.0.tgz 0ms (cache hit)
245 http cache widest-line@https://registry.npmjs.org/widest-line/-/widest-line-5.0.0.tgz 0ms (cache hit)
246 http cache wrap-ansi@https://registry.npmjs.org/wrap-ansi/-/wrap-ansi-9.0.2.tgz 0ms (cache hit)
247 http cache which-pm-runs@https://registry.npmjs.org/which-pm-runs/-/which-pm-runs-1.1.0.tgz 0ms (cache hit)
248 http cache which-pm@https://registry.npmjs.org/which-pm/-/which-pm-3.0.1.tgz 0ms (cache hit)
249 http cache whatwg-mimetype@https://registry.npmjs.org/whatwg-mimetype/-/whatwg-mimetype-5.0.0.tgz 0ms (cache hit)
250 http cache webidl-conversions@https://registry.npmjs.org/webidl-conversions/-/webidl-conversions-8.0.1.tgz 0ms (cache hit)
251 http cache whatwg-url@https://registry.npmjs.org/whatwg-url/-/whatwg-url-16.0.1.tgz 0ms (cache hit)
252 http cache web-namespaces@https://registry.npmjs.org/web-namespaces/-/web-namespaces-2.0.1.tgz 0ms (cache hit)
253 http cache webdriver-bidi-protocol@https://registry.npmjs.org/webdriver-bidi-protocol/-/webdriver-bidi-protocol-0.4.1.tgz 0ms (cache hit)
254 http cache w3c-xmlserializer@https://registry.npmjs.org/w3c-xmlserializer/-/w3c-xmlserializer-5.0.0.tgz 0ms (cache hit)
255 http cache xml-name-validator@https://registry.npmjs.org/xml-name-validator/-/xml-name-validator-5.0.0.tgz 0ms (cache hit)
256 http cache vitefu@https://registry.npmjs.org/vitefu/-/vitefu-1.1.3.tgz 0ms (cache hit)
257 http cache vite@https://registry.npmjs.org/vite/-/vite-5.4.21.tgz 0ms (cache hit)
258 http cache vfile-message@https://registry.npmjs.org/vfile-message/-/vfile-message-4.0.3.tgz 0ms (cache hit)
259 http cache vfile-location@https://registry.npmjs.org/vfile-location/-/vfile-location-5.0.3.tgz 0ms (cache hit)
260 http cache uuid@https://registry.npmjs.org/uuid/-/uuid-14.0.0.tgz 0ms (cache hit)
261 http cache util-deprecate@https://registry.npmjs.org/util-deprecate/-/util-deprecate-1.0.2.tgz 0ms (cache hit)
262 http cache vfile@https://registry.npmjs.org/vfile/-/vfile-6.0.3.tgz 0ms (cache hit)
263 http cache use-sync-external-store@https://registry.npmjs.org/use-sync-external-store/-/use-sync-external-store-1.6.0.tgz 0ms (cache hit)
264 http cache update-browserslist-db@https://registry.npmjs.org/update-browserslist-db/-/update-browserslist-db-1.2.3.tgz 0ms (cache hit)
265 http cache unist-util-visit-parents@https://registry.npmjs.org/unist-util-visit-parents/-/unist-util-visit-parents-6.0.2.tgz 0ms (cache hit)
266 http cache unist-util-visit-children@https://registry.npmjs.org/unist-util-visit-children/-/unist-util-visit-children-3.0.0.tgz 0ms (cache hit)
267 http cache unist-util-visit@https://registry.npmjs.org/unist-util-visit/-/unist-util-visit-5.1.0.tgz 0ms (cache hit)
268 http cache unist-util-remove-position@https://registry.npmjs.org/unist-util-remove-position/-/unist-util-remove-position-5.0.0.tgz 0ms (cache hit)
269 http cache unist-util-position@https://registry.npmjs.org/unist-util-position/-/unist-util-position-5.0.0.tgz 0ms (cache hit)
270 http cache unist-util-stringify-position@https://registry.npmjs.org/unist-util-stringify-position/-/unist-util-stringify-position-4.0.0.tgz 0ms (cache hit)
271 http cache unist-util-position-from-estree@https://registry.npmjs.org/unist-util-position-from-estree/-/unist-util-position-from-estree-2.0.0.tgz 0ms (cache hit)
272 http cache unist-util-modify-children@https://registry.npmjs.org/unist-util-modify-children/-/unist-util-modify-children-4.0.0.tgz 0ms (cache hit)
273 http cache unist-util-is@https://registry.npmjs.org/unist-util-is/-/unist-util-is-6.0.1.tgz 0ms (cache hit)
274 http cache undici@https://registry.npmjs.org/undici/-/undici-7.28.0.tgz 0ms (cache hit)
275 http cache unist-util-find-after@https://registry.npmjs.org/unist-util-find-after/-/unist-util-find-after-5.0.0.tgz 1ms (cache hit)
276 http cache typed-query-selector@https://registry.npmjs.org/typed-query-selector/-/typed-query-selector-2.12.2.tgz 0ms (cache hit)
277 http cache type-fest@https://registry.npmjs.org/type-fest/-/type-fest-4.41.0.tgz 0ms (cache hit)
278 http cache typescript@https://registry.npmjs.org/typescript/-/typescript-5.9.3.tgz 0ms (cache hit)
279 http cache undici-types@https://registry.npmjs.org/undici-types/-/undici-types-7.18.2.tgz 0ms (cache hit)
280 http cache tslib@https://registry.npmjs.org/tslib/-/tslib-2.8.1.tgz 0ms (cache hit)
281 http cache unified@https://registry.npmjs.org/unified/-/unified-11.0.5.tgz 0ms (cache hit)
282 http cache tsconfck@https://registry.npmjs.org/tsconfck/-/tsconfck-3.1.6.tgz 0ms (cache hit)
283 http cache trim-lines@https://registry.npmjs.org/trim-lines/-/trim-lines-3.0.1.tgz 0ms (cache hit)
284 http cache ts-dedent@https://registry.npmjs.org/ts-dedent/-/ts-dedent-2.2.0.tgz 0ms (cache hit)
285 http cache tough-cookie@https://registry.npmjs.org/tough-cookie/-/tough-cookie-6.0.1.tgz 0ms (cache hit)
286 http cache trough@https://registry.npmjs.org/trough/-/trough-2.2.0.tgz 0ms (cache hit)
287 http cache to-regex-range@https://registry.npmjs.org/to-regex-range/-/to-regex-range-5.0.1.tgz 0ms (cache hit)
288 http cache tldts-core@https://registry.npmjs.org/tldts-core/-/tldts-core-7.4.3.tgz 0ms (cache hit)
289 http cache tr46@https://registry.npmjs.org/tr46/-/tr46-6.0.0.tgz 0ms (cache hit)
290 http cache text-decoder@https://registry.npmjs.org/text-decoder/-/text-decoder-1.2.7.tgz 0ms (cache hit)
291 http cache tinyexec@https://registry.npmjs.org/tinyexec/-/tinyexec-0.3.2.tgz 0ms (cache hit)
292 http cache tar-fs@https://registry.npmjs.org/tar-fs/-/tar-fs-3.1.2.tgz 0ms (cache hit)
293 http cache tldts@https://registry.npmjs.org/tldts/-/tldts-7.4.3.tgz 0ms (cache hit)
294 http cache teex@https://registry.npmjs.org/teex/-/teex-1.0.1.tgz 0ms (cache hit)
295 http cache tailwindcss@https://registry.npmjs.org/tailwindcss/-/tailwindcss-4.3.1.tgz 0ms (cache hit)
296 http cache tar-stream@https://registry.npmjs.org/tar-stream/-/tar-stream-3.2.0.tgz 0ms (cache hit)
297 http cache style-to-object@https://registry.npmjs.org/style-to-object/-/style-to-object-1.0.14.tgz 0ms (cache hit)
298 http cache style-to-js@https://registry.npmjs.org/style-to-js/-/style-to-js-1.1.21.tgz 0ms (cache hit)
299 http cache symbol-tree@https://registry.npmjs.org/symbol-tree/-/symbol-tree-3.2.4.tgz 0ms (cache hit)
300 http cache tailwind-merge@https://registry.npmjs.org/tailwind-merge/-/tailwind-merge-3.6.0.tgz 0ms (cache hit)
301 http cache tabbable@https://registry.npmjs.org/tabbable/-/tabbable-6.4.0.tgz 0ms (cache hit)
302 http cache strip-ansi@https://registry.npmjs.org/strip-ansi/-/strip-ansi-7.2.0.tgz 0ms (cache hit)
303 http cache strip-bom-string@https://registry.npmjs.org/strip-bom-string/-/strip-bom-string-1.0.0.tgz 0ms (cache hit)
304 http cache stringify-entities@https://registry.npmjs.org/stringify-entities/-/stringify-entities-4.0.4.tgz 0ms (cache hit)
305 http cache stylis@https://registry.npmjs.org/stylis/-/stylis-4.4.0.tgz 0ms (cache hit)
306 http cache string-argv@https://registry.npmjs.org/string-argv/-/string-argv-0.3.2.tgz 0ms (cache hit)
307 http cache streamx@https://registry.npmjs.org/streamx/-/streamx-2.27.0.tgz 0ms (cache hit)
308 http cache strip-bom@https://registry.npmjs.org/strip-bom/-/strip-bom-3.0.0.tgz 0ms (cache hit)
309 http cache string-width@https://registry.npmjs.org/string-width/-/string-width-7.2.0.tgz 0ms (cache hit)
310 http cache sprintf-js@https://registry.npmjs.org/sprintf-js/-/sprintf-js-1.0.3.tgz 0ms (cache hit)
311 http cache stream-replace-string@https://registry.npmjs.org/stream-replace-string/-/stream-replace-string-2.0.0.tgz 0ms (cache hit)
312 http cache source-map@https://registry.npmjs.org/source-map/-/source-map-0.7.6.tgz 0ms (cache hit)
313 http cache source-map-js@https://registry.npmjs.org/source-map-js/-/source-map-js-1.2.1.tgz 0ms (cache hit)
314 http cache socks@https://registry.npmjs.org/socks/-/socks-2.8.9.tgz 0ms (cache hit)
315 http cache space-separated-tokens@https://registry.npmjs.org/space-separated-tokens/-/space-separated-tokens-2.0.2.tgz 0ms (cache hit)
316 http cache stdin-discarder@https://registry.npmjs.org/stdin-discarder/-/stdin-discarder-0.2.2.tgz 0ms (cache hit)
317 http cache sitemap@https://registry.npmjs.org/sitemap/-/sitemap-7.1.3.tgz 0ms (cache hit)
318 http cache socks-proxy-agent@https://registry.npmjs.org/socks-proxy-agent/-/socks-proxy-agent-8.0.5.tgz 0ms (cache hit)
319 http cache sisteransi@https://registry.npmjs.org/sisteransi/-/sisteransi-1.0.5.tgz 0ms (cache hit)
320 http cache slice-ansi@https://registry.npmjs.org/slice-ansi/-/slice-ansi-8.0.0.tgz 0ms (cache hit)
321 http cache signal-exit@https://registry.npmjs.org/signal-exit/-/signal-exit-4.1.0.tgz 1ms (cache hit)
322 http cache section-matter@https://registry.npmjs.org/section-matter/-/section-matter-1.0.0.tgz 0ms (cache hit)
323 http cache smart-buffer@https://registry.npmjs.org/smart-buffer/-/smart-buffer-4.2.0.tgz 0ms (cache hit)
324 http cache sharp@https://registry.npmjs.org/sharp/-/sharp-0.34.5.tgz 0ms (cache hit)
325 http cache shiki@https://registry.npmjs.org/shiki/-/shiki-1.29.2.tgz 0ms (cache hit)
326 http cache semver@https://registry.npmjs.org/semver/-/semver-7.8.2.tgz 0ms (cache hit)
327 http cache simple-swizzle@https://registry.npmjs.org/simple-swizzle/-/simple-swizzle-0.2.4.tgz 0ms (cache hit)
328 http cache scheduler@https://registry.npmjs.org/scheduler/-/scheduler-0.27.0.tgz 0ms (cache hit)
329 http cache roughjs@https://registry.npmjs.org/roughjs/-/roughjs-4.6.6.tgz 0ms (cache hit)
330 http cache sax@https://registry.npmjs.org/sax/-/sax-1.6.0.tgz 1ms (cache hit)
331 http cache saxes@https://registry.npmjs.org/saxes/-/saxes-6.0.0.tgz 0ms (cache hit)
332 http cache run-parallel@https://registry.npmjs.org/run-parallel/-/run-parallel-1.2.0.tgz 0ms (cache hit)
333 http cache rw@https://registry.npmjs.org/rw/-/rw-1.3.3.tgz 0ms (cache hit)
334 http cache safer-buffer@https://registry.npmjs.org/safer-buffer/-/safer-buffer-2.1.2.tgz 0ms (cache hit)
335 http cache rfdc@https://registry.npmjs.org/rfdc/-/rfdc-1.4.1.tgz 0ms (cache hit)
336 http cache rollup@https://registry.npmjs.org/rollup/-/rollup-4.61.1.tgz 0ms (cache hit)
337 http cache reusify@https://registry.npmjs.org/reusify/-/reusify-1.1.0.tgz 1ms (cache hit)
338 http cache robust-predicates@https://registry.npmjs.org/robust-predicates/-/robust-predicates-3.0.3.tgz 0ms (cache hit)
339 http cache retext-stringify@https://registry.npmjs.org/retext-stringify/-/retext-stringify-4.0.0.tgz 0ms (cache hit)
340 http cache retext-smartypants@https://registry.npmjs.org/retext-smartypants/-/retext-smartypants-6.2.0.tgz 0ms (cache hit)
341 http cache retext-latin@https://registry.npmjs.org/retext-latin/-/retext-latin-4.0.0.tgz 0ms (cache hit)
342 http cache restore-cursor@https://registry.npmjs.org/restore-cursor/-/restore-cursor-5.1.0.tgz 0ms (cache hit)
343 http cache retext@https://registry.npmjs.org/retext/-/retext-9.0.0.tgz 0ms (cache hit)
344 http cache resolve-from@https://registry.npmjs.org/resolve-from/-/resolve-from-4.0.0.tgz 0ms (cache hit)
345 http cache remark-smartypants@https://registry.npmjs.org/remark-smartypants/-/remark-smartypants-3.0.2.tgz 0ms (cache hit)
346 http cache require-from-string@https://registry.npmjs.org/require-from-string/-/require-from-string-2.0.2.tgz 0ms (cache hit)
347 http cache remark-stringify@https://registry.npmjs.org/remark-stringify/-/remark-stringify-11.0.0.tgz 0ms (cache hit)
348 http cache remark-parse@https://registry.npmjs.org/remark-parse/-/remark-parse-11.0.0.tgz 0ms (cache hit)
349 http cache remark-rehype@https://registry.npmjs.org/remark-rehype/-/remark-rehype-11.1.2.tgz 0ms (cache hit)
350 http cache rehype-recma@https://registry.npmjs.org/rehype-recma/-/rehype-recma-1.0.0.tgz 0ms (cache hit)
351 http cache require-directory@https://registry.npmjs.org/require-directory/-/require-directory-2.1.1.tgz 0ms (cache hit)
352 http cache remark-gfm@https://registry.npmjs.org/remark-gfm/-/remark-gfm-4.0.1.tgz 0ms (cache hit)
353 http cache remark-math@https://registry.npmjs.org/remark-math/-/remark-math-6.0.0.tgz 0ms (cache hit)
354 http cache rehype-parse@https://registry.npmjs.org/rehype-parse/-/rehype-parse-9.0.1.tgz 0ms (cache hit)
355 http cache remark-mdx@https://registry.npmjs.org/remark-mdx/-/remark-mdx-3.1.1.tgz 0ms (cache hit)
356 http cache rehype-raw@https://registry.npmjs.org/rehype-raw/-/rehype-raw-7.0.0.tgz 0ms (cache hit)
357 http cache remark-directive@https://registry.npmjs.org/remark-directive/-/remark-directive-3.0.1.tgz 0ms (cache hit)
358 http cache rehype-stringify@https://registry.npmjs.org/rehype-stringify/-/rehype-stringify-10.0.1.tgz 0ms (cache hit)
359 http cache rehype-mermaid-lite@https://registry.npmjs.org/rehype-mermaid-lite/-/rehype-mermaid-lite-1.1.0.tgz 0ms (cache hit)
360 http cache rehype@https://registry.npmjs.org/rehype/-/rehype-13.0.2.tgz 0ms (cache hit)
361 http cache rehype-expressive-code@https://registry.npmjs.org/rehype-expressive-code/-/rehype-expressive-code-0.35.6.tgz 0ms (cache hit)
362 http cache rehype-mermaid@https://registry.npmjs.org/rehype-mermaid/-/rehype-mermaid-3.0.0.tgz 0ms (cache hit)
363 http cache rehype-katex@https://registry.npmjs.org/rehype-katex/-/rehype-katex-7.0.1.tgz 0ms (cache hit)
364 http cache rehype-format@https://registry.npmjs.org/rehype-format/-/rehype-format-5.0.1.tgz 0ms (cache hit)
365 http cache regex-utilities@https://registry.npmjs.org/regex-utilities/-/regex-utilities-2.3.0.tgz 0ms (cache hit)
366 http cache regex@https://registry.npmjs.org/regex/-/regex-5.1.1.tgz 0ms (cache hit)
367 http cache recma-parse@https://registry.npmjs.org/recma-parse/-/recma-parse-1.0.0.tgz 0ms (cache hit)
368 http cache recma-build-jsx@https://registry.npmjs.org/recma-build-jsx/-/recma-build-jsx-1.0.0.tgz 0ms (cache hit)
369 http cache regex-recursion@https://registry.npmjs.org/regex-recursion/-/regex-recursion-5.1.1.tgz 0ms (cache hit)
370 http cache recma-jsx@https://registry.npmjs.org/recma-jsx/-/recma-jsx-1.0.1.tgz 0ms (cache hit)
371 http cache react-stately@https://registry.npmjs.org/react-stately/-/react-stately-3.47.0.tgz 0ms (cache hit)
372 http cache recma-stringify@https://registry.npmjs.org/recma-stringify/-/recma-stringify-1.0.0.tgz 0ms (cache hit)
373 http cache react-dom@https://registry.npmjs.org/react-dom/-/react-dom-19.2.7.tgz 0ms (cache hit)
374 http cache react-aria@https://registry.npmjs.org/react-aria/-/react-aria-3.49.0.tgz 0ms (cache hit)
375 http cache queue-microtask@https://registry.npmjs.org/queue-microtask/-/queue-microtask-1.2.3.tgz 0ms (cache hit)
376 http cache puppeteer-core@https://registry.npmjs.org/puppeteer-core/-/puppeteer-core-24.43.1.tgz 0ms (cache hit)
377 http cache punycode@https://registry.npmjs.org/punycode/-/punycode-2.3.1.tgz 0ms (cache hit)
378 http cache react@https://registry.npmjs.org/react/-/react-19.2.7.tgz 0ms (cache hit)
379 http cache pump@https://registry.npmjs.org/pump/-/pump-3.0.4.tgz 0ms (cache hit)
380 http cache property-information@https://registry.npmjs.org/property-information/-/property-information-7.2.0.tgz 0ms (cache hit)
381 http cache puppeteer@https://registry.npmjs.org/puppeteer/-/puppeteer-24.43.1.tgz 0ms (cache hit)
382 http cache proxy-from-env@https://registry.npmjs.org/proxy-from-env/-/proxy-from-env-1.1.0.tgz 0ms (cache hit)
383 http cache progress@https://registry.npmjs.org/progress/-/progress-2.0.3.tgz 0ms (cache hit)
384 http cache prismjs@https://registry.npmjs.org/prismjs/-/prismjs-1.30.0.tgz 0ms (cache hit)
385 http cache prompts@https://registry.npmjs.org/prompts/-/prompts-2.4.2.tgz 0ms (cache hit)
386 http cache preferred-pm@https://registry.npmjs.org/preferred-pm/-/preferred-pm-4.1.1.tgz 0ms (cache hit)
387 http cache proxy-agent@https://registry.npmjs.org/proxy-agent/-/proxy-agent-6.5.0.tgz 0ms (cache hit)
388 http cache postcss-selector-parser@https://registry.npmjs.org/postcss-selector-parser/-/postcss-selector-parser-6.1.4.tgz 1ms (cache hit)
389 http cache points-on-curve@https://registry.npmjs.org/points-on-curve/-/points-on-curve-0.2.0.tgz 0ms (cache hit)
390 http cache postcss-nested@https://registry.npmjs.org/postcss-nested/-/postcss-nested-6.2.0.tgz 0ms (cache hit)
391 http cache postcss@https://registry.npmjs.org/postcss/-/postcss-8.5.15.tgz 0ms (cache hit)
392 http cache playwright-core@https://registry.npmjs.org/playwright-core/-/playwright-core-1.60.0.tgz 0ms (cache hit)
393 http cache points-on-path@https://registry.npmjs.org/points-on-path/-/points-on-path-0.2.1.tgz 0ms (cache hit)
394 http cache pkg-dir@https://registry.npmjs.org/pkg-dir/-/pkg-dir-4.2.0.tgz 0ms (cache hit)
395 http cache pify@https://registry.npmjs.org/pify/-/pify-4.0.1.tgz 0ms (cache hit)
396 http cache path-exists@https://registry.npmjs.org/path-exists/-/path-exists-4.0.0.tgz 0ms (cache hit)
397 http cache picomatch@https://registry.npmjs.org/picomatch/-/picomatch-4.0.4.tgz 0ms (cache hit)
398 http cache pend@https://registry.npmjs.org/pend/-/pend-1.2.0.tgz 0ms (cache hit)
399 http cache path-data-parser@https://registry.npmjs.org/path-data-parser/-/path-data-parser-0.1.0.tgz 0ms (cache hit)
400 http cache parse5@https://registry.npmjs.org/parse5/-/parse5-7.3.0.tgz 0ms (cache hit)
401 http cache parent-module@https://registry.npmjs.org/parent-module/-/parent-module-1.0.1.tgz 0ms (cache hit)
402 http cache picocolors@https://registry.npmjs.org/picocolors/-/picocolors-1.1.1.tgz 0ms (cache hit)
403 http cache parse-latin@https://registry.npmjs.org/parse-latin/-/parse-latin-7.0.0.tgz 0ms (cache hit)
404 http cache package-manager-detector@https://registry.npmjs.org/package-manager-detector/-/package-manager-detector-1.6.0.tgz 0ms (cache hit)
405 http cache parse-entities@https://registry.npmjs.org/parse-entities/-/parse-entities-4.0.2.tgz 0ms (cache hit)
406 http cache pac-resolver@https://registry.npmjs.org/pac-resolver/-/pac-resolver-7.0.1.tgz 0ms (cache hit)
407 http cache pagefind@https://registry.npmjs.org/pagefind/-/pagefind-1.5.2.tgz 0ms (cache hit)
408 http cache pac-proxy-agent@https://registry.npmjs.org/pac-proxy-agent/-/pac-proxy-agent-7.2.0.tgz 0ms (cache hit)
409 http cache parse-json@https://registry.npmjs.org/parse-json/-/parse-json-5.2.0.tgz 0ms (cache hit)
410 http cache p-try@https://registry.npmjs.org/p-try/-/p-try-2.2.0.tgz 0ms (cache hit)
411 http cache p-queue@https://registry.npmjs.org/p-queue/-/p-queue-8.1.1.tgz 0ms (cache hit)
412 http cache p-timeout@https://registry.npmjs.org/p-timeout/-/p-timeout-6.1.4.tgz 0ms (cache hit)
413 http cache ora@https://registry.npmjs.org/ora/-/ora-8.2.0.tgz 0ms (cache hit)
414 http cache p-locate@https://registry.npmjs.org/p-locate/-/p-locate-4.1.0.tgz 0ms (cache hit)
415 http cache p-limit@https://registry.npmjs.org/p-limit/-/p-limit-6.2.0.tgz 0ms (cache hit)
416 http cache oniguruma-to-es@https://registry.npmjs.org/oniguruma-to-es/-/oniguruma-to-es-2.3.0.tgz 0ms (cache hit)
417 http cache onetime@https://registry.npmjs.org/onetime/-/onetime-7.0.0.tgz 0ms (cache hit)
418 http cache nth-check@https://registry.npmjs.org/nth-check/-/nth-check-2.1.1.tgz 0ms (cache hit)
419 http cache once@https://registry.npmjs.org/once/-/once-1.4.0.tgz 0ms (cache hit)
420 http cache node-releases@https://registry.npmjs.org/node-releases/-/node-releases-2.0.47.tgz 0ms (cache hit)
421 http cache netmask@https://registry.npmjs.org/netmask/-/netmask-2.1.1.tgz 0ms (cache hit)
422 http cache ms@https://registry.npmjs.org/ms/-/ms-2.1.3.tgz 0ms (cache hit)
423 http cache nlcst-to-string@https://registry.npmjs.org/nlcst-to-string/-/nlcst-to-string-4.0.0.tgz 0ms (cache hit)
424 http cache nanoid@https://registry.npmjs.org/nanoid/-/nanoid-3.3.12.tgz 0ms (cache hit)
425 http cache neotraverse@https://registry.npmjs.org/neotraverse/-/neotraverse-0.6.18.tgz 0ms (cache hit)
426 http cache mrmime@https://registry.npmjs.org/mrmime/-/mrmime-2.0.1.tgz 0ms (cache hit)
427 http cache mitt@https://registry.npmjs.org/mitt/-/mitt-3.0.1.tgz 0ms (cache hit)
428 http cache micromark-util-types@https://registry.npmjs.org/micromark-util-types/-/micromark-util-types-2.0.2.tgz 0ms (cache hit)
429 http cache mimic-function@https://registry.npmjs.org/mimic-function/-/mimic-function-5.0.1.tgz 0ms (cache hit)
430 http cache mini-svg-data-uri@https://registry.npmjs.org/mini-svg-data-uri/-/mini-svg-data-uri-1.4.4.tgz 1ms (cache hit)
431 http cache micromark-util-symbol@https://registry.npmjs.org/micromark-util-symbol/-/micromark-util-symbol-2.0.1.tgz 0ms (cache hit)
432 http cache micromatch@https://registry.npmjs.org/micromatch/-/micromatch-4.0.8.tgz 0ms (cache hit)
433 http cache micromark-util-sanitize-uri@https://registry.npmjs.org/micromark-util-sanitize-uri/-/micromark-util-sanitize-uri-2.0.1.tgz 1ms (cache hit)
434 http cache micromark-util-resolve-all@https://registry.npmjs.org/micromark-util-resolve-all/-/micromark-util-resolve-all-2.0.1.tgz 0ms (cache hit)
435 http cache micromark-util-subtokenize@https://registry.npmjs.org/micromark-util-subtokenize/-/micromark-util-subtokenize-2.1.0.tgz 0ms (cache hit)
436 http cache micromark-util-normalize-identifier@https://registry.npmjs.org/micromark-util-normalize-identifier/-/micromark-util-normalize-identifier-2.0.1.tgz 0ms (cache hit)
437 http cache micromark-util-html-tag-name@https://registry.npmjs.org/micromark-util-html-tag-name/-/micromark-util-html-tag-name-2.0.1.tgz 0ms (cache hit)
438 http cache micromark-util-events-to-acorn@https://registry.npmjs.org/micromark-util-events-to-acorn/-/micromark-util-events-to-acorn-2.0.3.tgz 0ms (cache hit)
439 http cache micromark-util-encode@https://registry.npmjs.org/micromark-util-encode/-/micromark-util-encode-2.0.1.tgz 0ms (cache hit)
440 http cache micromark-util-decode-string@https://registry.npmjs.org/micromark-util-decode-string/-/micromark-util-decode-string-2.0.1.tgz 0ms (cache hit)
441 http cache micromark-util-combine-extensions@https://registry.npmjs.org/micromark-util-combine-extensions/-/micromark-util-combine-extensions-2.0.1.tgz 0ms (cache hit)
442 http cache micromark-util-decode-numeric-character-reference@https://registry.npmjs.org/micromark-util-decode-numeric-character-reference/-/micromark-util-decode-numeric-character-reference-2.0.2.tgz 0ms (cache hit)
443 http cache micromark-util-classify-character@https://registry.npmjs.org/micromark-util-classify-character/-/micromark-util-classify-character-2.0.1.tgz 0ms (cache hit)
444 http cache micromark-util-chunked@https://registry.npmjs.org/micromark-util-chunked/-/micromark-util-chunked-2.0.1.tgz 0ms (cache hit)
445 http cache micromark-factory-whitespace@https://registry.npmjs.org/micromark-factory-whitespace/-/micromark-factory-whitespace-2.0.1.tgz 0ms (cache hit)
446 http cache micromark-factory-space@https://registry.npmjs.org/micromark-factory-space/-/micromark-factory-space-2.0.1.tgz 0ms (cache hit)
447 http cache micromark-factory-title@https://registry.npmjs.org/micromark-factory-title/-/micromark-factory-title-2.0.1.tgz 0ms (cache hit)
448 http cache micromark-util-character@https://registry.npmjs.org/micromark-util-character/-/micromark-util-character-2.1.1.tgz 0ms (cache hit)
449 http cache micromark-factory-mdx-expression@https://registry.npmjs.org/micromark-factory-mdx-expression/-/micromark-factory-mdx-expression-2.0.3.tgz 0ms (cache hit)
450 http cache micromark-factory-label@https://registry.npmjs.org/micromark-factory-label/-/micromark-factory-label-2.0.1.tgz 0ms (cache hit)
451 http cache micromark-extension-mdx-md@https://registry.npmjs.org/micromark-extension-mdx-md/-/micromark-extension-mdx-md-2.0.0.tgz 0ms (cache hit)
452 http cache micromark-extension-mdxjs-esm@https://registry.npmjs.org/micromark-extension-mdxjs-esm/-/micromark-extension-mdxjs-esm-3.0.0.tgz 0ms (cache hit)
453 http cache micromark-factory-destination@https://registry.npmjs.org/micromark-factory-destination/-/micromark-factory-destination-2.0.1.tgz 0ms (cache hit)
454 http cache micromark-extension-mdx-jsx@https://registry.npmjs.org/micromark-extension-mdx-jsx/-/micromark-extension-mdx-jsx-3.0.2.tgz 0ms (cache hit)
455 http cache micromark-extension-mdxjs@https://registry.npmjs.org/micromark-extension-mdxjs/-/micromark-extension-mdxjs-3.0.0.tgz 0ms (cache hit)
456 http cache micromark-extension-mdx-expression@https://registry.npmjs.org/micromark-extension-mdx-expression/-/micromark-extension-mdx-expression-3.0.1.tgz 0ms (cache hit)
457 http cache micromark-extension-math@https://registry.npmjs.org/micromark-extension-math/-/micromark-extension-math-3.1.0.tgz 0ms (cache hit)
458 http cache micromark-extension-gfm-task-list-item@https://registry.npmjs.org/micromark-extension-gfm-task-list-item/-/micromark-extension-gfm-task-list-item-2.1.0.tgz 0ms (cache hit)
459 http cache micromark-extension-gfm-tagfilter@https://registry.npmjs.org/micromark-extension-gfm-tagfilter/-/micromark-extension-gfm-tagfilter-2.0.0.tgz 0ms (cache hit)
460 http cache micromark-extension-gfm-footnote@https://registry.npmjs.org/micromark-extension-gfm-footnote/-/micromark-extension-gfm-footnote-2.1.0.tgz 0ms (cache hit)
461 http cache micromark-extension-gfm-table@https://registry.npmjs.org/micromark-extension-gfm-table/-/micromark-extension-gfm-table-2.1.1.tgz 0ms (cache hit)
462 http cache micromark-extension-gfm-strikethrough@https://registry.npmjs.org/micromark-extension-gfm-strikethrough/-/micromark-extension-gfm-strikethrough-2.1.0.tgz 0ms (cache hit)
463 http cache micromark-extension-gfm-autolink-literal@https://registry.npmjs.org/micromark-extension-gfm-autolink-literal/-/micromark-extension-gfm-autolink-literal-2.1.0.tgz 0ms (cache hit)
464 http cache micromark-extension-gfm@https://registry.npmjs.org/micromark-extension-gfm/-/micromark-extension-gfm-3.0.0.tgz 0ms (cache hit)
465 http cache micromark-extension-directive@https://registry.npmjs.org/micromark-extension-directive/-/micromark-extension-directive-3.0.2.tgz 0ms (cache hit)
466 http cache micromark@https://registry.npmjs.org/micromark/-/micromark-4.0.2.tgz 0ms (cache hit)
467 http cache mermaid@https://registry.npmjs.org/mermaid/-/mermaid-11.15.0.tgz 0ms (cache hit)
468 http cache mermaid-isomorphic@https://registry.npmjs.org/mermaid-isomorphic/-/mermaid-isomorphic-3.1.0.tgz 0ms (cache hit)
469 http cache mdn-data@https://registry.npmjs.org/mdn-data/-/mdn-data-2.27.1.tgz 0ms (cache hit)
470 http cache merge2@https://registry.npmjs.org/merge2/-/merge2-1.4.1.tgz 0ms (cache hit)
471 http cache mdast-util-to-string@https://registry.npmjs.org/mdast-util-to-string/-/mdast-util-to-string-4.0.0.tgz 0ms (cache hit)
472 http cache mdast-util-to-markdown@https://registry.npmjs.org/mdast-util-to-markdown/-/mdast-util-to-markdown-2.1.2.tgz 0ms (cache hit)
473 http cache playwright@https://registry.npmjs.org/playwright/-/playwright-1.60.0.tgz 0ms (cache hit)
474 http cache mdast-util-to-hast@https://registry.npmjs.org/mdast-util-to-hast/-/mdast-util-to-hast-13.2.1.tgz 0ms (cache hit)
475 http cache mdast-util-phrasing@https://registry.npmjs.org/mdast-util-phrasing/-/mdast-util-phrasing-4.1.0.tgz 0ms (cache hit)
476 http cache mdast-util-mdx-jsx@https://registry.npmjs.org/mdast-util-mdx-jsx/-/mdast-util-mdx-jsx-3.2.0.tgz 0ms (cache hit)
477 http cache mdast-util-mdx@https://registry.npmjs.org/mdast-util-mdx/-/mdast-util-mdx-3.0.0.tgz 0ms (cache hit)
478 http cache mdast-util-mdx-expression@https://registry.npmjs.org/mdast-util-mdx-expression/-/mdast-util-mdx-expression-2.0.1.tgz 0ms (cache hit)
479 http cache mdast-util-math@https://registry.npmjs.org/mdast-util-math/-/mdast-util-math-3.0.0.tgz 0ms (cache hit)
480 http cache mdast-util-gfm-table@https://registry.npmjs.org/mdast-util-gfm-table/-/mdast-util-gfm-table-2.0.0.tgz 0ms (cache hit)
481 http cache micromark-core-commonmark@https://registry.npmjs.org/micromark-core-commonmark/-/micromark-core-commonmark-2.0.3.tgz 0ms (cache hit)
482 http cache mdast-util-gfm-task-list-item@https://registry.npmjs.org/mdast-util-gfm-task-list-item/-/mdast-util-gfm-task-list-item-2.0.0.tgz 0ms (cache hit)
483 http cache mdast-util-mdxjs-esm@https://registry.npmjs.org/mdast-util-mdxjs-esm/-/mdast-util-mdxjs-esm-2.0.1.tgz 0ms (cache hit)
484 http cache mdast-util-gfm-autolink-literal@https://registry.npmjs.org/mdast-util-gfm-autolink-literal/-/mdast-util-gfm-autolink-literal-2.0.1.tgz 0ms (cache hit)
485 http cache mdast-util-gfm-footnote@https://registry.npmjs.org/mdast-util-gfm-footnote/-/mdast-util-gfm-footnote-2.1.0.tgz 0ms (cache hit)
486 http cache mdast-util-from-markdown@https://registry.npmjs.org/mdast-util-from-markdown/-/mdast-util-from-markdown-2.0.3.tgz 0ms (cache hit)
487 http cache mdast-util-gfm@https://registry.npmjs.org/mdast-util-gfm/-/mdast-util-gfm-3.1.0.tgz 0ms (cache hit)
488 http cache mdast-util-directive@https://registry.npmjs.org/mdast-util-directive/-/mdast-util-directive-3.1.0.tgz 0ms (cache hit)
489 http cache mdast-util-gfm-strikethrough@https://registry.npmjs.org/mdast-util-gfm-strikethrough/-/mdast-util-gfm-strikethrough-2.0.0.tgz 0ms (cache hit)
490 http cache marked@https://registry.npmjs.org/marked/-/marked-16.4.2.tgz 0ms (cache hit)
491 http cache mdast-util-find-and-replace@https://registry.npmjs.org/mdast-util-find-and-replace/-/mdast-util-find-and-replace-3.0.2.tgz 0ms (cache hit)
492 http cache mdast-util-definitions@https://registry.npmjs.org/mdast-util-definitions/-/mdast-util-definitions-6.0.0.tgz 0ms (cache hit)
493 http cache markdown-extensions@https://registry.npmjs.org/markdown-extensions/-/markdown-extensions-2.0.0.tgz 0ms (cache hit)
494 http cache lru-cache@https://registry.npmjs.org/lru-cache/-/lru-cache-5.1.1.tgz 0ms (cache hit)
495 http cache markdown-table@https://registry.npmjs.org/markdown-table/-/markdown-table-3.0.4.tgz 0ms (cache hit)
496 http cache magic-string@https://registry.npmjs.org/magic-string/-/magic-string-0.30.21.tgz 0ms (cache hit)
497 http cache magicast@https://registry.npmjs.org/magicast/-/magicast-0.3.5.tgz 0ms (cache hit)
498 http cache log-update@https://registry.npmjs.org/log-update/-/log-update-6.1.0.tgz 0ms (cache hit)
499 http cache longest-streak@https://registry.npmjs.org/longest-streak/-/longest-streak-3.1.0.tgz 0ms (cache hit)
500 http cache log-symbols@https://registry.npmjs.org/log-symbols/-/log-symbols-6.0.0.tgz 0ms (cache hit)
501 http cache lodash-es@https://registry.npmjs.org/lodash-es/-/lodash-es-4.18.1.tgz 0ms (cache hit)
502 http cache locate-path@https://registry.npmjs.org/locate-path/-/locate-path-5.0.0.tgz 0ms (cache hit)
503 http cache lines-and-columns@https://registry.npmjs.org/lines-and-columns/-/lines-and-columns-1.2.4.tgz 0ms (cache hit)
504 http cache listr2@https://registry.npmjs.org/listr2/-/listr2-9.0.5.tgz 0ms (cache hit)
505 http cache lint-staged@https://registry.npmjs.org/lint-staged/-/lint-staged-16.4.0.tgz 0ms (cache hit)
506 http cache layout-base@https://registry.npmjs.org/layout-base/-/layout-base-1.0.2.tgz 0ms (cache hit)
507 http cache khroma@https://registry.npmjs.org/khroma/-/khroma-2.1.0.tgz 0ms (cache hit)
508 http cache kleur@https://registry.npmjs.org/kleur/-/kleur-4.1.5.tgz 0ms (cache hit)
509 http cache kind-of@https://registry.npmjs.org/kind-of/-/kind-of-6.0.3.tgz 0ms (cache hit)
510 http cache katex@https://registry.npmjs.org/katex/-/katex-0.16.47.tgz 0ms (cache hit)
511 http cache json5@https://registry.npmjs.org/json5/-/json5-2.2.3.tgz 0ms (cache hit)
512 http cache json-parse-even-better-errors@https://registry.npmjs.org/json-parse-even-better-errors/-/json-parse-even-better-errors-2.3.1.tgz 0ms (cache hit)
513 http cache jsdom@https://registry.npmjs.org/jsdom/-/jsdom-29.1.1.tgz 0ms (cache hit)
514 http cache js-tokens@https://registry.npmjs.org/js-tokens/-/js-tokens-4.0.0.tgz 1ms (cache hit)
515 http cache js-yaml@https://registry.npmjs.org/js-yaml/-/js-yaml-4.2.0.tgz 0ms (cache hit)
516 http cache jotai@https://registry.npmjs.org/jotai/-/jotai-2.20.1.tgz 0ms (cache hit)
517 http cache is-wsl@https://registry.npmjs.org/is-wsl/-/is-wsl-3.1.1.tgz 0ms (cache hit)
518 http cache is-unicode-supported@https://registry.npmjs.org/is-unicode-supported/-/is-unicode-supported-2.1.0.tgz 0ms (cache hit)
519 http cache is-plain-obj@https://registry.npmjs.org/is-plain-obj/-/is-plain-obj-4.1.0.tgz 0ms (cache hit)
520 http cache load-yaml-file@https://registry.npmjs.org/load-yaml-file/-/load-yaml-file-0.2.0.tgz 0ms (cache hit)
521 http cache jsesc@https://registry.npmjs.org/jsesc/-/jsesc-3.1.0.tgz 0ms (cache hit)
522 http cache is-hexadecimal@https://registry.npmjs.org/is-hexadecimal/-/is-hexadecimal-2.0.1.tgz 0ms (cache hit)
523 http cache is-interactive@https://registry.npmjs.org/is-interactive/-/is-interactive-2.0.0.tgz 0ms (cache hit)
524 http cache is-inside-container@https://registry.npmjs.org/is-inside-container/-/is-inside-container-1.0.0.tgz 0ms (cache hit)
525 http cache is-number@https://registry.npmjs.org/is-number/-/is-number-7.0.0.tgz 0ms (cache hit)
526 http cache is-glob@https://registry.npmjs.org/is-glob/-/is-glob-4.0.3.tgz 0ms (cache hit)
527 http cache is-extglob@https://registry.npmjs.org/is-extglob/-/is-extglob-2.1.1.tgz 0ms (cache hit)
528 http cache is-extendable@https://registry.npmjs.org/is-extendable/-/is-extendable-0.1.1.tgz 0ms (cache hit)
529 http cache is-docker@https://registry.npmjs.org/is-docker/-/is-docker-3.0.0.tgz 0ms (cache hit)
530 http cache is-decimal@https://registry.npmjs.org/is-decimal/-/is-decimal-2.0.1.tgz 0ms (cache hit)
531 http cache is-arrayish@https://registry.npmjs.org/is-arrayish/-/is-arrayish-0.3.4.tgz 0ms (cache hit)
532 http cache is-alphabetical@https://registry.npmjs.org/is-alphabetical/-/is-alphabetical-2.0.1.tgz 0ms (cache hit)
533 http cache is-alphanumerical@https://registry.npmjs.org/is-alphanumerical/-/is-alphanumerical-2.0.1.tgz 0ms (cache hit)
534 http cache internmap@https://registry.npmjs.org/internmap/-/internmap-2.0.3.tgz 0ms (cache hit)
535 http cache inline-style-parser@https://registry.npmjs.org/inline-style-parser/-/inline-style-parser-0.2.7.tgz 0ms (cache hit)
536 http cache ip-address@https://registry.npmjs.org/ip-address/-/ip-address-10.2.0.tgz 0ms (cache hit)
537 http cache is-fullwidth-code-point@https://registry.npmjs.org/is-fullwidth-code-point/-/is-fullwidth-code-point-3.0.0.tgz 0ms (cache hit)
538 http cache import-meta-resolve@https://registry.npmjs.org/import-meta-resolve/-/import-meta-resolve-4.2.0.tgz 0ms (cache hit)
539 http cache import-fresh@https://registry.npmjs.org/import-fresh/-/import-fresh-3.3.1.tgz 0ms (cache hit)
540 http cache https-proxy-agent@https://registry.npmjs.org/https-proxy-agent/-/https-proxy-agent-7.0.6.tgz 0ms (cache hit)
541 http cache husky@https://registry.npmjs.org/husky/-/husky-9.1.7.tgz 0ms (cache hit)
542 http cache iconv-lite@https://registry.npmjs.org/iconv-lite/-/iconv-lite-0.6.3.tgz 0ms (cache hit)
543 http cache http-cache-semantics@https://registry.npmjs.org/http-cache-semantics/-/http-cache-semantics-4.2.0.tgz 0ms (cache hit)
544 http cache http-proxy-agent@https://registry.npmjs.org/http-proxy-agent/-/http-proxy-agent-7.0.2.tgz 0ms (cache hit)
545 http cache html-void-elements@https://registry.npmjs.org/html-void-elements/-/html-void-elements-3.0.0.tgz 1ms (cache hit)
546 http cache html-escaper@https://registry.npmjs.org/html-escaper/-/html-escaper-3.0.3.tgz 0ms (cache hit)
547 http cache html-whitespace-sensitive-tag-names@https://registry.npmjs.org/html-whitespace-sensitive-tag-names/-/html-whitespace-sensitive-tag-names-3.0.1.tgz 0ms (cache hit)
548 http cache html-encoding-sniffer@https://registry.npmjs.org/html-encoding-sniffer/-/html-encoding-sniffer-6.0.0.tgz 0ms (cache hit)
549 http cache html-to-image@https://registry.npmjs.org/html-to-image/-/html-to-image-1.11.13.tgz 0ms (cache hit)
550 http cache highlight.js@https://registry.npmjs.org/highlight.js/-/highlight.js-11.11.1.tgz 0ms (cache hit)
551 http cache hast-util-whitespace@https://registry.npmjs.org/hast-util-whitespace/-/hast-util-whitespace-3.0.0.tgz 0ms (cache hit)
552 http cache hastscript@https://registry.npmjs.org/hastscript/-/hastscript-8.0.0.tgz 0ms (cache hit)
553 http cache hast-util-to-string@https://registry.npmjs.org/hast-util-to-string/-/hast-util-to-string-3.0.1.tgz 0ms (cache hit)
554 http cache hast-util-to-parse5@https://registry.npmjs.org/hast-util-to-parse5/-/hast-util-to-parse5-8.0.1.tgz 0ms (cache hit)
555 http cache hast-util-to-text@https://registry.npmjs.org/hast-util-to-text/-/hast-util-to-text-4.0.2.tgz 0ms (cache hit)
556 http cache hast-util-to-html@https://registry.npmjs.org/hast-util-to-html/-/hast-util-to-html-9.0.5.tgz 0ms (cache hit)
557 http cache hast-util-to-jsx-runtime@https://registry.npmjs.org/hast-util-to-jsx-runtime/-/hast-util-to-jsx-runtime-2.3.6.tgz 0ms (cache hit)
558 http cache hast-util-to-estree@https://registry.npmjs.org/hast-util-to-estree/-/hast-util-to-estree-3.1.3.tgz 0ms (cache hit)
559 http cache hast-util-raw@https://registry.npmjs.org/hast-util-raw/-/hast-util-raw-9.1.0.tgz 0ms (cache hit)
560 http cache hast-util-phrasing@https://registry.npmjs.org/hast-util-phrasing/-/hast-util-phrasing-3.0.1.tgz 0ms (cache hit)
561 http cache hast-util-select@https://registry.npmjs.org/hast-util-select/-/hast-util-select-6.0.4.tgz 0ms (cache hit)
562 http cache hast-util-parse-selector@https://registry.npmjs.org/hast-util-parse-selector/-/hast-util-parse-selector-4.0.0.tgz 0ms (cache hit)
563 http cache hast-util-minify-whitespace@https://registry.npmjs.org/hast-util-minify-whitespace/-/hast-util-minify-whitespace-1.0.1.tgz 0ms (cache hit)
564 http cache hast-util-has-property@https://registry.npmjs.org/hast-util-has-property/-/hast-util-has-property-3.0.0.tgz 0ms (cache hit)
565 http cache hast-util-is-element@https://registry.npmjs.org/hast-util-is-element/-/hast-util-is-element-3.0.0.tgz 0ms (cache hit)
566 http cache hast-util-is-body-ok-link@https://registry.npmjs.org/hast-util-is-body-ok-link/-/hast-util-is-body-ok-link-3.0.1.tgz 0ms (cache hit)
567 http cache hast-util-from-parse5@https://registry.npmjs.org/hast-util-from-parse5/-/hast-util-from-parse5-8.0.3.tgz 1ms (cache hit)
568 http cache hast-util-from-html@https://registry.npmjs.org/hast-util-from-html/-/hast-util-from-html-2.0.3.tgz 0ms (cache hit)
569 http cache hast-util-format@https://registry.npmjs.org/hast-util-format/-/hast-util-format-1.1.0.tgz 0ms (cache hit)
570 http cache is-potential-custom-element-name@https://registry.npmjs.org/is-potential-custom-element-name/-/is-potential-custom-element-name-1.0.1.tgz 0ms (cache hit)
571 http cache hast-util-from-dom@https://registry.npmjs.org/hast-util-from-dom/-/hast-util-from-dom-5.0.1.tgz 0ms (cache hit)
572 http cache hachure-fill@https://registry.npmjs.org/hachure-fill/-/hachure-fill-0.5.2.tgz 0ms (cache hit)
573 http cache hast-util-from-html-isomorphic@https://registry.npmjs.org/hast-util-from-html-isomorphic/-/hast-util-from-html-isomorphic-2.0.0.tgz 1ms (cache hit)
574 http cache glob-parent@https://registry.npmjs.org/glob-parent/-/glob-parent-5.1.2.tgz 0ms (cache hit)
575 http cache graceful-fs@https://registry.npmjs.org/graceful-fs/-/graceful-fs-4.2.11.tgz 0ms (cache hit)
576 http cache gray-matter@https://registry.npmjs.org/gray-matter/-/gray-matter-4.0.3.tgz 0ms (cache hit)
577 http cache github-slugger@https://registry.npmjs.org/github-slugger/-/github-slugger-2.0.0.tgz 0ms (cache hit)
578 http cache get-uri@https://registry.npmjs.org/get-uri/-/get-uri-6.0.5.tgz 0ms (cache hit)
579 http cache get-stream@https://registry.npmjs.org/get-stream/-/get-stream-5.2.0.tgz 0ms (cache hit)
580 http cache get-east-asian-width@https://registry.npmjs.org/get-east-asian-width/-/get-east-asian-width-1.6.0.tgz 0ms (cache hit)
581 http cache get-caller-file@https://registry.npmjs.org/get-caller-file/-/get-caller-file-2.0.5.tgz 1ms (cache hit)
582 http cache gensync@https://registry.npmjs.org/gensync/-/gensync-1.0.0-beta.2.tgz 0ms (cache hit)
583 http cache flattie@https://registry.npmjs.org/flattie/-/flattie-1.1.1.tgz 0ms (cache hit)
584 http cache find-up@https://registry.npmjs.org/find-up/-/find-up-4.1.0.tgz 0ms (cache hit)
585 http cache find-up-simple@https://registry.npmjs.org/find-up-simple/-/find-up-simple-1.0.1.tgz 0ms (cache hit)
586 http cache find-yarn-workspace-root2@https://registry.npmjs.org/find-yarn-workspace-root2/-/find-yarn-workspace-root2-1.2.16.tgz 0ms (cache hit)
587 http cache fd-slicer@https://registry.npmjs.org/fd-slicer/-/fd-slicer-1.1.0.tgz 0ms (cache hit)
588 http cache fill-range@https://registry.npmjs.org/fill-range/-/fill-range-7.1.1.tgz 0ms (cache hit)
589 http cache fast-glob@https://registry.npmjs.org/fast-glob/-/fast-glob-3.3.3.tgz 0ms (cache hit)
590 http cache fastq@https://registry.npmjs.org/fastq/-/fastq-1.20.1.tgz 0ms (cache hit)
591 http cache extract-zip@https://registry.npmjs.org/extract-zip/-/extract-zip-2.0.1.tgz 0ms (cache hit)
592 http cache extend@https://registry.npmjs.org/extend/-/extend-3.0.2.tgz 0ms (cache hit)
593 http cache extend-shallow@https://registry.npmjs.org/extend-shallow/-/extend-shallow-2.0.1.tgz 0ms (cache hit)
594 http cache esutils@https://registry.npmjs.org/esutils/-/esutils-2.0.3.tgz 1ms (cache hit)
595 http cache expressive-code@https://registry.npmjs.org/expressive-code/-/expressive-code-0.35.6.tgz 0ms (cache hit)
596 http cache fast-fifo@https://registry.npmjs.org/fast-fifo/-/fast-fifo-1.3.2.tgz 0ms (cache hit)
597 http cache events-universal@https://registry.npmjs.org/events-universal/-/events-universal-1.0.1.tgz 0ms (cache hit)
598 http cache eventemitter3@https://registry.npmjs.org/eventemitter3/-/eventemitter3-5.0.4.tgz 0ms (cache hit)
599 http cache estree-walker@https://registry.npmjs.org/estree-walker/-/estree-walker-3.0.3.tgz 0ms (cache hit)
600 http cache estree-util-visit@https://registry.npmjs.org/estree-util-visit/-/estree-util-visit-2.0.0.tgz 0ms (cache hit)
601 http cache estree-util-scope@https://registry.npmjs.org/estree-util-scope/-/estree-util-scope-1.0.0.tgz 0ms (cache hit)
602 http cache estree-util-to-js@https://registry.npmjs.org/estree-util-to-js/-/estree-util-to-js-2.0.0.tgz 0ms (cache hit)
603 http cache estree-util-is-identifier-name@https://registry.npmjs.org/estree-util-is-identifier-name/-/estree-util-is-identifier-name-3.0.0.tgz 0ms (cache hit)
604 http cache estree-util-attach-comments@https://registry.npmjs.org/estree-util-attach-comments/-/estree-util-attach-comments-3.0.0.tgz 0ms (cache hit)
605 http cache estree-util-build-jsx@https://registry.npmjs.org/estree-util-build-jsx/-/estree-util-build-jsx-3.0.1.tgz 0ms (cache hit)
606 http cache esprima@https://registry.npmjs.org/esprima/-/esprima-4.0.1.tgz 0ms (cache hit)
607 http cache estraverse@https://registry.npmjs.org/estraverse/-/estraverse-5.3.0.tgz 0ms (cache hit)
608 http cache escape-string-regexp@https://registry.npmjs.org/escape-string-regexp/-/escape-string-regexp-5.0.0.tgz 0ms (cache hit)
609 http cache escodegen@https://registry.npmjs.org/escodegen/-/escodegen-2.1.0.tgz 0ms (cache hit)
610 http cache escalade@https://registry.npmjs.org/escalade/-/escalade-3.2.0.tgz 0ms (cache hit)
611 http cache esast-util-from-estree@https://registry.npmjs.org/esast-util-from-estree/-/esast-util-from-estree-2.0.0.tgz 0ms (cache hit)
612 http cache esbuild@https://registry.npmjs.org/esbuild/-/esbuild-0.21.5.tgz 0ms (cache hit)
613 http cache esast-util-from-js@https://registry.npmjs.org/esast-util-from-js/-/esast-util-from-js-2.0.1.tgz 0ms (cache hit)
614 http cache es-module-lexer@https://registry.npmjs.org/es-module-lexer/-/es-module-lexer-1.7.0.tgz 0ms (cache hit)
615 http cache error-ex@https://registry.npmjs.org/error-ex/-/error-ex-1.3.4.tgz 0ms (cache hit)
616 http cache environment@https://registry.npmjs.org/environment/-/environment-1.1.0.tgz 0ms (cache hit)
617 http cache entities@https://registry.npmjs.org/entities/-/entities-6.0.1.tgz 0ms (cache hit)
618 http cache end-of-stream@https://registry.npmjs.org/end-of-stream/-/end-of-stream-1.4.5.tgz 0ms (cache hit)
619 http cache emoji-regex@https://registry.npmjs.org/emoji-regex/-/emoji-regex-10.6.0.tgz 0ms (cache hit)
620 http cache elkjs@https://registry.npmjs.org/elkjs/-/elkjs-0.9.3.tgz 0ms (cache hit)
621 http cache env-paths@https://registry.npmjs.org/env-paths/-/env-paths-2.2.1.tgz 0ms (cache hit)
622 http cache emoji-regex-xs@https://registry.npmjs.org/emoji-regex-xs/-/emoji-regex-xs-1.0.0.tgz 0ms (cache hit)
623 http cache es-toolkit@https://registry.npmjs.org/es-toolkit/-/es-toolkit-1.47.0.tgz 1ms (cache hit)
624 http cache dset@https://registry.npmjs.org/dset/-/dset-3.1.4.tgz 0ms (cache hit)
625 http cache dompurify@https://registry.npmjs.org/dompurify/-/dompurify-3.4.8.tgz 0ms (cache hit)
626 http cache dlv@https://registry.npmjs.org/dlv/-/dlv-1.1.3.tgz 0ms (cache hit)
627 http cache direction@https://registry.npmjs.org/direction/-/direction-2.0.1.tgz 0ms (cache hit)
628 http cache electron-to-chromium@https://registry.npmjs.org/electron-to-chromium/-/electron-to-chromium-1.5.373.tgz 0ms (cache hit)
629 http cache diff@https://registry.npmjs.org/diff/-/diff-5.2.2.tgz 0ms (cache hit)
630 http cache devlop@https://registry.npmjs.org/devlop/-/devlop-1.1.0.tgz 0ms (cache hit)
631 http cache dotenv@https://registry.npmjs.org/dotenv/-/dotenv-17.4.2.tgz 0ms (cache hit)
632 http cache devalue@https://registry.npmjs.org/devalue/-/devalue-5.8.1.tgz 0ms (cache hit)
633 http cache devtools-protocol@https://registry.npmjs.org/devtools-protocol/-/devtools-protocol-0.0.1608973.tgz 0ms (cache hit)
634 http cache detect-libc@https://registry.npmjs.org/detect-libc/-/detect-libc-2.1.2.tgz 0ms (cache hit)
635 http cache delaunator@https://registry.npmjs.org/delaunator/-/delaunator-5.1.0.tgz 0ms (cache hit)
636 http cache dequal@https://registry.npmjs.org/dequal/-/dequal-2.0.3.tgz 0ms (cache hit)
637 http cache decode-named-character-reference@https://registry.npmjs.org/decode-named-character-reference/-/decode-named-character-reference-1.3.0.tgz 0ms (cache hit)
638 http cache deterministic-object-hash@https://registry.npmjs.org/deterministic-object-hash/-/deterministic-object-hash-2.0.2.tgz 0ms (cache hit)
639 http cache debug@https://registry.npmjs.org/debug/-/debug-4.4.3.tgz 0ms (cache hit)
640 http cache dayjs@https://registry.npmjs.org/dayjs/-/dayjs-1.11.21.tgz 0ms (cache hit)
641 http cache decimal.js@https://registry.npmjs.org/decimal.js/-/decimal.js-10.6.0.tgz 0ms (cache hit)
642 http cache degenerator@https://registry.npmjs.org/degenerator/-/degenerator-5.0.1.tgz 0ms (cache hit)
643 http cache data-uri-to-buffer@https://registry.npmjs.org/data-uri-to-buffer/-/data-uri-to-buffer-6.0.2.tgz 0ms (cache hit)
644 http cache dagre-d3-es@https://registry.npmjs.org/dagre-d3-es/-/dagre-d3-es-7.0.14.tgz 1ms (cache hit)
645 http cache hast-util-embedded@https://registry.npmjs.org/hast-util-embedded/-/hast-util-embedded-3.0.0.tgz 0ms (cache hit)
646 http cache d3-zoom@https://registry.npmjs.org/d3-zoom/-/d3-zoom-3.0.0.tgz 0ms (cache hit)
647 http cache d3-timer@https://registry.npmjs.org/d3-timer/-/d3-timer-3.0.1.tgz 0ms (cache hit)
648 http cache d3-transition@https://registry.npmjs.org/d3-transition/-/d3-transition-3.0.1.tgz 0ms (cache hit)
649 http cache data-urls@https://registry.npmjs.org/data-urls/-/data-urls-7.0.0.tgz 0ms (cache hit)
650 http cache d3-time@https://registry.npmjs.org/d3-time/-/d3-time-3.1.0.tgz 0ms (cache hit)
651 http cache d3-shape@https://registry.npmjs.org/d3-shape/-/d3-shape-3.2.0.tgz 0ms (cache hit)
652 http cache d3-selection@https://registry.npmjs.org/d3-selection/-/d3-selection-3.0.0.tgz 0ms (cache hit)
653 http cache d3-scale-chromatic@https://registry.npmjs.org/d3-scale-chromatic/-/d3-scale-chromatic-3.1.0.tgz 0ms (cache hit)
654 http cache d3-sankey@https://registry.npmjs.org/d3-sankey/-/d3-sankey-0.12.3.tgz 0ms (cache hit)
655 http cache d3-scale@https://registry.npmjs.org/d3-scale/-/d3-scale-4.0.2.tgz 0ms (cache hit)
656 http cache d3-random@https://registry.npmjs.org/d3-random/-/d3-random-3.0.1.tgz 0ms (cache hit)
657 http cache d3-hierarchy@https://registry.npmjs.org/d3-hierarchy/-/d3-hierarchy-3.1.2.tgz 0ms (cache hit)
658 http cache d3-quadtree@https://registry.npmjs.org/d3-quadtree/-/d3-quadtree-3.0.1.tgz 0ms (cache hit)
659 http cache d3-polygon@https://registry.npmjs.org/d3-polygon/-/d3-polygon-3.0.1.tgz 0ms (cache hit)
660 http cache d3-geo@https://registry.npmjs.org/d3-geo/-/d3-geo-3.1.1.tgz 0ms (cache hit)
661 http cache d3-time-format@https://registry.npmjs.org/d3-time-format/-/d3-time-format-4.1.0.tgz 0ms (cache hit)
662 http cache d3-interpolate@https://registry.npmjs.org/d3-interpolate/-/d3-interpolate-3.0.1.tgz 0ms (cache hit)
663 http cache d3-format@https://registry.npmjs.org/d3-format/-/d3-format-3.1.2.tgz 0ms (cache hit)
664 http cache d3-fetch@https://registry.npmjs.org/d3-fetch/-/d3-fetch-3.0.1.tgz 0ms (cache hit)
665 http cache d3-path@https://registry.npmjs.org/d3-path/-/d3-path-3.1.0.tgz 0ms (cache hit)
666 http cache d3-ease@https://registry.npmjs.org/d3-ease/-/d3-ease-3.0.1.tgz 0ms (cache hit)
667 http cache d3-drag@https://registry.npmjs.org/d3-drag/-/d3-drag-3.0.0.tgz 0ms (cache hit)
668 http cache d3-dsv@https://registry.npmjs.org/d3-dsv/-/d3-dsv-3.0.1.tgz 0ms (cache hit)
669 http cache d3-dispatch@https://registry.npmjs.org/d3-dispatch/-/d3-dispatch-3.0.1.tgz 0ms (cache hit)
670 http cache d3-color@https://registry.npmjs.org/d3-color/-/d3-color-3.1.0.tgz 1ms (cache hit)
671 http cache d3-chord@https://registry.npmjs.org/d3-chord/-/d3-chord-3.0.1.tgz 0ms (cache hit)
672 http cache d3-brush@https://registry.npmjs.org/d3-brush/-/d3-brush-3.0.0.tgz 0ms (cache hit)
673 http cache d3-array@https://registry.npmjs.org/d3-array/-/d3-array-3.2.4.tgz 0ms (cache hit)
674 http cache d3-delaunay@https://registry.npmjs.org/d3-delaunay/-/d3-delaunay-6.0.4.tgz 0ms (cache hit)
675 http cache d3-contour@https://registry.npmjs.org/d3-contour/-/d3-contour-4.0.2.tgz 0ms (cache hit)
676 http cache d3-axis@https://registry.npmjs.org/d3-axis/-/d3-axis-3.0.0.tgz 0ms (cache hit)
677 http cache d3@https://registry.npmjs.org/d3/-/d3-7.9.0.tgz 0ms (cache hit)
678 http cache cytoscape-cose-bilkent@https://registry.npmjs.org/cytoscape-cose-bilkent/-/cytoscape-cose-bilkent-4.1.0.tgz 0ms (cache hit)
679 http cache cssesc@https://registry.npmjs.org/cssesc/-/cssesc-3.0.0.tgz 0ms (cache hit)
680 http cache cytoscape-fcose@https://registry.npmjs.org/cytoscape-fcose/-/cytoscape-fcose-2.2.0.tgz 0ms (cache hit)
681 http cache css-tree@https://registry.npmjs.org/css-tree/-/css-tree-3.2.1.tgz 0ms (cache hit)
682 http cache cytoscape@https://registry.npmjs.org/cytoscape/-/cytoscape-3.34.0.tgz 0ms (cache hit)
683 http cache cose-base@https://registry.npmjs.org/cose-base/-/cose-base-1.0.3.tgz 0ms (cache hit)
684 http cache cosmiconfig@https://registry.npmjs.org/cosmiconfig/-/cosmiconfig-9.0.2.tgz 0ms (cache hit)
685 http cache css-selector-parser@https://registry.npmjs.org/css-selector-parser/-/css-selector-parser-3.3.0.tgz 0ms (cache hit)
686 http cache cookie@https://registry.npmjs.org/cookie/-/cookie-0.7.2.tgz 0ms (cache hit)
687 http cache convert-source-map@https://registry.npmjs.org/convert-source-map/-/convert-source-map-2.0.0.tgz 0ms (cache hit)
688 http cache common-ancestor-path@https://registry.npmjs.org/common-ancestor-path/-/common-ancestor-path-1.0.1.tgz 0ms (cache hit)
689 http cache commander@https://registry.npmjs.org/commander/-/commander-7.2.0.tgz 0ms (cache hit)
690 http cache colorette@https://registry.npmjs.org/colorette/-/colorette-2.0.20.tgz 0ms (cache hit)
691 http cache color-string@https://registry.npmjs.org/color-string/-/color-string-1.9.1.tgz 0ms (cache hit)
692 http cache comma-separated-tokens@https://registry.npmjs.org/comma-separated-tokens/-/comma-separated-tokens-2.0.3.tgz 0ms (cache hit)
693 http cache color-name@https://registry.npmjs.org/color-name/-/color-name-1.1.4.tgz 0ms (cache hit)
694 http cache color@https://registry.npmjs.org/color/-/color-4.2.3.tgz 0ms (cache hit)
695 http cache color-convert@https://registry.npmjs.org/color-convert/-/color-convert-2.0.1.tgz 0ms (cache hit)
696 http cache collapse-white-space@https://registry.npmjs.org/collapse-white-space/-/collapse-white-space-2.1.0.tgz 0ms (cache hit)
697 http cache clsx@https://registry.npmjs.org/clsx/-/clsx-2.1.1.tgz 0ms (cache hit)
698 http cache cli-boxes@https://registry.npmjs.org/cli-boxes/-/cli-boxes-3.0.0.tgz 0ms (cache hit)
699 http cache cli-spinners@https://registry.npmjs.org/cli-spinners/-/cli-spinners-2.9.2.tgz 0ms (cache hit)
700 http cache cliui@https://registry.npmjs.org/cliui/-/cliui-8.0.1.tgz 0ms (cache hit)
701 http cache cli-cursor@https://registry.npmjs.org/cli-cursor/-/cli-cursor-5.0.0.tgz 0ms (cache hit)
702 http cache cli-truncate@https://registry.npmjs.org/cli-truncate/-/cli-truncate-5.2.0.tgz 0ms (cache hit)
703 http cache class-variance-authority@https://registry.npmjs.org/class-variance-authority/-/class-variance-authority-0.7.1.tgz 0ms (cache hit)
704 http cache ci-info@https://registry.npmjs.org/ci-info/-/ci-info-4.4.0.tgz 0ms (cache hit)
705 http cache character-reference-invalid@https://registry.npmjs.org/character-reference-invalid/-/character-reference-invalid-2.0.1.tgz 0ms (cache hit)
706 http cache character-entities-legacy@https://registry.npmjs.org/character-entities-legacy/-/character-entities-legacy-3.0.0.tgz 0ms (cache hit)
707 http cache character-entities@https://registry.npmjs.org/character-entities/-/character-entities-2.0.2.tgz 0ms (cache hit)
708 http cache character-entities-html4@https://registry.npmjs.org/character-entities-html4/-/character-entities-html4-2.1.0.tgz 0ms (cache hit)
709 http cache chromium-bidi@https://registry.npmjs.org/chromium-bidi/-/chromium-bidi-14.0.0.tgz 0ms (cache hit)
710 http cache ccount@https://registry.npmjs.org/ccount/-/ccount-2.0.1.tgz 0ms (cache hit)
711 http cache camelcase@https://registry.npmjs.org/camelcase/-/camelcase-8.0.0.tgz 0ms (cache hit)
712 http cache callsites@https://registry.npmjs.org/callsites/-/callsites-3.1.0.tgz 0ms (cache hit)
713 http cache chalk@https://registry.npmjs.org/chalk/-/chalk-5.6.2.tgz 0ms (cache hit)
714 http cache caniuse-lite@https://registry.npmjs.org/caniuse-lite/-/caniuse-lite-1.0.30001799.tgz 0ms (cache hit)
715 http cache buffer-crc32@https://registry.npmjs.org/buffer-crc32/-/buffer-crc32-0.2.13.tgz 0ms (cache hit)
716 http cache browserslist@https://registry.npmjs.org/browserslist/-/browserslist-4.28.2.tgz 0ms (cache hit)
717 http cache d3-force@https://registry.npmjs.org/d3-force/-/d3-force-3.0.0.tgz 0ms (cache hit)
718 http cache braces@https://registry.npmjs.org/braces/-/braces-3.0.3.tgz 0ms (cache hit)
719 http cache boxen@https://registry.npmjs.org/boxen/-/boxen-8.0.1.tgz 0ms (cache hit)
720 http cache bcp-47@https://registry.npmjs.org/bcp-47/-/bcp-47-2.1.0.tgz 0ms (cache hit)
721 http cache boolbase@https://registry.npmjs.org/boolbase/-/boolbase-1.0.0.tgz 0ms (cache hit)
722 http cache bidi-js@https://registry.npmjs.org/bidi-js/-/bidi-js-1.0.3.tgz 0ms (cache hit)
723 http cache bcp-47-match@https://registry.npmjs.org/bcp-47-match/-/bcp-47-match-2.0.3.tgz 0ms (cache hit)
724 http cache basic-ftp@https://registry.npmjs.org/basic-ftp/-/basic-ftp-5.3.1.tgz 0ms (cache hit)
725 http cache bare-url@https://registry.npmjs.org/bare-url/-/bare-url-2.4.5.tgz 1ms (cache hit)
726 http cache baseline-browser-mapping@https://registry.npmjs.org/baseline-browser-mapping/-/baseline-browser-mapping-2.10.37.tgz 0ms (cache hit)
727 http cache base-64@https://registry.npmjs.org/base-64/-/base-64-1.0.0.tgz 0ms (cache hit)
728 http cache bare-stream@https://registry.npmjs.org/bare-stream/-/bare-stream-2.13.1.tgz 0ms (cache hit)
729 http cache bare-path@https://registry.npmjs.org/bare-path/-/bare-path-3.0.1.tgz 0ms (cache hit)
730 http cache bare-fs@https://registry.npmjs.org/bare-fs/-/bare-fs-4.7.2.tgz 0ms (cache hit)
731 http cache bare-os@https://registry.npmjs.org/bare-os/-/bare-os-3.9.1.tgz 0ms (cache hit)
732 http cache bare-events@https://registry.npmjs.org/bare-events/-/bare-events-2.9.1.tgz 0ms (cache hit)
733 http cache axobject-query@https://registry.npmjs.org/axobject-query/-/axobject-query-4.1.0.tgz 0ms (cache hit)
734 http cache bail@https://registry.npmjs.org/bail/-/bail-2.0.2.tgz 0ms (cache hit)
735 http cache b4a@https://registry.npmjs.org/b4a/-/b4a-1.8.1.tgz 0ms (cache hit)
736 http cache astro-expressive-code@https://registry.npmjs.org/astro-expressive-code/-/astro-expressive-code-0.35.6.tgz 0ms (cache hit)
737 http cache astro@https://registry.npmjs.org/astro/-/astro-4.16.19.tgz 0ms (cache hit)
738 http cache ast-types@https://registry.npmjs.org/ast-types/-/ast-types-0.13.4.tgz 0ms (cache hit)
739 http cache astring@https://registry.npmjs.org/astring/-/astring-1.9.0.tgz 0ms (cache hit)
740 http cache array-iterate@https://registry.npmjs.org/array-iterate/-/array-iterate-2.0.1.tgz 0ms (cache hit)
741 http cache aria-hidden@https://registry.npmjs.org/aria-hidden/-/aria-hidden-1.2.6.tgz 0ms (cache hit)
742 http cache aria-query@https://registry.npmjs.org/aria-query/-/aria-query-5.3.2.tgz 0ms (cache hit)
743 http cache arg@https://registry.npmjs.org/arg/-/arg-5.0.2.tgz 0ms (cache hit)
744 http cache argparse@https://registry.npmjs.org/argparse/-/argparse-2.0.1.tgz 0ms (cache hit)
745 http cache antlr4@https://registry.npmjs.org/antlr4/-/antlr4-4.11.0.tgz 0ms (cache hit)
746 http cache ansi-regex@https://registry.npmjs.org/ansi-regex/-/ansi-regex-6.2.2.tgz 0ms (cache hit)
747 http cache ansi-escapes@https://registry.npmjs.org/ansi-escapes/-/ansi-escapes-7.3.0.tgz 0ms (cache hit)
748 http cache @upsetjs/venn.js@https://registry.npmjs.org/@upsetjs/venn.js/-/venn.js-2.0.0.tgz 0ms (cache hit)
749 http cache agent-base@https://registry.npmjs.org/agent-base/-/agent-base-7.1.4.tgz 0ms (cache hit)
750 http cache @ungap/structured-clone@https://registry.npmjs.org/@ungap/structured-clone/-/structured-clone-1.3.1.tgz 0ms (cache hit)
751 http cache ansi-styles@https://registry.npmjs.org/ansi-styles/-/ansi-styles-6.2.3.tgz 0ms (cache hit)
752 http cache @types/yauzl@https://registry.npmjs.org/@types/yauzl/-/yauzl-2.10.3.tgz 0ms (cache hit)
753 http cache acorn-jsx@https://registry.npmjs.org/acorn-jsx/-/acorn-jsx-5.3.2.tgz 0ms (cache hit)
754 http cache ansi-align@https://registry.npmjs.org/ansi-align/-/ansi-align-3.0.1.tgz 0ms (cache hit)
755 http cache acorn@https://registry.npmjs.org/acorn/-/acorn-8.16.0.tgz 0ms (cache hit)
756 http cache @types/trusted-types@https://registry.npmjs.org/@types/trusted-types/-/trusted-types-2.0.7.tgz 0ms (cache hit)
757 http cache @types/unist@https://registry.npmjs.org/@types/unist/-/unist-3.0.3.tgz 0ms (cache hit)
758 http cache @types/nlcst@https://registry.npmjs.org/@types/nlcst/-/nlcst-2.0.3.tgz 0ms (cache hit)
759 http cache @types/ms@https://registry.npmjs.org/@types/ms/-/ms-2.1.0.tgz 0ms (cache hit)
760 http cache @types/sax@https://registry.npmjs.org/@types/sax/-/sax-1.2.7.tgz 0ms (cache hit)
761 http cache @types/mdast@https://registry.npmjs.org/@types/mdast/-/mdast-4.0.4.tgz 0ms (cache hit)
762 http cache @types/hast@https://registry.npmjs.org/@types/hast/-/hast-3.0.4.tgz 0ms (cache hit)
763 http cache @types/node@https://registry.npmjs.org/@types/node/-/node-24.13.1.tgz 0ms (cache hit)
764 http cache @types/katex@https://registry.npmjs.org/@types/katex/-/katex-0.16.8.tgz 0ms (cache hit)
765 http cache @types/mdx@https://registry.npmjs.org/@types/mdx/-/mdx-2.0.14.tgz 0ms (cache hit)
766 http cache @types/estree-jsx@https://registry.npmjs.org/@types/estree-jsx/-/estree-jsx-1.0.5.tgz 0ms (cache hit)
767 http cache @types/geojson@https://registry.npmjs.org/@types/geojson/-/geojson-7946.0.16.tgz 0ms (cache hit)
768 http cache @types/d3-transition@https://registry.npmjs.org/@types/d3-transition/-/d3-transition-3.0.9.tgz 0ms (cache hit)
769 http cache @types/d3-timer@https://registry.npmjs.org/@types/d3-timer/-/d3-timer-3.0.2.tgz 0ms (cache hit)
770 http cache @types/debug@https://registry.npmjs.org/@types/debug/-/debug-4.1.13.tgz 0ms (cache hit)
771 http cache @types/d3-zoom@https://registry.npmjs.org/@types/d3-zoom/-/d3-zoom-3.0.8.tgz 0ms (cache hit)
772 http cache @types/estree@https://registry.npmjs.org/@types/estree/-/estree-1.0.9.tgz 0ms (cache hit)
773 http cache @types/d3-time@https://registry.npmjs.org/@types/d3-time/-/d3-time-3.0.4.tgz 0ms (cache hit)
774 http cache @types/d3-selection@https://registry.npmjs.org/@types/d3-selection/-/d3-selection-3.0.11.tgz 0ms (cache hit)
775 http cache @types/d3-scale-chromatic@https://registry.npmjs.org/@types/d3-scale-chromatic/-/d3-scale-chromatic-3.1.0.tgz 0ms (cache hit)
776 http cache @types/d3-shape@https://registry.npmjs.org/@types/d3-shape/-/d3-shape-3.1.8.tgz 0ms (cache hit)
777 http cache @types/d3-scale@https://registry.npmjs.org/@types/d3-scale/-/d3-scale-4.0.9.tgz 0ms (cache hit)
778 http cache @types/d3-quadtree@https://registry.npmjs.org/@types/d3-quadtree/-/d3-quadtree-3.0.6.tgz 0ms (cache hit)
779 http cache @types/d3-time-format@https://registry.npmjs.org/@types/d3-time-format/-/d3-time-format-4.0.3.tgz 0ms (cache hit)
780 http cache @types/d3-polygon@https://registry.npmjs.org/@types/d3-polygon/-/d3-polygon-3.0.2.tgz 0ms (cache hit)
781 http cache @types/d3-path@https://registry.npmjs.org/@types/d3-path/-/d3-path-3.1.1.tgz 0ms (cache hit)
782 http cache @types/d3-geo@https://registry.npmjs.org/@types/d3-geo/-/d3-geo-3.1.0.tgz 0ms (cache hit)
783 http cache @types/d3-interpolate@https://registry.npmjs.org/@types/d3-interpolate/-/d3-interpolate-3.0.4.tgz 0ms (cache hit)
784 http cache @types/d3-force@https://registry.npmjs.org/@types/d3-force/-/d3-force-3.0.10.tgz 0ms (cache hit)
785 http cache @types/d3-ease@https://registry.npmjs.org/@types/d3-ease/-/d3-ease-3.0.2.tgz 0ms (cache hit)
786 http cache @types/d3-format@https://registry.npmjs.org/@types/d3-format/-/d3-format-3.0.4.tgz 1ms (cache hit)
787 http cache @types/d3-dsv@https://registry.npmjs.org/@types/d3-dsv/-/d3-dsv-3.0.7.tgz 0ms (cache hit)
788 http cache @types/d3-fetch@https://registry.npmjs.org/@types/d3-fetch/-/d3-fetch-3.0.7.tgz 0ms (cache hit)
789 http cache @types/d3-hierarchy@https://registry.npmjs.org/@types/d3-hierarchy/-/d3-hierarchy-3.1.7.tgz 0ms (cache hit)
790 http cache @types/d3-drag@https://registry.npmjs.org/@types/d3-drag/-/d3-drag-3.0.7.tgz 0ms (cache hit)
791 http cache @types/d3-delaunay@https://registry.npmjs.org/@types/d3-delaunay/-/d3-delaunay-6.0.4.tgz 0ms (cache hit)
792 http cache @types/d3-contour@https://registry.npmjs.org/@types/d3-contour/-/d3-contour-3.0.6.tgz 0ms (cache hit)
793 http cache @types/d3-random@https://registry.npmjs.org/@types/d3-random/-/d3-random-3.0.3.tgz 0ms (cache hit)
794 http cache @types/d3-chord@https://registry.npmjs.org/@types/d3-chord/-/d3-chord-3.0.6.tgz 0ms (cache hit)
795 http cache @types/d3-color@https://registry.npmjs.org/@types/d3-color/-/d3-color-3.1.3.tgz 0ms (cache hit)
796 http cache @types/d3-axis@https://registry.npmjs.org/@types/d3-axis/-/d3-axis-3.0.6.tgz 0ms (cache hit)
797 http cache @types/d3-brush@https://registry.npmjs.org/@types/d3-brush/-/d3-brush-3.0.6.tgz 0ms (cache hit)
798 http cache @types/d3-array@https://registry.npmjs.org/@types/d3-array/-/d3-array-3.2.2.tgz 0ms (cache hit)
799 http cache @types/d3@https://registry.npmjs.org/@types/d3/-/d3-7.4.3.tgz 0ms (cache hit)
800 http cache @types/cookie@https://registry.npmjs.org/@types/cookie/-/cookie-0.6.0.tgz 0ms (cache hit)
801 http cache @types/babel__generator@https://registry.npmjs.org/@types/babel__generator/-/babel__generator-7.27.0.tgz 0ms (cache hit)
802 http cache @types/babel__core@https://registry.npmjs.org/@types/babel__core/-/babel__core-7.20.5.tgz 0ms (cache hit)
803 http cache @types/babel__template@https://registry.npmjs.org/@types/babel__template/-/babel__template-7.4.4.tgz 0ms (cache hit)
804 http cache @swc/helpers@https://registry.npmjs.org/@swc/helpers/-/helpers-0.5.23.tgz 0ms (cache hit)
805 http cache @types/babel__traverse@https://registry.npmjs.org/@types/babel__traverse/-/babel__traverse-7.28.0.tgz 0ms (cache hit)
806 http cache @tanstack/react-virtual@https://registry.npmjs.org/@tanstack/react-virtual/-/react-virtual-3.14.3.tgz 0ms (cache hit)
807 http cache @tootallnate/quickjs-emscripten@https://registry.npmjs.org/@tootallnate/quickjs-emscripten/-/quickjs-emscripten-0.23.0.tgz 0ms (cache hit)
808 http cache @tanstack/virtual-core@https://registry.npmjs.org/@tanstack/virtual-core/-/virtual-core-3.17.1.tgz 0ms (cache hit)
809 http cache @types/d3-dispatch@https://registry.npmjs.org/@types/d3-dispatch/-/d3-dispatch-3.0.7.tgz 0ms (cache hit)
810 http cache @shikijs/types@https://registry.npmjs.org/@shikijs/types/-/types-1.29.2.tgz 0ms (cache hit)
811 http cache @shikijs/vscode-textmate@https://registry.npmjs.org/@shikijs/vscode-textmate/-/vscode-textmate-10.0.2.tgz 0ms (cache hit)
812 http cache @shikijs/themes@https://registry.npmjs.org/@shikijs/themes/-/themes-1.29.2.tgz 0ms (cache hit)
813 http cache @shikijs/langs@https://registry.npmjs.org/@shikijs/langs/-/langs-1.29.2.tgz 0ms (cache hit)
814 http cache @rollup/rollup-win32-x64-msvc@https://registry.npmjs.org/@rollup/rollup-win32-x64-msvc/-/rollup-win32-x64-msvc-4.61.1.tgz 0ms (cache hit)
815 http cache @rollup/rollup-win32-x64-gnu@https://registry.npmjs.org/@rollup/rollup-win32-x64-gnu/-/rollup-win32-x64-gnu-4.61.1.tgz 0ms (cache hit)
816 http cache @shikijs/engine-oniguruma@https://registry.npmjs.org/@shikijs/engine-oniguruma/-/engine-oniguruma-1.29.2.tgz 0ms (cache hit)
817 http cache @shikijs/core@https://registry.npmjs.org/@shikijs/core/-/core-1.29.2.tgz 0ms (cache hit)
818 http cache @rollup/pluginutils@https://registry.npmjs.org/@rollup/pluginutils/-/pluginutils-5.4.0.tgz 0ms (cache hit)
819 http cache @react-aria/focus@https://registry.npmjs.org/@react-aria/focus/-/focus-3.22.1.tgz 0ms (cache hit)
820 http cache @puppeteer/browsers@https://registry.npmjs.org/@puppeteer/browsers/-/browsers-2.13.2.tgz 0ms (cache hit)
821 http cache @react-aria/interactions@https://registry.npmjs.org/@react-aria/interactions/-/interactions-3.28.1.tgz 0ms (cache hit)
822 http cache @shikijs/engine-javascript@https://registry.npmjs.org/@shikijs/engine-javascript/-/engine-javascript-1.29.2.tgz 0ms (cache hit)
823 http cache @pagefind/default-ui@https://registry.npmjs.org/@pagefind/default-ui/-/default-ui-1.5.2.tgz 0ms (cache hit)
824 http cache @pagefind/windows-x64@https://registry.npmjs.org/@pagefind/windows-x64/-/windows-x64-1.5.2.tgz 0ms (cache hit)
825 http cache @oslojs/encoding@https://registry.npmjs.org/@oslojs/encoding/-/encoding-1.1.0.tgz 0ms (cache hit)
826 http cache @napi-rs/canvas@https://registry.npmjs.org/@napi-rs/canvas/-/canvas-0.1.100.tgz 0ms (cache hit)
827 http cache @nodelib/fs.stat@https://registry.npmjs.org/@nodelib/fs.stat/-/fs.stat-2.0.5.tgz 0ms (cache hit)
828 http cache @react-types/shared@https://registry.npmjs.org/@react-types/shared/-/shared-3.35.0.tgz 0ms (cache hit)
829 http cache @nodelib/fs.walk@https://registry.npmjs.org/@nodelib/fs.walk/-/fs.walk-1.2.8.tgz 0ms (cache hit)
830 http cache @nodelib/fs.scandir@https://registry.npmjs.org/@nodelib/fs.scandir/-/fs.scandir-2.1.5.tgz 0ms (cache hit)
831 http cache @napi-rs/canvas-win32-x64-msvc@https://registry.npmjs.org/@napi-rs/canvas-win32-x64-msvc/-/canvas-win32-x64-msvc-0.1.100.tgz 0ms (cache hit)
832 http cache @mermaid-js/mermaid-zenuml@https://registry.npmjs.org/@mermaid-js/mermaid-zenuml/-/mermaid-zenuml-0.2.3.tgz 0ms (cache hit)
833 http cache @mermaid-js/layout-elk@https://registry.npmjs.org/@mermaid-js/layout-elk/-/layout-elk-0.2.1.tgz 0ms (cache hit)
834 http cache @mermaid-js/layout-tidy-tree@https://registry.npmjs.org/@mermaid-js/layout-tidy-tree/-/layout-tidy-tree-0.2.2.tgz 0ms (cache hit)
835 http cache @mermaid-js/parser@https://registry.npmjs.org/@mermaid-js/parser/-/parser-1.1.1.tgz 0ms (cache hit)
836 http cache @mdx-js/mdx@https://registry.npmjs.org/@mdx-js/mdx/-/mdx-3.1.1.tgz 0ms (cache hit)
837 http cache @mermaid-js/mermaid-cli@https://registry.npmjs.org/@mermaid-js/mermaid-cli/-/mermaid-cli-11.15.0.tgz 0ms (cache hit)
838 http cache @jridgewell/sourcemap-codec@https://registry.npmjs.org/@jridgewell/sourcemap-codec/-/sourcemap-codec-1.5.5.tgz 0ms (cache hit)
839 http cache @jridgewell/trace-mapping@https://registry.npmjs.org/@jridgewell/trace-mapping/-/trace-mapping-0.3.31.tgz 0ms (cache hit)
840 http cache @internationalized/date@https://registry.npmjs.org/@internationalized/date/-/date-3.12.2.tgz 0ms (cache hit)
841 http cache @internationalized/string@https://registry.npmjs.org/@internationalized/string/-/string-3.2.9.tgz 0ms (cache hit)
842 http cache @jridgewell/resolve-uri@https://registry.npmjs.org/@jridgewell/resolve-uri/-/resolve-uri-3.1.2.tgz 0ms (cache hit)
843 http cache @jridgewell/gen-mapping@https://registry.npmjs.org/@jridgewell/gen-mapping/-/gen-mapping-0.3.13.tgz 0ms (cache hit)
844 http cache @jridgewell/remapping@https://registry.npmjs.org/@jridgewell/remapping/-/remapping-2.3.5.tgz 0ms (cache hit)
845 http cache @internationalized/number@https://registry.npmjs.org/@internationalized/number/-/number-3.6.7.tgz 0ms (cache hit)
846 http cache @iconify/utils@https://registry.npmjs.org/@iconify/utils/-/utils-3.1.3.tgz 0ms (cache hit)
847 http cache @iconify/types@https://registry.npmjs.org/@iconify/types/-/types-2.0.0.tgz 0ms (cache hit)
848 http cache @img/sharp-win32-x64@https://registry.npmjs.org/@img/sharp-win32-x64/-/sharp-win32-x64-0.34.5.tgz 0ms (cache hit)
849 http cache @img/colour@https://registry.npmjs.org/@img/colour/-/colour-1.1.0.tgz 0ms (cache hit)
850 http cache @headlessui/react@https://registry.npmjs.org/@headlessui/react/-/react-2.2.10.tgz 0ms (cache hit)
851 http cache @headlessui/tailwindcss@https://registry.npmjs.org/@headlessui/tailwindcss/-/tailwindcss-0.2.2.tgz 1ms (cache hit)
852 http cache @floating-ui/react@https://registry.npmjs.org/@floating-ui/react/-/react-0.27.19.tgz 0ms (cache hit)
853 http cache @fortawesome/fontawesome-free@https://registry.npmjs.org/@fortawesome/fontawesome-free/-/fontawesome-free-6.7.2.tgz 0ms (cache hit)
854 http cache @floating-ui/utils@https://registry.npmjs.org/@floating-ui/utils/-/utils-0.2.11.tgz 0ms (cache hit)
855 http cache @floating-ui/react-dom@https://registry.npmjs.org/@floating-ui/react-dom/-/react-dom-2.1.8.tgz 0ms (cache hit)
856 http cache @floating-ui/dom@https://registry.npmjs.org/@floating-ui/dom/-/dom-1.7.6.tgz 0ms (cache hit)
857 http cache @expressive-code/plugin-shiki@https://registry.npmjs.org/@expressive-code/plugin-shiki/-/plugin-shiki-0.35.6.tgz 0ms (cache hit)
858 http cache @floating-ui/core@https://registry.npmjs.org/@floating-ui/core/-/core-1.7.5.tgz 0ms (cache hit)
859 http cache @expressive-code/plugin-text-markers@https://registry.npmjs.org/@expressive-code/plugin-text-markers/-/plugin-text-markers-0.35.6.tgz 0ms (cache hit)
860 http cache @expressive-code/core@https://registry.npmjs.org/@expressive-code/core/-/core-0.35.6.tgz 0ms (cache hit)
861 http cache @expressive-code/plugin-frames@https://registry.npmjs.org/@expressive-code/plugin-frames/-/plugin-frames-0.35.6.tgz 1ms (cache hit)
862 http cache @exodus/bytes@https://registry.npmjs.org/@exodus/bytes/-/bytes-1.15.1.tgz 0ms (cache hit)
863 http cache @emnapi/runtime@https://registry.npmjs.org/@emnapi/runtime/-/runtime-1.10.0.tgz 0ms (cache hit)
864 http cache @ctrl/tinycolor@https://registry.npmjs.org/@ctrl/tinycolor/-/tinycolor-4.2.0.tgz 0ms (cache hit)
865 http cache @esbuild/win32-x64@https://registry.npmjs.org/@esbuild/win32-x64/-/win32-x64-0.21.5.tgz 0ms (cache hit)
866 http cache @csstools/css-parser-algorithms@https://registry.npmjs.org/@csstools/css-parser-algorithms/-/css-parser-algorithms-4.0.0.tgz 0ms (cache hit)
867 http cache @chevrotain/types@https://registry.npmjs.org/@chevrotain/types/-/types-11.1.2.tgz 0ms (cache hit)
868 http cache @csstools/css-syntax-patches-for-csstree@https://registry.npmjs.org/@csstools/css-syntax-patches-for-csstree/-/css-syntax-patches-for-csstree-1.1.5.tgz 0ms (cache hit)
869 http cache @csstools/css-calc@https://registry.npmjs.org/@csstools/css-calc/-/css-calc-3.2.1.tgz 0ms (cache hit)
870 http cache @csstools/css-tokenizer@https://registry.npmjs.org/@csstools/css-tokenizer/-/css-tokenizer-4.0.0.tgz 0ms (cache hit)
871 http cache @braintree/sanitize-url@https://registry.npmjs.org/@braintree/sanitize-url/-/sanitize-url-7.1.2.tgz 0ms (cache hit)
872 http cache @csstools/css-color-parser@https://registry.npmjs.org/@csstools/css-color-parser/-/css-color-parser-4.1.7.tgz 0ms (cache hit)
873 http cache @bramus/specificity@https://registry.npmjs.org/@bramus/specificity/-/specificity-2.4.2.tgz 0ms (cache hit)
874 http cache @csstools/color-helpers@https://registry.npmjs.org/@csstools/color-helpers/-/color-helpers-6.0.2.tgz 0ms (cache hit)
875 http cache @babel/plugin-transform-react-jsx@https://registry.npmjs.org/@babel/plugin-transform-react-jsx/-/plugin-transform-react-jsx-7.29.7.tgz 0ms (cache hit)
876 http cache @babel/types@https://registry.npmjs.org/@babel/types/-/types-7.29.7.tgz 0ms (cache hit)
877 http cache @babel/parser@https://registry.npmjs.org/@babel/parser/-/parser-7.29.7.tgz 0ms (cache hit)
878 http cache @babel/traverse@https://registry.npmjs.org/@babel/traverse/-/traverse-7.29.7.tgz 0ms (cache hit)
879 http cache @babel/plugin-syntax-jsx@https://registry.npmjs.org/@babel/plugin-syntax-jsx/-/plugin-syntax-jsx-7.29.7.tgz 0ms (cache hit)
880 http cache @babel/helpers@https://registry.npmjs.org/@babel/helpers/-/helpers-7.29.7.tgz 0ms (cache hit)
881 http cache @babel/helper-validator-option@https://registry.npmjs.org/@babel/helper-validator-option/-/helper-validator-option-7.29.7.tgz 0ms (cache hit)
882 http cache @babel/helper-plugin-utils@https://registry.npmjs.org/@babel/helper-plugin-utils/-/helper-plugin-utils-7.29.7.tgz 0ms (cache hit)
883 http cache @babel/helper-string-parser@https://registry.npmjs.org/@babel/helper-string-parser/-/helper-string-parser-7.29.7.tgz 0ms (cache hit)
884 http cache @babel/template@https://registry.npmjs.org/@babel/template/-/template-7.29.7.tgz 0ms (cache hit)
885 http cache @babel/helper-module-imports@https://registry.npmjs.org/@babel/helper-module-imports/-/helper-module-imports-7.29.7.tgz 0ms (cache hit)
886 http cache @babel/helper-validator-identifier@https://registry.npmjs.org/@babel/helper-validator-identifier/-/helper-validator-identifier-7.29.7.tgz 0ms (cache hit)
887 http cache @babel/helper-module-transforms@https://registry.npmjs.org/@babel/helper-module-transforms/-/helper-module-transforms-7.29.7.tgz 0ms (cache hit)
888 http cache @babel/generator@https://registry.npmjs.org/@babel/generator/-/generator-7.29.7.tgz 0ms (cache hit)
889 http cache @babel/helper-globals@https://registry.npmjs.org/@babel/helper-globals/-/helper-globals-7.29.7.tgz 0ms (cache hit)
890 http cache @babel/core@https://registry.npmjs.org/@babel/core/-/core-7.29.7.tgz 0ms (cache hit)
891 http cache @babel/code-frame@https://registry.npmjs.org/@babel/code-frame/-/code-frame-7.29.7.tgz 0ms (cache hit)
892 http cache @babel/compat-data@https://registry.npmjs.org/@babel/compat-data/-/compat-data-7.29.7.tgz 0ms (cache hit)
893 http cache @babel/helper-annotate-as-pure@https://registry.npmjs.org/@babel/helper-annotate-as-pure/-/helper-annotate-as-pure-7.29.7.tgz 0ms (cache hit)
894 http cache @babel/helper-compilation-targets@https://registry.npmjs.org/@babel/helper-compilation-targets/-/helper-compilation-targets-7.29.7.tgz 0ms (cache hit)
895 http cache @astrojs/telemetry@https://registry.npmjs.org/@astrojs/telemetry/-/telemetry-3.1.0.tgz 0ms (cache hit)
896 http cache @astrojs/sitemap@https://registry.npmjs.org/@astrojs/sitemap/-/sitemap-3.1.6.tgz 0ms (cache hit)
897 http cache @astrojs/starlight@https://registry.npmjs.org/@astrojs/starlight/-/starlight-0.23.4.tgz 0ms (cache hit)
898 http cache @astrojs/mdx@https://registry.npmjs.org/@astrojs/mdx/-/mdx-3.1.9.tgz 0ms (cache hit)
899 http cache @astrojs/markdown-remark@https://registry.npmjs.org/@astrojs/markdown-remark/-/markdown-remark-5.3.0.tgz 0ms (cache hit)
900 http cache @astrojs/internal-helpers@https://registry.npmjs.org/@astrojs/internal-helpers/-/internal-helpers-0.4.1.tgz 0ms (cache hit)
901 http cache @asamuzakjp/nwsapi@https://registry.npmjs.org/@asamuzakjp/nwsapi/-/nwsapi-2.3.9.tgz 0ms (cache hit)
902 http cache @astrojs/compiler@https://registry.npmjs.org/@astrojs/compiler/-/compiler-2.13.1.tgz 0ms (cache hit)
903 http cache @astrojs/prism@https://registry.npmjs.org/@astrojs/prism/-/prism-3.1.0.tgz 0ms (cache hit)
904 http cache string-width@https://registry.npmjs.org/string-width/-/string-width-4.2.3.tgz 0ms (cache hit)
905 http cache @antfu/install-pkg@https://registry.npmjs.org/@antfu/install-pkg/-/install-pkg-1.1.0.tgz 0ms (cache hit)
906 http cache @asamuzakjp/css-color@https://registry.npmjs.org/@asamuzakjp/css-color/-/css-color-5.1.11.tgz 0ms (cache hit)
907 http cache @asamuzakjp/generational-cache@https://registry.npmjs.org/@asamuzakjp/generational-cache/-/generational-cache-1.0.1.tgz 0ms (cache hit)
908 http cache @asamuzakjp/dom-selector@https://registry.npmjs.org/@asamuzakjp/dom-selector/-/dom-selector-7.1.1.tgz 0ms (cache hit)
909 http cache lru-cache@https://registry.npmjs.org/lru-cache/-/lru-cache-7.18.3.tgz 0ms (cache hit)
910 http cache strip-ansi@https://registry.npmjs.org/strip-ansi/-/strip-ansi-6.0.1.tgz 0ms (cache hit)
911 http cache emoji-regex@https://registry.npmjs.org/emoji-regex/-/emoji-regex-8.0.0.tgz 0ms (cache hit)
912 http cache is-fullwidth-code-point@https://registry.npmjs.org/is-fullwidth-code-point/-/is-fullwidth-code-point-5.1.0.tgz 0ms (cache hit)
913 http cache kleur@https://registry.npmjs.org/kleur/-/kleur-3.0.3.tgz 0ms (cache hit)
914 http cache @types/unist@https://registry.npmjs.org/@types/unist/-/unist-2.0.11.tgz 0ms (cache hit)
915 http cache p-limit@https://registry.npmjs.org/p-limit/-/p-limit-2.3.0.tgz 0ms (cache hit)
916 http cache ansi-regex@https://registry.npmjs.org/ansi-regex/-/ansi-regex-5.0.1.tgz 0ms (cache hit)
917 http cache picomatch@https://registry.npmjs.org/picomatch/-/picomatch-2.3.2.tgz 0ms (cache hit)
918 http cache @types/node@https://registry.npmjs.org/@types/node/-/node-17.0.45.tgz 0ms (cache hit)
919 http cache js-yaml@https://registry.npmjs.org/js-yaml/-/js-yaml-3.14.2.tgz 0ms (cache hit)
920 http cache is-unicode-supported@https://registry.npmjs.org/is-unicode-supported/-/is-unicode-supported-1.3.0.tgz 0ms (cache hit)
921 http cache tinyexec@https://registry.npmjs.org/tinyexec/-/tinyexec-1.2.4.tgz 0ms (cache hit)
922 http cache is-fullwidth-code-point@https://registry.npmjs.org/is-fullwidth-code-point/-/is-fullwidth-code-point-5.1.0.tgz 0ms (cache hit)
923 http cache commander@https://registry.npmjs.org/commander/-/commander-8.3.0.tgz 0ms (cache hit)
924 http cache argparse@https://registry.npmjs.org/argparse/-/argparse-1.0.10.tgz 0ms (cache hit)
925 http cache commander@https://registry.npmjs.org/commander/-/commander-14.0.3.tgz 0ms (cache hit)
926 http cache slice-ansi@https://registry.npmjs.org/slice-ansi/-/slice-ansi-7.1.2.tgz 0ms (cache hit)
927 http cache parse5@https://registry.npmjs.org/parse5/-/parse5-8.0.1.tgz 0ms (cache hit)
928 http cache entities@https://registry.npmjs.org/entities/-/entities-8.0.0.tgz 0ms (cache hit)
929 http cache lru-cache@https://registry.npmjs.org/lru-cache/-/lru-cache-11.5.1.tgz 0ms (cache hit)
930 http cache property-information@https://registry.npmjs.org/property-information/-/property-information-6.5.0.tgz 0ms (cache hit)
931 http cache js-yaml@https://registry.npmjs.org/js-yaml/-/js-yaml-3.14.2.tgz 0ms (cache hit)
932 http cache hastscript@https://registry.npmjs.org/hastscript/-/hastscript-9.0.1.tgz 0ms (cache hit)
933 http cache hastscript@https://registry.npmjs.org/hastscript/-/hastscript-9.0.1.tgz 0ms (cache hit)
934 http cache is-arrayish@https://registry.npmjs.org/is-arrayish/-/is-arrayish-0.2.1.tgz 0ms (cache hit)
935 http cache d3-shape@https://registry.npmjs.org/d3-shape/-/d3-shape-1.3.7.tgz 0ms (cache hit)
936 http cache source-map@https://registry.npmjs.org/source-map/-/source-map-0.6.1.tgz 0ms (cache hit)
937 http cache d3-array@https://registry.npmjs.org/d3-array/-/d3-array-2.12.1.tgz 0ms (cache hit)
938 http cache internmap@https://registry.npmjs.org/internmap/-/internmap-1.0.1.tgz 0ms (cache hit)
939 http cache argparse@https://registry.npmjs.org/argparse/-/argparse-1.0.10.tgz 0ms (cache hit)
940 http cache layout-base@https://registry.npmjs.org/layout-base/-/layout-base-2.0.1.tgz 0ms (cache hit)
941 http cache cose-base@https://registry.npmjs.org/cose-base/-/cose-base-2.2.0.tgz 0ms (cache hit)
942 http cache wrap-ansi@https://registry.npmjs.org/wrap-ansi/-/wrap-ansi-7.0.0.tgz 0ms (cache hit)
943 http cache string-width@https://registry.npmjs.org/string-width/-/string-width-8.2.1.tgz 0ms (cache hit)
944 http cache string-width@https://registry.npmjs.org/string-width/-/string-width-4.2.3.tgz 0ms (cache hit)
945 http cache strip-ansi@https://registry.npmjs.org/strip-ansi/-/strip-ansi-6.0.1.tgz 0ms (cache hit)
946 http cache d3-path@https://registry.npmjs.org/d3-path/-/d3-path-1.0.9.tgz 0ms (cache hit)
947 http cache emoji-regex@https://registry.npmjs.org/emoji-regex/-/emoji-regex-8.0.0.tgz 0ms (cache hit)
948 http cache ansi-regex@https://registry.npmjs.org/ansi-regex/-/ansi-regex-5.0.1.tgz 0ms (cache hit)
949 http cache sharp@https://registry.npmjs.org/sharp/-/sharp-0.33.5.tgz 0ms (cache hit)
950 http cache ansi-styles@https://registry.npmjs.org/ansi-styles/-/ansi-styles-4.3.0.tgz 0ms (cache hit)
951 http cache @img/sharp-win32-x64@https://registry.npmjs.org/@img/sharp-win32-x64/-/sharp-win32-x64-0.33.5.tgz 0ms (cache hit)
952 http cache ansi-regex@https://registry.npmjs.org/ansi-regex/-/ansi-regex-5.0.1.tgz 0ms (cache hit)
953 http cache string-width@https://registry.npmjs.org/string-width/-/string-width-4.2.3.tgz 0ms (cache hit)
954 http cache emoji-regex@https://registry.npmjs.org/emoji-regex/-/emoji-regex-8.0.0.tgz 0ms (cache hit)
955 http cache strip-ansi@https://registry.npmjs.org/strip-ansi/-/strip-ansi-6.0.1.tgz 0ms (cache hit)
956 http cache commander@https://registry.npmjs.org/commander/-/commander-13.1.0.tgz 0ms (cache hit)
957 http cache estree-walker@https://registry.npmjs.org/estree-walker/-/estree-walker-2.0.2.tgz 0ms (cache hit)
958 http cache playwright-core@https://registry.npmjs.org/playwright-core/-/playwright-core-1.57.0.tgz 0ms (cache hit)
959 http cache color-name@https://registry.npmjs.org/color-name/-/color-name-2.1.0.tgz 0ms (cache hit)
960 http cache @floating-ui/react@https://registry.npmjs.org/@floating-ui/react/-/react-0.26.28.tgz 0ms (cache hit)
961 http cache hastscript@https://registry.npmjs.org/hastscript/-/hastscript-9.0.1.tgz 0ms (cache hit)
962 http cache color-string@https://registry.npmjs.org/color-string/-/color-string-2.1.4.tgz 0ms (cache hit)
963 http cache tinyexec@https://registry.npmjs.org/tinyexec/-/tinyexec-1.2.4.tgz 0ms (cache hit)
964 http cache @zenuml/core@https://registry.npmjs.org/@zenuml/core/-/core-3.50.0.tgz 0ms (cache hit)
965 silly tarball no local data for zwitch@https://registry.npmjs.org/zwitch/-/zwitch-2.0.4.tgz. Extracting by manifest.
966 silly tarball no local data for zod-to-json-schema@https://registry.npmjs.org/zod-to-json-schema/-/zod-to-json-schema-3.25.2.tgz. Extracting by manifest.
967 silly tarball no local data for zod-to-ts@https://registry.npmjs.org/zod-to-ts/-/zod-to-ts-1.2.0.tgz. Extracting by manifest.
968 http cache semver@https://registry.npmjs.org/semver/-/semver-6.3.1.tgz 0ms (cache hit)
969 silly tarball no local data for zod@https://registry.npmjs.org/zod/-/zod-3.25.76.tgz. Extracting by manifest.
970 silly tarball no local data for yauzl@https://registry.npmjs.org/yauzl/-/yauzl-2.10.0.tgz. Extracting by manifest.
971 silly tarball no local data for yocto-queue@https://registry.npmjs.org/yocto-queue/-/yocto-queue-1.2.2.tgz. Extracting by manifest.
972 silly tarball no local data for yargs-parser@https://registry.npmjs.org/yargs-parser/-/yargs-parser-21.1.1.tgz. Extracting by manifest.
973 silly tarball no local data for yargs@https://registry.npmjs.org/yargs/-/yargs-17.7.2.tgz. Extracting by manifest.
974 http cache marked@https://registry.npmjs.org/marked/-/marked-4.3.0.tgz 0ms (cache hit)
975 http cache semver@https://registry.npmjs.org/semver/-/semver-6.3.1.tgz 0ms (cache hit)
976 silly tarball no local data for yaml@https://registry.npmjs.org/yaml/-/yaml-2.9.0.tgz. Extracting by manifest.
977 silly tarball no local data for yallist@https://registry.npmjs.org/yallist/-/yallist-3.1.1.tgz. Extracting by manifest.
978 silly tarball no local data for ws@https://registry.npmjs.org/ws/-/ws-8.21.0.tgz. Extracting by manifest.
979 silly tarball no local data for xmlchars@https://registry.npmjs.org/xmlchars/-/xmlchars-2.2.0.tgz. Extracting by manifest.
980 silly tarball no local data for y18n@https://registry.npmjs.org/y18n/-/y18n-5.0.8.tgz. Extracting by manifest.
981 silly tarball no local data for wrappy@https://registry.npmjs.org/wrappy/-/wrappy-1.0.2.tgz. Extracting by manifest.
982 silly tarball no local data for xxhash-wasm@https://registry.npmjs.org/xxhash-wasm/-/xxhash-wasm-1.1.0.tgz. Extracting by manifest.
983 silly tarball no local data for widest-line@https://registry.npmjs.org/widest-line/-/widest-line-5.0.0.tgz. Extracting by manifest.
984 silly tarball no local data for wrap-ansi@https://registry.npmjs.org/wrap-ansi/-/wrap-ansi-9.0.2.tgz. Extracting by manifest.
985 silly tarball no local data for which-pm-runs@https://registry.npmjs.org/which-pm-runs/-/which-pm-runs-1.1.0.tgz. Extracting by manifest.
986 silly tarball no local data for which-pm@https://registry.npmjs.org/which-pm/-/which-pm-3.0.1.tgz. Extracting by manifest.
987 silly tarball no local data for whatwg-mimetype@https://registry.npmjs.org/whatwg-mimetype/-/whatwg-mimetype-5.0.0.tgz. Extracting by manifest.
988 silly tarball no local data for webidl-conversions@https://registry.npmjs.org/webidl-conversions/-/webidl-conversions-8.0.1.tgz. Extracting by manifest.
989 silly tarball no local data for whatwg-url@https://registry.npmjs.org/whatwg-url/-/whatwg-url-16.0.1.tgz. Extracting by manifest.
990 silly tarball no local data for web-namespaces@https://registry.npmjs.org/web-namespaces/-/web-namespaces-2.0.1.tgz. Extracting by manifest.
991 silly tarball no local data for webdriver-bidi-protocol@https://registry.npmjs.org/webdriver-bidi-protocol/-/webdriver-bidi-protocol-0.4.1.tgz. Extracting by manifest.
992 silly tarball no local data for w3c-xmlserializer@https://registry.npmjs.org/w3c-xmlserializer/-/w3c-xmlserializer-5.0.0.tgz. Extracting by manifest.
993 silly tarball no local data for xml-name-validator@https://registry.npmjs.org/xml-name-validator/-/xml-name-validator-5.0.0.tgz. Extracting by manifest.
994 silly tarball no local data for vitefu@https://registry.npmjs.org/vitefu/-/vitefu-1.1.3.tgz. Extracting by manifest.
995 silly tarball no local data for vite@https://registry.npmjs.org/vite/-/vite-5.4.21.tgz. Extracting by manifest.
996 silly tarball no local data for vfile-message@https://registry.npmjs.org/vfile-message/-/vfile-message-4.0.3.tgz. Extracting by manifest.
997 silly tarball no local data for vfile-location@https://registry.npmjs.org/vfile-location/-/vfile-location-5.0.3.tgz. Extracting by manifest.
998 silly tarball no local data for uuid@https://registry.npmjs.org/uuid/-/uuid-14.0.0.tgz. Extracting by manifest.
999 silly tarball no local data for util-deprecate@https://registry.npmjs.org/util-deprecate/-/util-deprecate-1.0.2.tgz. Extracting by manifest.
1000 silly tarball no local data for vfile@https://registry.npmjs.org/vfile/-/vfile-6.0.3.tgz. Extracting by manifest.
1001 silly tarball no local data for use-sync-external-store@https://registry.npmjs.org/use-sync-external-store/-/use-sync-external-store-1.6.0.tgz. Extracting by manifest.
1002 silly tarball no local data for update-browserslist-db@https://registry.npmjs.org/update-browserslist-db/-/update-browserslist-db-1.2.3.tgz. Extracting by manifest.
1003 silly tarball no local data for unist-util-visit-parents@https://registry.npmjs.org/unist-util-visit-parents/-/unist-util-visit-parents-6.0.2.tgz. Extracting by manifest.
1004 silly tarball no local data for unist-util-visit-children@https://registry.npmjs.org/unist-util-visit-children/-/unist-util-visit-children-3.0.0.tgz. Extracting by manifest.
1005 silly tarball no local data for unist-util-visit@https://registry.npmjs.org/unist-util-visit/-/unist-util-visit-5.1.0.tgz. Extracting by manifest.
1006 silly tarball no local data for unist-util-remove-position@https://registry.npmjs.org/unist-util-remove-position/-/unist-util-remove-position-5.0.0.tgz. Extracting by manifest.
1007 silly tarball no local data for unist-util-position@https://registry.npmjs.org/unist-util-position/-/unist-util-position-5.0.0.tgz. Extracting by manifest.
1008 silly tarball no local data for unist-util-stringify-position@https://registry.npmjs.org/unist-util-stringify-position/-/unist-util-stringify-position-4.0.0.tgz. Extracting by manifest.
1009 silly tarball no local data for unist-util-position-from-estree@https://registry.npmjs.org/unist-util-position-from-estree/-/unist-util-position-from-estree-2.0.0.tgz. Extracting by manifest.
1010 silly tarball no local data for unist-util-modify-children@https://registry.npmjs.org/unist-util-modify-children/-/unist-util-modify-children-4.0.0.tgz. Extracting by manifest.
1011 silly tarball no local data for unist-util-is@https://registry.npmjs.org/unist-util-is/-/unist-util-is-6.0.1.tgz. Extracting by manifest.
1012 silly tarball no local data for undici@https://registry.npmjs.org/undici/-/undici-7.28.0.tgz. Extracting by manifest.
1013 silly tarball no local data for unist-util-find-after@https://registry.npmjs.org/unist-util-find-after/-/unist-util-find-after-5.0.0.tgz. Extracting by manifest.
1014 silly tarball no local data for typed-query-selector@https://registry.npmjs.org/typed-query-selector/-/typed-query-selector-2.12.2.tgz. Extracting by manifest.
1015 silly tarball no local data for type-fest@https://registry.npmjs.org/type-fest/-/type-fest-4.41.0.tgz. Extracting by manifest.
1016 silly tarball no local data for typescript@https://registry.npmjs.org/typescript/-/typescript-5.9.3.tgz. Extracting by manifest.
1017 silly tarball no local data for undici-types@https://registry.npmjs.org/undici-types/-/undici-types-7.18.2.tgz. Extracting by manifest.
1018 silly tarball no local data for tslib@https://registry.npmjs.org/tslib/-/tslib-2.8.1.tgz. Extracting by manifest.
1019 silly tarball no local data for unified@https://registry.npmjs.org/unified/-/unified-11.0.5.tgz. Extracting by manifest.
1020 silly tarball no local data for tsconfck@https://registry.npmjs.org/tsconfck/-/tsconfck-3.1.6.tgz. Extracting by manifest.
1021 silly tarball no local data for trim-lines@https://registry.npmjs.org/trim-lines/-/trim-lines-3.0.1.tgz. Extracting by manifest.
1022 silly tarball no local data for ts-dedent@https://registry.npmjs.org/ts-dedent/-/ts-dedent-2.2.0.tgz. Extracting by manifest.
1023 silly tarball no local data for tough-cookie@https://registry.npmjs.org/tough-cookie/-/tough-cookie-6.0.1.tgz. Extracting by manifest.
1024 silly tarball no local data for trough@https://registry.npmjs.org/trough/-/trough-2.2.0.tgz. Extracting by manifest.
1025 silly tarball no local data for to-regex-range@https://registry.npmjs.org/to-regex-range/-/to-regex-range-5.0.1.tgz. Extracting by manifest.
1026 silly tarball no local data for tldts-core@https://registry.npmjs.org/tldts-core/-/tldts-core-7.4.3.tgz. Extracting by manifest.
1027 silly tarball no local data for tr46@https://registry.npmjs.org/tr46/-/tr46-6.0.0.tgz. Extracting by manifest.
1028 silly tarball no local data for text-decoder@https://registry.npmjs.org/text-decoder/-/text-decoder-1.2.7.tgz. Extracting by manifest.
1029 silly tarball no local data for tinyexec@https://registry.npmjs.org/tinyexec/-/tinyexec-0.3.2.tgz. Extracting by manifest.
1030 silly tarball no local data for tar-fs@https://registry.npmjs.org/tar-fs/-/tar-fs-3.1.2.tgz. Extracting by manifest.
1031 silly tarball no local data for tldts@https://registry.npmjs.org/tldts/-/tldts-7.4.3.tgz. Extracting by manifest.
1032 silly tarball no local data for teex@https://registry.npmjs.org/teex/-/teex-1.0.1.tgz. Extracting by manifest.
1033 silly tarball no local data for tailwindcss@https://registry.npmjs.org/tailwindcss/-/tailwindcss-4.3.1.tgz. Extracting by manifest.
1034 silly tarball no local data for tar-stream@https://registry.npmjs.org/tar-stream/-/tar-stream-3.2.0.tgz. Extracting by manifest.
1035 silly tarball no local data for style-to-object@https://registry.npmjs.org/style-to-object/-/style-to-object-1.0.14.tgz. Extracting by manifest.
1036 silly tarball no local data for style-to-js@https://registry.npmjs.org/style-to-js/-/style-to-js-1.1.21.tgz. Extracting by manifest.
1037 silly tarball no local data for symbol-tree@https://registry.npmjs.org/symbol-tree/-/symbol-tree-3.2.4.tgz. Extracting by manifest.
1038 silly tarball no local data for tailwind-merge@https://registry.npmjs.org/tailwind-merge/-/tailwind-merge-3.6.0.tgz. Extracting by manifest.
1039 silly tarball no local data for tabbable@https://registry.npmjs.org/tabbable/-/tabbable-6.4.0.tgz. Extracting by manifest.
1040 silly tarball no local data for strip-ansi@https://registry.npmjs.org/strip-ansi/-/strip-ansi-7.2.0.tgz. Extracting by manifest.
1041 silly tarball no local data for strip-bom-string@https://registry.npmjs.org/strip-bom-string/-/strip-bom-string-1.0.0.tgz. Extracting by manifest.
1042 silly tarball no local data for stringify-entities@https://registry.npmjs.org/stringify-entities/-/stringify-entities-4.0.4.tgz. Extracting by manifest.
1043 silly tarball no local data for stylis@https://registry.npmjs.org/stylis/-/stylis-4.4.0.tgz. Extracting by manifest.
1044 silly tarball no local data for string-argv@https://registry.npmjs.org/string-argv/-/string-argv-0.3.2.tgz. Extracting by manifest.
1045 silly tarball no local data for streamx@https://registry.npmjs.org/streamx/-/streamx-2.27.0.tgz. Extracting by manifest.
1046 silly tarball no local data for strip-bom@https://registry.npmjs.org/strip-bom/-/strip-bom-3.0.0.tgz. Extracting by manifest.
1047 silly tarball no local data for string-width@https://registry.npmjs.org/string-width/-/string-width-7.2.0.tgz. Extracting by manifest.
1048 silly tarball no local data for sprintf-js@https://registry.npmjs.org/sprintf-js/-/sprintf-js-1.0.3.tgz. Extracting by manifest.
1049 silly tarball no local data for stream-replace-string@https://registry.npmjs.org/stream-replace-string/-/stream-replace-string-2.0.0.tgz. Extracting by manifest.
1050 silly tarball no local data for source-map@https://registry.npmjs.org/source-map/-/source-map-0.7.6.tgz. Extracting by manifest.
1051 silly tarball no local data for source-map-js@https://registry.npmjs.org/source-map-js/-/source-map-js-1.2.1.tgz. Extracting by manifest.
1052 silly tarball no local data for socks@https://registry.npmjs.org/socks/-/socks-2.8.9.tgz. Extracting by manifest.
1053 silly tarball no local data for space-separated-tokens@https://registry.npmjs.org/space-separated-tokens/-/space-separated-tokens-2.0.2.tgz. Extracting by manifest.
1054 silly tarball no local data for stdin-discarder@https://registry.npmjs.org/stdin-discarder/-/stdin-discarder-0.2.2.tgz. Extracting by manifest.
1055 silly tarball no local data for sitemap@https://registry.npmjs.org/sitemap/-/sitemap-7.1.3.tgz. Extracting by manifest.
1056 silly tarball no local data for socks-proxy-agent@https://registry.npmjs.org/socks-proxy-agent/-/socks-proxy-agent-8.0.5.tgz. Extracting by manifest.
1057 silly tarball no local data for sisteransi@https://registry.npmjs.org/sisteransi/-/sisteransi-1.0.5.tgz. Extracting by manifest.
1058 silly tarball no local data for slice-ansi@https://registry.npmjs.org/slice-ansi/-/slice-ansi-8.0.0.tgz. Extracting by manifest.
1059 silly tarball no local data for signal-exit@https://registry.npmjs.org/signal-exit/-/signal-exit-4.1.0.tgz. Extracting by manifest.
1060 silly tarball no local data for section-matter@https://registry.npmjs.org/section-matter/-/section-matter-1.0.0.tgz. Extracting by manifest.
1061 silly tarball no local data for smart-buffer@https://registry.npmjs.org/smart-buffer/-/smart-buffer-4.2.0.tgz. Extracting by manifest.
1062 silly tarball no local data for sharp@https://registry.npmjs.org/sharp/-/sharp-0.34.5.tgz. Extracting by manifest.
1063 silly tarball no local data for shiki@https://registry.npmjs.org/shiki/-/shiki-1.29.2.tgz. Extracting by manifest.
1064 silly tarball no local data for semver@https://registry.npmjs.org/semver/-/semver-7.8.2.tgz. Extracting by manifest.
1065 silly tarball no local data for simple-swizzle@https://registry.npmjs.org/simple-swizzle/-/simple-swizzle-0.2.4.tgz. Extracting by manifest.
1066 silly tarball no local data for scheduler@https://registry.npmjs.org/scheduler/-/scheduler-0.27.0.tgz. Extracting by manifest.
1067 silly tarball no local data for roughjs@https://registry.npmjs.org/roughjs/-/roughjs-4.6.6.tgz. Extracting by manifest.
1068 silly tarball no local data for sax@https://registry.npmjs.org/sax/-/sax-1.6.0.tgz. Extracting by manifest.
1069 silly tarball no local data for saxes@https://registry.npmjs.org/saxes/-/saxes-6.0.0.tgz. Extracting by manifest.
1070 silly tarball no local data for run-parallel@https://registry.npmjs.org/run-parallel/-/run-parallel-1.2.0.tgz. Extracting by manifest.
1071 silly tarball no local data for rw@https://registry.npmjs.org/rw/-/rw-1.3.3.tgz. Extracting by manifest.
1072 silly tarball no local data for safer-buffer@https://registry.npmjs.org/safer-buffer/-/safer-buffer-2.1.2.tgz. Extracting by manifest.
1073 silly tarball no local data for rfdc@https://registry.npmjs.org/rfdc/-/rfdc-1.4.1.tgz. Extracting by manifest.
1074 silly tarball no local data for rollup@https://registry.npmjs.org/rollup/-/rollup-4.61.1.tgz. Extracting by manifest.
1075 silly tarball no local data for reusify@https://registry.npmjs.org/reusify/-/reusify-1.1.0.tgz. Extracting by manifest.
1076 silly tarball no local data for robust-predicates@https://registry.npmjs.org/robust-predicates/-/robust-predicates-3.0.3.tgz. Extracting by manifest.
1077 silly tarball no local data for retext-stringify@https://registry.npmjs.org/retext-stringify/-/retext-stringify-4.0.0.tgz. Extracting by manifest.
1078 silly tarball no local data for retext-smartypants@https://registry.npmjs.org/retext-smartypants/-/retext-smartypants-6.2.0.tgz. Extracting by manifest.
1079 silly tarball no local data for retext-latin@https://registry.npmjs.org/retext-latin/-/retext-latin-4.0.0.tgz. Extracting by manifest.
1080 silly tarball no local data for restore-cursor@https://registry.npmjs.org/restore-cursor/-/restore-cursor-5.1.0.tgz. Extracting by manifest.
1081 silly tarball no local data for retext@https://registry.npmjs.org/retext/-/retext-9.0.0.tgz. Extracting by manifest.
1082 silly tarball no local data for resolve-from@https://registry.npmjs.org/resolve-from/-/resolve-from-4.0.0.tgz. Extracting by manifest.
1083 silly tarball no local data for remark-smartypants@https://registry.npmjs.org/remark-smartypants/-/remark-smartypants-3.0.2.tgz. Extracting by manifest.
1084 silly tarball no local data for require-from-string@https://registry.npmjs.org/require-from-string/-/require-from-string-2.0.2.tgz. Extracting by manifest.
1085 silly tarball no local data for remark-stringify@https://registry.npmjs.org/remark-stringify/-/remark-stringify-11.0.0.tgz. Extracting by manifest.
1086 silly tarball no local data for remark-parse@https://registry.npmjs.org/remark-parse/-/remark-parse-11.0.0.tgz. Extracting by manifest.
1087 silly tarball no local data for remark-rehype@https://registry.npmjs.org/remark-rehype/-/remark-rehype-11.1.2.tgz. Extracting by manifest.
1088 silly tarball no local data for rehype-recma@https://registry.npmjs.org/rehype-recma/-/rehype-recma-1.0.0.tgz. Extracting by manifest.
1089 silly tarball no local data for require-directory@https://registry.npmjs.org/require-directory/-/require-directory-2.1.1.tgz. Extracting by manifest.
1090 silly tarball no local data for remark-gfm@https://registry.npmjs.org/remark-gfm/-/remark-gfm-4.0.1.tgz. Extracting by manifest.
1091 silly tarball no local data for remark-math@https://registry.npmjs.org/remark-math/-/remark-math-6.0.0.tgz. Extracting by manifest.
1092 silly tarball no local data for rehype-parse@https://registry.npmjs.org/rehype-parse/-/rehype-parse-9.0.1.tgz. Extracting by manifest.
1093 silly tarball no local data for remark-mdx@https://registry.npmjs.org/remark-mdx/-/remark-mdx-3.1.1.tgz. Extracting by manifest.
1094 silly tarball no local data for rehype-raw@https://registry.npmjs.org/rehype-raw/-/rehype-raw-7.0.0.tgz. Extracting by manifest.
1095 silly tarball no local data for remark-directive@https://registry.npmjs.org/remark-directive/-/remark-directive-3.0.1.tgz. Extracting by manifest.
1096 silly tarball no local data for rehype-stringify@https://registry.npmjs.org/rehype-stringify/-/rehype-stringify-10.0.1.tgz. Extracting by manifest.
1097 silly tarball no local data for rehype-mermaid-lite@https://registry.npmjs.org/rehype-mermaid-lite/-/rehype-mermaid-lite-1.1.0.tgz. Extracting by manifest.
1098 silly tarball no local data for rehype@https://registry.npmjs.org/rehype/-/rehype-13.0.2.tgz. Extracting by manifest.
1099 silly tarball no local data for rehype-expressive-code@https://registry.npmjs.org/rehype-expressive-code/-/rehype-expressive-code-0.35.6.tgz. Extracting by manifest.
1100 silly tarball no local data for rehype-mermaid@https://registry.npmjs.org/rehype-mermaid/-/rehype-mermaid-3.0.0.tgz. Extracting by manifest.
1101 silly tarball no local data for rehype-katex@https://registry.npmjs.org/rehype-katex/-/rehype-katex-7.0.1.tgz. Extracting by manifest.
1102 silly tarball no local data for rehype-format@https://registry.npmjs.org/rehype-format/-/rehype-format-5.0.1.tgz. Extracting by manifest.
1103 silly tarball no local data for regex-utilities@https://registry.npmjs.org/regex-utilities/-/regex-utilities-2.3.0.tgz. Extracting by manifest.
1104 silly tarball no local data for regex@https://registry.npmjs.org/regex/-/regex-5.1.1.tgz. Extracting by manifest.
1105 silly tarball no local data for recma-parse@https://registry.npmjs.org/recma-parse/-/recma-parse-1.0.0.tgz. Extracting by manifest.
1106 silly tarball no local data for recma-build-jsx@https://registry.npmjs.org/recma-build-jsx/-/recma-build-jsx-1.0.0.tgz. Extracting by manifest.
1107 silly tarball no local data for regex-recursion@https://registry.npmjs.org/regex-recursion/-/regex-recursion-5.1.1.tgz. Extracting by manifest.
1108 silly tarball no local data for recma-jsx@https://registry.npmjs.org/recma-jsx/-/recma-jsx-1.0.1.tgz. Extracting by manifest.
1109 silly tarball no local data for react-stately@https://registry.npmjs.org/react-stately/-/react-stately-3.47.0.tgz. Extracting by manifest.
1110 silly tarball no local data for recma-stringify@https://registry.npmjs.org/recma-stringify/-/recma-stringify-1.0.0.tgz. Extracting by manifest.
1111 silly tarball no local data for react-dom@https://registry.npmjs.org/react-dom/-/react-dom-19.2.7.tgz. Extracting by manifest.
1112 silly tarball no local data for react-aria@https://registry.npmjs.org/react-aria/-/react-aria-3.49.0.tgz. Extracting by manifest.
1113 silly tarball no local data for queue-microtask@https://registry.npmjs.org/queue-microtask/-/queue-microtask-1.2.3.tgz. Extracting by manifest.
1114 silly tarball no local data for puppeteer-core@https://registry.npmjs.org/puppeteer-core/-/puppeteer-core-24.43.1.tgz. Extracting by manifest.
1115 silly tarball no local data for punycode@https://registry.npmjs.org/punycode/-/punycode-2.3.1.tgz. Extracting by manifest.
1116 silly tarball no local data for react@https://registry.npmjs.org/react/-/react-19.2.7.tgz. Extracting by manifest.
1117 silly tarball no local data for pump@https://registry.npmjs.org/pump/-/pump-3.0.4.tgz. Extracting by manifest.
1118 silly tarball no local data for property-information@https://registry.npmjs.org/property-information/-/property-information-7.2.0.tgz. Extracting by manifest.
1119 silly tarball no local data for puppeteer@https://registry.npmjs.org/puppeteer/-/puppeteer-24.43.1.tgz. Extracting by manifest.
1120 silly tarball no local data for proxy-from-env@https://registry.npmjs.org/proxy-from-env/-/proxy-from-env-1.1.0.tgz. Extracting by manifest.
1121 silly tarball no local data for progress@https://registry.npmjs.org/progress/-/progress-2.0.3.tgz. Extracting by manifest.
1122 silly tarball no local data for prismjs@https://registry.npmjs.org/prismjs/-/prismjs-1.30.0.tgz. Extracting by manifest.
1123 silly tarball no local data for prompts@https://registry.npmjs.org/prompts/-/prompts-2.4.2.tgz. Extracting by manifest.
1124 silly tarball no local data for preferred-pm@https://registry.npmjs.org/preferred-pm/-/preferred-pm-4.1.1.tgz. Extracting by manifest.
1125 silly tarball no local data for proxy-agent@https://registry.npmjs.org/proxy-agent/-/proxy-agent-6.5.0.tgz. Extracting by manifest.
1126 silly tarball no local data for postcss-selector-parser@https://registry.npmjs.org/postcss-selector-parser/-/postcss-selector-parser-6.1.4.tgz. Extracting by manifest.
1127 silly tarball no local data for points-on-curve@https://registry.npmjs.org/points-on-curve/-/points-on-curve-0.2.0.tgz. Extracting by manifest.
1128 silly tarball no local data for postcss-nested@https://registry.npmjs.org/postcss-nested/-/postcss-nested-6.2.0.tgz. Extracting by manifest.
1129 silly tarball no local data for postcss@https://registry.npmjs.org/postcss/-/postcss-8.5.15.tgz. Extracting by manifest.
1130 silly tarball no local data for playwright-core@https://registry.npmjs.org/playwright-core/-/playwright-core-1.60.0.tgz. Extracting by manifest.
1131 silly tarball no local data for points-on-path@https://registry.npmjs.org/points-on-path/-/points-on-path-0.2.1.tgz. Extracting by manifest.
1132 silly tarball no local data for pkg-dir@https://registry.npmjs.org/pkg-dir/-/pkg-dir-4.2.0.tgz. Extracting by manifest.
1133 silly tarball no local data for pify@https://registry.npmjs.org/pify/-/pify-4.0.1.tgz. Extracting by manifest.
1134 silly tarball no local data for path-exists@https://registry.npmjs.org/path-exists/-/path-exists-4.0.0.tgz. Extracting by manifest.
1135 silly tarball no local data for picomatch@https://registry.npmjs.org/picomatch/-/picomatch-4.0.4.tgz. Extracting by manifest.
1136 silly tarball no local data for pend@https://registry.npmjs.org/pend/-/pend-1.2.0.tgz. Extracting by manifest.
1137 silly tarball no local data for path-data-parser@https://registry.npmjs.org/path-data-parser/-/path-data-parser-0.1.0.tgz. Extracting by manifest.
1138 silly tarball no local data for parse5@https://registry.npmjs.org/parse5/-/parse5-7.3.0.tgz. Extracting by manifest.
1139 silly tarball no local data for parent-module@https://registry.npmjs.org/parent-module/-/parent-module-1.0.1.tgz. Extracting by manifest.
1140 silly tarball no local data for picocolors@https://registry.npmjs.org/picocolors/-/picocolors-1.1.1.tgz. Extracting by manifest.
1141 silly tarball no local data for parse-latin@https://registry.npmjs.org/parse-latin/-/parse-latin-7.0.0.tgz. Extracting by manifest.
1142 silly tarball no local data for package-manager-detector@https://registry.npmjs.org/package-manager-detector/-/package-manager-detector-1.6.0.tgz. Extracting by manifest.
1143 silly tarball no local data for parse-entities@https://registry.npmjs.org/parse-entities/-/parse-entities-4.0.2.tgz. Extracting by manifest.
1144 silly tarball no local data for pac-resolver@https://registry.npmjs.org/pac-resolver/-/pac-resolver-7.0.1.tgz. Extracting by manifest.
1145 silly tarball no local data for pagefind@https://registry.npmjs.org/pagefind/-/pagefind-1.5.2.tgz. Extracting by manifest.
1146 silly tarball no local data for pac-proxy-agent@https://registry.npmjs.org/pac-proxy-agent/-/pac-proxy-agent-7.2.0.tgz. Extracting by manifest.
1147 silly tarball no local data for parse-json@https://registry.npmjs.org/parse-json/-/parse-json-5.2.0.tgz. Extracting by manifest.
1148 silly tarball no local data for p-try@https://registry.npmjs.org/p-try/-/p-try-2.2.0.tgz. Extracting by manifest.
1149 silly tarball no local data for p-queue@https://registry.npmjs.org/p-queue/-/p-queue-8.1.1.tgz. Extracting by manifest.
1150 silly tarball no local data for p-timeout@https://registry.npmjs.org/p-timeout/-/p-timeout-6.1.4.tgz. Extracting by manifest.
1151 silly tarball no local data for ora@https://registry.npmjs.org/ora/-/ora-8.2.0.tgz. Extracting by manifest.
1152 silly tarball no local data for p-locate@https://registry.npmjs.org/p-locate/-/p-locate-4.1.0.tgz. Extracting by manifest.
1153 silly tarball no local data for p-limit@https://registry.npmjs.org/p-limit/-/p-limit-6.2.0.tgz. Extracting by manifest.
1154 silly tarball no local data for oniguruma-to-es@https://registry.npmjs.org/oniguruma-to-es/-/oniguruma-to-es-2.3.0.tgz. Extracting by manifest.
1155 silly tarball no local data for onetime@https://registry.npmjs.org/onetime/-/onetime-7.0.0.tgz. Extracting by manifest.
1156 silly tarball no local data for nth-check@https://registry.npmjs.org/nth-check/-/nth-check-2.1.1.tgz. Extracting by manifest.
1157 silly tarball no local data for once@https://registry.npmjs.org/once/-/once-1.4.0.tgz. Extracting by manifest.
1158 silly tarball no local data for node-releases@https://registry.npmjs.org/node-releases/-/node-releases-2.0.47.tgz. Extracting by manifest.
1159 silly tarball no local data for netmask@https://registry.npmjs.org/netmask/-/netmask-2.1.1.tgz. Extracting by manifest.
1160 silly tarball no local data for ms@https://registry.npmjs.org/ms/-/ms-2.1.3.tgz. Extracting by manifest.
1161 silly tarball no local data for nlcst-to-string@https://registry.npmjs.org/nlcst-to-string/-/nlcst-to-string-4.0.0.tgz. Extracting by manifest.
1162 silly tarball no local data for nanoid@https://registry.npmjs.org/nanoid/-/nanoid-3.3.12.tgz. Extracting by manifest.
1163 silly tarball no local data for neotraverse@https://registry.npmjs.org/neotraverse/-/neotraverse-0.6.18.tgz. Extracting by manifest.
1164 silly tarball no local data for mrmime@https://registry.npmjs.org/mrmime/-/mrmime-2.0.1.tgz. Extracting by manifest.
1165 silly tarball no local data for mitt@https://registry.npmjs.org/mitt/-/mitt-3.0.1.tgz. Extracting by manifest.
1166 silly tarball no local data for micromark-util-types@https://registry.npmjs.org/micromark-util-types/-/micromark-util-types-2.0.2.tgz. Extracting by manifest.
1167 silly tarball no local data for mimic-function@https://registry.npmjs.org/mimic-function/-/mimic-function-5.0.1.tgz. Extracting by manifest.
1168 silly tarball no local data for mini-svg-data-uri@https://registry.npmjs.org/mini-svg-data-uri/-/mini-svg-data-uri-1.4.4.tgz. Extracting by manifest.
1169 silly tarball no local data for micromark-util-symbol@https://registry.npmjs.org/micromark-util-symbol/-/micromark-util-symbol-2.0.1.tgz. Extracting by manifest.
1170 silly tarball no local data for micromatch@https://registry.npmjs.org/micromatch/-/micromatch-4.0.8.tgz. Extracting by manifest.
1171 silly tarball no local data for micromark-util-sanitize-uri@https://registry.npmjs.org/micromark-util-sanitize-uri/-/micromark-util-sanitize-uri-2.0.1.tgz. Extracting by manifest.
1172 silly tarball no local data for micromark-util-resolve-all@https://registry.npmjs.org/micromark-util-resolve-all/-/micromark-util-resolve-all-2.0.1.tgz. Extracting by manifest.
1173 silly tarball no local data for micromark-util-subtokenize@https://registry.npmjs.org/micromark-util-subtokenize/-/micromark-util-subtokenize-2.1.0.tgz. Extracting by manifest.
1174 silly tarball no local data for micromark-util-normalize-identifier@https://registry.npmjs.org/micromark-util-normalize-identifier/-/micromark-util-normalize-identifier-2.0.1.tgz. Extracting by manifest.
1175 silly tarball no local data for micromark-util-html-tag-name@https://registry.npmjs.org/micromark-util-html-tag-name/-/micromark-util-html-tag-name-2.0.1.tgz. Extracting by manifest.
1176 silly tarball no local data for micromark-util-events-to-acorn@https://registry.npmjs.org/micromark-util-events-to-acorn/-/micromark-util-events-to-acorn-2.0.3.tgz. Extracting by manifest.
1177 silly tarball no local data for micromark-util-encode@https://registry.npmjs.org/micromark-util-encode/-/micromark-util-encode-2.0.1.tgz. Extracting by manifest.
1178 silly tarball no local data for micromark-util-decode-string@https://registry.npmjs.org/micromark-util-decode-string/-/micromark-util-decode-string-2.0.1.tgz. Extracting by manifest.
1179 silly tarball no local data for micromark-util-combine-extensions@https://registry.npmjs.org/micromark-util-combine-extensions/-/micromark-util-combine-extensions-2.0.1.tgz. Extracting by manifest.
1180 silly tarball no local data for micromark-util-decode-numeric-character-reference@https://registry.npmjs.org/micromark-util-decode-numeric-character-reference/-/micromark-util-decode-numeric-character-reference-2.0.2.tgz. Extracting by manifest.
1181 silly tarball no local data for micromark-util-classify-character@https://registry.npmjs.org/micromark-util-classify-character/-/micromark-util-classify-character-2.0.1.tgz. Extracting by manifest.
1182 silly tarball no local data for micromark-util-chunked@https://registry.npmjs.org/micromark-util-chunked/-/micromark-util-chunked-2.0.1.tgz. Extracting by manifest.
1183 silly tarball no local data for micromark-factory-whitespace@https://registry.npmjs.org/micromark-factory-whitespace/-/micromark-factory-whitespace-2.0.1.tgz. Extracting by manifest.
1184 silly tarball no local data for micromark-factory-space@https://registry.npmjs.org/micromark-factory-space/-/micromark-factory-space-2.0.1.tgz. Extracting by manifest.
1185 silly tarball no local data for micromark-factory-title@https://registry.npmjs.org/micromark-factory-title/-/micromark-factory-title-2.0.1.tgz. Extracting by manifest.
1186 silly tarball no local data for micromark-util-character@https://registry.npmjs.org/micromark-util-character/-/micromark-util-character-2.1.1.tgz. Extracting by manifest.
1187 silly tarball no local data for micromark-factory-mdx-expression@https://registry.npmjs.org/micromark-factory-mdx-expression/-/micromark-factory-mdx-expression-2.0.3.tgz. Extracting by manifest.
1188 silly tarball no local data for micromark-factory-label@https://registry.npmjs.org/micromark-factory-label/-/micromark-factory-label-2.0.1.tgz. Extracting by manifest.
1189 silly tarball no local data for micromark-extension-mdx-md@https://registry.npmjs.org/micromark-extension-mdx-md/-/micromark-extension-mdx-md-2.0.0.tgz. Extracting by manifest.
1190 silly tarball no local data for micromark-extension-mdxjs-esm@https://registry.npmjs.org/micromark-extension-mdxjs-esm/-/micromark-extension-mdxjs-esm-3.0.0.tgz. Extracting by manifest.
1191 silly tarball no local data for micromark-factory-destination@https://registry.npmjs.org/micromark-factory-destination/-/micromark-factory-destination-2.0.1.tgz. Extracting by manifest.
1192 silly tarball no local data for micromark-extension-mdx-jsx@https://registry.npmjs.org/micromark-extension-mdx-jsx/-/micromark-extension-mdx-jsx-3.0.2.tgz. Extracting by manifest.
1193 silly tarball no local data for micromark-extension-mdxjs@https://registry.npmjs.org/micromark-extension-mdxjs/-/micromark-extension-mdxjs-3.0.0.tgz. Extracting by manifest.
1194 silly tarball no local data for micromark-extension-mdx-expression@https://registry.npmjs.org/micromark-extension-mdx-expression/-/micromark-extension-mdx-expression-3.0.1.tgz. Extracting by manifest.
1195 silly tarball no local data for micromark-extension-math@https://registry.npmjs.org/micromark-extension-math/-/micromark-extension-math-3.1.0.tgz. Extracting by manifest.
1196 silly tarball no local data for micromark-extension-gfm-task-list-item@https://registry.npmjs.org/micromark-extension-gfm-task-list-item/-/micromark-extension-gfm-task-list-item-2.1.0.tgz. Extracting by manifest.
1197 silly tarball no local data for micromark-extension-gfm-tagfilter@https://registry.npmjs.org/micromark-extension-gfm-tagfilter/-/micromark-extension-gfm-tagfilter-2.0.0.tgz. Extracting by manifest.
1198 silly tarball no local data for micromark-extension-gfm-footnote@https://registry.npmjs.org/micromark-extension-gfm-footnote/-/micromark-extension-gfm-footnote-2.1.0.tgz. Extracting by manifest.
1199 silly tarball no local data for micromark-extension-gfm-table@https://registry.npmjs.org/micromark-extension-gfm-table/-/micromark-extension-gfm-table-2.1.1.tgz. Extracting by manifest.
1200 silly tarball no local data for micromark-extension-gfm-strikethrough@https://registry.npmjs.org/micromark-extension-gfm-strikethrough/-/micromark-extension-gfm-strikethrough-2.1.0.tgz. Extracting by manifest.
1201 silly tarball no local data for micromark-extension-gfm-autolink-literal@https://registry.npmjs.org/micromark-extension-gfm-autolink-literal/-/micromark-extension-gfm-autolink-literal-2.1.0.tgz. Extracting by manifest.
1202 silly tarball no local data for micromark-extension-gfm@https://registry.npmjs.org/micromark-extension-gfm/-/micromark-extension-gfm-3.0.0.tgz. Extracting by manifest.
1203 silly tarball no local data for micromark-extension-directive@https://registry.npmjs.org/micromark-extension-directive/-/micromark-extension-directive-3.0.2.tgz. Extracting by manifest.
1204 silly tarball no local data for micromark@https://registry.npmjs.org/micromark/-/micromark-4.0.2.tgz. Extracting by manifest.
1205 silly tarball no local data for mermaid@https://registry.npmjs.org/mermaid/-/mermaid-11.15.0.tgz. Extracting by manifest.
1206 silly tarball no local data for mermaid-isomorphic@https://registry.npmjs.org/mermaid-isomorphic/-/mermaid-isomorphic-3.1.0.tgz. Extracting by manifest.
1207 silly tarball no local data for mdn-data@https://registry.npmjs.org/mdn-data/-/mdn-data-2.27.1.tgz. Extracting by manifest.
1208 silly tarball no local data for merge2@https://registry.npmjs.org/merge2/-/merge2-1.4.1.tgz. Extracting by manifest.
1209 silly tarball no local data for mdast-util-to-string@https://registry.npmjs.org/mdast-util-to-string/-/mdast-util-to-string-4.0.0.tgz. Extracting by manifest.
1210 silly tarball no local data for mdast-util-to-markdown@https://registry.npmjs.org/mdast-util-to-markdown/-/mdast-util-to-markdown-2.1.2.tgz. Extracting by manifest.
1211 silly tarball no local data for playwright@https://registry.npmjs.org/playwright/-/playwright-1.60.0.tgz. Extracting by manifest.
1212 silly tarball no local data for mdast-util-to-hast@https://registry.npmjs.org/mdast-util-to-hast/-/mdast-util-to-hast-13.2.1.tgz. Extracting by manifest.
1213 silly tarball no local data for mdast-util-phrasing@https://registry.npmjs.org/mdast-util-phrasing/-/mdast-util-phrasing-4.1.0.tgz. Extracting by manifest.
1214 silly tarball no local data for mdast-util-mdx-jsx@https://registry.npmjs.org/mdast-util-mdx-jsx/-/mdast-util-mdx-jsx-3.2.0.tgz. Extracting by manifest.
1215 silly tarball no local data for mdast-util-mdx@https://registry.npmjs.org/mdast-util-mdx/-/mdast-util-mdx-3.0.0.tgz. Extracting by manifest.
1216 silly tarball no local data for mdast-util-mdx-expression@https://registry.npmjs.org/mdast-util-mdx-expression/-/mdast-util-mdx-expression-2.0.1.tgz. Extracting by manifest.
1217 silly tarball no local data for mdast-util-math@https://registry.npmjs.org/mdast-util-math/-/mdast-util-math-3.0.0.tgz. Extracting by manifest.
1218 silly tarball no local data for mdast-util-gfm-table@https://registry.npmjs.org/mdast-util-gfm-table/-/mdast-util-gfm-table-2.0.0.tgz. Extracting by manifest.
1219 silly tarball no local data for micromark-core-commonmark@https://registry.npmjs.org/micromark-core-commonmark/-/micromark-core-commonmark-2.0.3.tgz. Extracting by manifest.
1220 silly tarball no local data for mdast-util-gfm-task-list-item@https://registry.npmjs.org/mdast-util-gfm-task-list-item/-/mdast-util-gfm-task-list-item-2.0.0.tgz. Extracting by manifest.
1221 silly tarball no local data for mdast-util-mdxjs-esm@https://registry.npmjs.org/mdast-util-mdxjs-esm/-/mdast-util-mdxjs-esm-2.0.1.tgz. Extracting by manifest.
1222 silly tarball no local data for mdast-util-gfm-autolink-literal@https://registry.npmjs.org/mdast-util-gfm-autolink-literal/-/mdast-util-gfm-autolink-literal-2.0.1.tgz. Extracting by manifest.
1223 silly tarball no local data for mdast-util-gfm-footnote@https://registry.npmjs.org/mdast-util-gfm-footnote/-/mdast-util-gfm-footnote-2.1.0.tgz. Extracting by manifest.
1224 silly tarball no local data for mdast-util-from-markdown@https://registry.npmjs.org/mdast-util-from-markdown/-/mdast-util-from-markdown-2.0.3.tgz. Extracting by manifest.
1225 silly tarball no local data for mdast-util-gfm@https://registry.npmjs.org/mdast-util-gfm/-/mdast-util-gfm-3.1.0.tgz. Extracting by manifest.
1226 silly tarball no local data for mdast-util-directive@https://registry.npmjs.org/mdast-util-directive/-/mdast-util-directive-3.1.0.tgz. Extracting by manifest.
1227 silly tarball no local data for mdast-util-gfm-strikethrough@https://registry.npmjs.org/mdast-util-gfm-strikethrough/-/mdast-util-gfm-strikethrough-2.0.0.tgz. Extracting by manifest.
1228 silly tarball no local data for marked@https://registry.npmjs.org/marked/-/marked-16.4.2.tgz. Extracting by manifest.
1229 silly tarball no local data for mdast-util-find-and-replace@https://registry.npmjs.org/mdast-util-find-and-replace/-/mdast-util-find-and-replace-3.0.2.tgz. Extracting by manifest.
1230 silly tarball no local data for mdast-util-definitions@https://registry.npmjs.org/mdast-util-definitions/-/mdast-util-definitions-6.0.0.tgz. Extracting by manifest.
1231 silly tarball no local data for markdown-extensions@https://registry.npmjs.org/markdown-extensions/-/markdown-extensions-2.0.0.tgz. Extracting by manifest.
1232 silly tarball no local data for lru-cache@https://registry.npmjs.org/lru-cache/-/lru-cache-5.1.1.tgz. Extracting by manifest.
1233 silly tarball no local data for markdown-table@https://registry.npmjs.org/markdown-table/-/markdown-table-3.0.4.tgz. Extracting by manifest.
1234 silly tarball no local data for magic-string@https://registry.npmjs.org/magic-string/-/magic-string-0.30.21.tgz. Extracting by manifest.
1235 silly tarball no local data for magicast@https://registry.npmjs.org/magicast/-/magicast-0.3.5.tgz. Extracting by manifest.
1236 silly tarball no local data for log-update@https://registry.npmjs.org/log-update/-/log-update-6.1.0.tgz. Extracting by manifest.
1237 silly tarball no local data for longest-streak@https://registry.npmjs.org/longest-streak/-/longest-streak-3.1.0.tgz. Extracting by manifest.
1238 silly tarball no local data for log-symbols@https://registry.npmjs.org/log-symbols/-/log-symbols-6.0.0.tgz. Extracting by manifest.
1239 silly tarball no local data for lodash-es@https://registry.npmjs.org/lodash-es/-/lodash-es-4.18.1.tgz. Extracting by manifest.
1240 silly tarball no local data for locate-path@https://registry.npmjs.org/locate-path/-/locate-path-5.0.0.tgz. Extracting by manifest.
1241 silly tarball no local data for lines-and-columns@https://registry.npmjs.org/lines-and-columns/-/lines-and-columns-1.2.4.tgz. Extracting by manifest.
1242 silly tarball no local data for listr2@https://registry.npmjs.org/listr2/-/listr2-9.0.5.tgz. Extracting by manifest.
1243 silly tarball no local data for lint-staged@https://registry.npmjs.org/lint-staged/-/lint-staged-16.4.0.tgz. Extracting by manifest.
1244 silly tarball no local data for layout-base@https://registry.npmjs.org/layout-base/-/layout-base-1.0.2.tgz. Extracting by manifest.
1245 silly tarball no local data for khroma@https://registry.npmjs.org/khroma/-/khroma-2.1.0.tgz. Extracting by manifest.
1246 silly tarball no local data for kleur@https://registry.npmjs.org/kleur/-/kleur-4.1.5.tgz. Extracting by manifest.
1247 silly tarball no local data for kind-of@https://registry.npmjs.org/kind-of/-/kind-of-6.0.3.tgz. Extracting by manifest.
1248 silly tarball no local data for katex@https://registry.npmjs.org/katex/-/katex-0.16.47.tgz. Extracting by manifest.
1249 silly tarball no local data for json5@https://registry.npmjs.org/json5/-/json5-2.2.3.tgz. Extracting by manifest.
1250 silly tarball no local data for json-parse-even-better-errors@https://registry.npmjs.org/json-parse-even-better-errors/-/json-parse-even-better-errors-2.3.1.tgz. Extracting by manifest.
1251 silly tarball no local data for jsdom@https://registry.npmjs.org/jsdom/-/jsdom-29.1.1.tgz. Extracting by manifest.
1252 silly tarball no local data for js-tokens@https://registry.npmjs.org/js-tokens/-/js-tokens-4.0.0.tgz. Extracting by manifest.
1253 silly tarball no local data for js-yaml@https://registry.npmjs.org/js-yaml/-/js-yaml-4.2.0.tgz. Extracting by manifest.
1254 silly tarball no local data for jotai@https://registry.npmjs.org/jotai/-/jotai-2.20.1.tgz. Extracting by manifest.
1255 silly tarball no local data for is-wsl@https://registry.npmjs.org/is-wsl/-/is-wsl-3.1.1.tgz. Extracting by manifest.
1256 silly tarball no local data for is-unicode-supported@https://registry.npmjs.org/is-unicode-supported/-/is-unicode-supported-2.1.0.tgz. Extracting by manifest.
1257 silly tarball no local data for is-plain-obj@https://registry.npmjs.org/is-plain-obj/-/is-plain-obj-4.1.0.tgz. Extracting by manifest.
1258 silly tarball no local data for load-yaml-file@https://registry.npmjs.org/load-yaml-file/-/load-yaml-file-0.2.0.tgz. Extracting by manifest.
1259 silly tarball no local data for jsesc@https://registry.npmjs.org/jsesc/-/jsesc-3.1.0.tgz. Extracting by manifest.
1260 silly tarball no local data for is-hexadecimal@https://registry.npmjs.org/is-hexadecimal/-/is-hexadecimal-2.0.1.tgz. Extracting by manifest.
1261 silly tarball no local data for is-interactive@https://registry.npmjs.org/is-interactive/-/is-interactive-2.0.0.tgz. Extracting by manifest.
1262 silly tarball no local data for is-inside-container@https://registry.npmjs.org/is-inside-container/-/is-inside-container-1.0.0.tgz. Extracting by manifest.
1263 silly tarball no local data for is-number@https://registry.npmjs.org/is-number/-/is-number-7.0.0.tgz. Extracting by manifest.
1264 silly tarball no local data for is-glob@https://registry.npmjs.org/is-glob/-/is-glob-4.0.3.tgz. Extracting by manifest.
1265 silly tarball no local data for is-extglob@https://registry.npmjs.org/is-extglob/-/is-extglob-2.1.1.tgz. Extracting by manifest.
1266 silly tarball no local data for is-extendable@https://registry.npmjs.org/is-extendable/-/is-extendable-0.1.1.tgz. Extracting by manifest.
1267 silly tarball no local data for is-docker@https://registry.npmjs.org/is-docker/-/is-docker-3.0.0.tgz. Extracting by manifest.
1268 silly tarball no local data for is-decimal@https://registry.npmjs.org/is-decimal/-/is-decimal-2.0.1.tgz. Extracting by manifest.
1269 silly tarball no local data for is-arrayish@https://registry.npmjs.org/is-arrayish/-/is-arrayish-0.3.4.tgz. Extracting by manifest.
1270 silly tarball no local data for is-alphabetical@https://registry.npmjs.org/is-alphabetical/-/is-alphabetical-2.0.1.tgz. Extracting by manifest.
1271 silly tarball no local data for is-alphanumerical@https://registry.npmjs.org/is-alphanumerical/-/is-alphanumerical-2.0.1.tgz. Extracting by manifest.
1272 silly tarball no local data for internmap@https://registry.npmjs.org/internmap/-/internmap-2.0.3.tgz. Extracting by manifest.
1273 silly tarball no local data for inline-style-parser@https://registry.npmjs.org/inline-style-parser/-/inline-style-parser-0.2.7.tgz. Extracting by manifest.
1274 silly tarball no local data for ip-address@https://registry.npmjs.org/ip-address/-/ip-address-10.2.0.tgz. Extracting by manifest.
1275 silly tarball no local data for is-fullwidth-code-point@https://registry.npmjs.org/is-fullwidth-code-point/-/is-fullwidth-code-point-3.0.0.tgz. Extracting by manifest.
1276 silly tarball no local data for import-meta-resolve@https://registry.npmjs.org/import-meta-resolve/-/import-meta-resolve-4.2.0.tgz. Extracting by manifest.
1277 silly tarball no local data for import-fresh@https://registry.npmjs.org/import-fresh/-/import-fresh-3.3.1.tgz. Extracting by manifest.
1278 silly tarball no local data for https-proxy-agent@https://registry.npmjs.org/https-proxy-agent/-/https-proxy-agent-7.0.6.tgz. Extracting by manifest.
1279 silly tarball no local data for husky@https://registry.npmjs.org/husky/-/husky-9.1.7.tgz. Extracting by manifest.
1280 silly tarball no local data for iconv-lite@https://registry.npmjs.org/iconv-lite/-/iconv-lite-0.6.3.tgz. Extracting by manifest.
1281 silly tarball no local data for http-cache-semantics@https://registry.npmjs.org/http-cache-semantics/-/http-cache-semantics-4.2.0.tgz. Extracting by manifest.
1282 silly tarball no local data for http-proxy-agent@https://registry.npmjs.org/http-proxy-agent/-/http-proxy-agent-7.0.2.tgz. Extracting by manifest.
1283 silly tarball no local data for html-void-elements@https://registry.npmjs.org/html-void-elements/-/html-void-elements-3.0.0.tgz. Extracting by manifest.
1284 silly tarball no local data for html-escaper@https://registry.npmjs.org/html-escaper/-/html-escaper-3.0.3.tgz. Extracting by manifest.
1285 silly tarball no local data for html-whitespace-sensitive-tag-names@https://registry.npmjs.org/html-whitespace-sensitive-tag-names/-/html-whitespace-sensitive-tag-names-3.0.1.tgz. Extracting by manifest.
1286 silly tarball no local data for html-encoding-sniffer@https://registry.npmjs.org/html-encoding-sniffer/-/html-encoding-sniffer-6.0.0.tgz. Extracting by manifest.
1287 silly tarball no local data for html-to-image@https://registry.npmjs.org/html-to-image/-/html-to-image-1.11.13.tgz. Extracting by manifest.
1288 silly tarball no local data for highlight.js@https://registry.npmjs.org/highlight.js/-/highlight.js-11.11.1.tgz. Extracting by manifest.
1289 silly tarball no local data for hast-util-whitespace@https://registry.npmjs.org/hast-util-whitespace/-/hast-util-whitespace-3.0.0.tgz. Extracting by manifest.
1290 silly tarball no local data for hastscript@https://registry.npmjs.org/hastscript/-/hastscript-8.0.0.tgz. Extracting by manifest.
1291 silly tarball no local data for hast-util-to-string@https://registry.npmjs.org/hast-util-to-string/-/hast-util-to-string-3.0.1.tgz. Extracting by manifest.
1292 silly tarball no local data for hast-util-to-parse5@https://registry.npmjs.org/hast-util-to-parse5/-/hast-util-to-parse5-8.0.1.tgz. Extracting by manifest.
1293 silly tarball no local data for hast-util-to-text@https://registry.npmjs.org/hast-util-to-text/-/hast-util-to-text-4.0.2.tgz. Extracting by manifest.
1294 silly tarball no local data for hast-util-to-html@https://registry.npmjs.org/hast-util-to-html/-/hast-util-to-html-9.0.5.tgz. Extracting by manifest.
1295 silly tarball no local data for hast-util-to-jsx-runtime@https://registry.npmjs.org/hast-util-to-jsx-runtime/-/hast-util-to-jsx-runtime-2.3.6.tgz. Extracting by manifest.
1296 silly tarball no local data for hast-util-to-estree@https://registry.npmjs.org/hast-util-to-estree/-/hast-util-to-estree-3.1.3.tgz. Extracting by manifest.
1297 silly tarball no local data for hast-util-raw@https://registry.npmjs.org/hast-util-raw/-/hast-util-raw-9.1.0.tgz. Extracting by manifest.
1298 silly tarball no local data for hast-util-phrasing@https://registry.npmjs.org/hast-util-phrasing/-/hast-util-phrasing-3.0.1.tgz. Extracting by manifest.
1299 silly tarball no local data for hast-util-select@https://registry.npmjs.org/hast-util-select/-/hast-util-select-6.0.4.tgz. Extracting by manifest.
1300 silly tarball no local data for hast-util-parse-selector@https://registry.npmjs.org/hast-util-parse-selector/-/hast-util-parse-selector-4.0.0.tgz. Extracting by manifest.
1301 silly tarball no local data for hast-util-minify-whitespace@https://registry.npmjs.org/hast-util-minify-whitespace/-/hast-util-minify-whitespace-1.0.1.tgz. Extracting by manifest.
1302 silly tarball no local data for hast-util-has-property@https://registry.npmjs.org/hast-util-has-property/-/hast-util-has-property-3.0.0.tgz. Extracting by manifest.
1303 silly tarball no local data for hast-util-is-element@https://registry.npmjs.org/hast-util-is-element/-/hast-util-is-element-3.0.0.tgz. Extracting by manifest.
1304 silly tarball no local data for hast-util-is-body-ok-link@https://registry.npmjs.org/hast-util-is-body-ok-link/-/hast-util-is-body-ok-link-3.0.1.tgz. Extracting by manifest.
1305 silly tarball no local data for hast-util-from-parse5@https://registry.npmjs.org/hast-util-from-parse5/-/hast-util-from-parse5-8.0.3.tgz. Extracting by manifest.
1306 silly tarball no local data for hast-util-from-html@https://registry.npmjs.org/hast-util-from-html/-/hast-util-from-html-2.0.3.tgz. Extracting by manifest.
1307 silly tarball no local data for hast-util-format@https://registry.npmjs.org/hast-util-format/-/hast-util-format-1.1.0.tgz. Extracting by manifest.
1308 silly tarball no local data for is-potential-custom-element-name@https://registry.npmjs.org/is-potential-custom-element-name/-/is-potential-custom-element-name-1.0.1.tgz. Extracting by manifest.
1309 silly tarball no local data for hast-util-from-dom@https://registry.npmjs.org/hast-util-from-dom/-/hast-util-from-dom-5.0.1.tgz. Extracting by manifest.
1310 silly tarball no local data for hachure-fill@https://registry.npmjs.org/hachure-fill/-/hachure-fill-0.5.2.tgz. Extracting by manifest.
1311 silly tarball no local data for hast-util-from-html-isomorphic@https://registry.npmjs.org/hast-util-from-html-isomorphic/-/hast-util-from-html-isomorphic-2.0.0.tgz. Extracting by manifest.
1312 silly tarball no local data for glob-parent@https://registry.npmjs.org/glob-parent/-/glob-parent-5.1.2.tgz. Extracting by manifest.
1313 silly tarball no local data for graceful-fs@https://registry.npmjs.org/graceful-fs/-/graceful-fs-4.2.11.tgz. Extracting by manifest.
1314 silly tarball no local data for gray-matter@https://registry.npmjs.org/gray-matter/-/gray-matter-4.0.3.tgz. Extracting by manifest.
1315 silly tarball no local data for github-slugger@https://registry.npmjs.org/github-slugger/-/github-slugger-2.0.0.tgz. Extracting by manifest.
1316 silly tarball no local data for get-uri@https://registry.npmjs.org/get-uri/-/get-uri-6.0.5.tgz. Extracting by manifest.
1317 silly tarball no local data for get-stream@https://registry.npmjs.org/get-stream/-/get-stream-5.2.0.tgz. Extracting by manifest.
1318 silly tarball no local data for get-east-asian-width@https://registry.npmjs.org/get-east-asian-width/-/get-east-asian-width-1.6.0.tgz. Extracting by manifest.
1319 silly tarball no local data for get-caller-file@https://registry.npmjs.org/get-caller-file/-/get-caller-file-2.0.5.tgz. Extracting by manifest.
1320 silly tarball no local data for gensync@https://registry.npmjs.org/gensync/-/gensync-1.0.0-beta.2.tgz. Extracting by manifest.
1321 silly tarball no local data for flattie@https://registry.npmjs.org/flattie/-/flattie-1.1.1.tgz. Extracting by manifest.
1322 silly tarball no local data for find-up@https://registry.npmjs.org/find-up/-/find-up-4.1.0.tgz. Extracting by manifest.
1323 silly tarball no local data for find-up-simple@https://registry.npmjs.org/find-up-simple/-/find-up-simple-1.0.1.tgz. Extracting by manifest.
1324 silly tarball no local data for find-yarn-workspace-root2@https://registry.npmjs.org/find-yarn-workspace-root2/-/find-yarn-workspace-root2-1.2.16.tgz. Extracting by manifest.
1325 silly tarball no local data for fd-slicer@https://registry.npmjs.org/fd-slicer/-/fd-slicer-1.1.0.tgz. Extracting by manifest.
1326 silly tarball no local data for fill-range@https://registry.npmjs.org/fill-range/-/fill-range-7.1.1.tgz. Extracting by manifest.
1327 silly tarball no local data for fast-glob@https://registry.npmjs.org/fast-glob/-/fast-glob-3.3.3.tgz. Extracting by manifest.
1328 silly tarball no local data for fastq@https://registry.npmjs.org/fastq/-/fastq-1.20.1.tgz. Extracting by manifest.
1329 silly tarball no local data for extract-zip@https://registry.npmjs.org/extract-zip/-/extract-zip-2.0.1.tgz. Extracting by manifest.
1330 silly tarball no local data for extend@https://registry.npmjs.org/extend/-/extend-3.0.2.tgz. Extracting by manifest.
1331 silly tarball no local data for extend-shallow@https://registry.npmjs.org/extend-shallow/-/extend-shallow-2.0.1.tgz. Extracting by manifest.
1332 silly tarball no local data for esutils@https://registry.npmjs.org/esutils/-/esutils-2.0.3.tgz. Extracting by manifest.
1333 silly tarball no local data for expressive-code@https://registry.npmjs.org/expressive-code/-/expressive-code-0.35.6.tgz. Extracting by manifest.
1334 silly tarball no local data for fast-fifo@https://registry.npmjs.org/fast-fifo/-/fast-fifo-1.3.2.tgz. Extracting by manifest.
1335 silly tarball no local data for events-universal@https://registry.npmjs.org/events-universal/-/events-universal-1.0.1.tgz. Extracting by manifest.
1336 silly tarball no local data for eventemitter3@https://registry.npmjs.org/eventemitter3/-/eventemitter3-5.0.4.tgz. Extracting by manifest.
1337 silly tarball no local data for estree-walker@https://registry.npmjs.org/estree-walker/-/estree-walker-3.0.3.tgz. Extracting by manifest.
1338 silly tarball no local data for estree-util-visit@https://registry.npmjs.org/estree-util-visit/-/estree-util-visit-2.0.0.tgz. Extracting by manifest.
1339 silly tarball no local data for estree-util-scope@https://registry.npmjs.org/estree-util-scope/-/estree-util-scope-1.0.0.tgz. Extracting by manifest.
1340 silly tarball no local data for estree-util-to-js@https://registry.npmjs.org/estree-util-to-js/-/estree-util-to-js-2.0.0.tgz. Extracting by manifest.
1341 silly tarball no local data for estree-util-is-identifier-name@https://registry.npmjs.org/estree-util-is-identifier-name/-/estree-util-is-identifier-name-3.0.0.tgz. Extracting by manifest.
1342 silly tarball no local data for estree-util-attach-comments@https://registry.npmjs.org/estree-util-attach-comments/-/estree-util-attach-comments-3.0.0.tgz. Extracting by manifest.
1343 silly tarball no local data for estree-util-build-jsx@https://registry.npmjs.org/estree-util-build-jsx/-/estree-util-build-jsx-3.0.1.tgz. Extracting by manifest.
1344 silly tarball no local data for esprima@https://registry.npmjs.org/esprima/-/esprima-4.0.1.tgz. Extracting by manifest.
1345 silly tarball no local data for estraverse@https://registry.npmjs.org/estraverse/-/estraverse-5.3.0.tgz. Extracting by manifest.
1346 silly tarball no local data for escape-string-regexp@https://registry.npmjs.org/escape-string-regexp/-/escape-string-regexp-5.0.0.tgz. Extracting by manifest.
1347 silly tarball no local data for escodegen@https://registry.npmjs.org/escodegen/-/escodegen-2.1.0.tgz. Extracting by manifest.
1348 silly tarball no local data for escalade@https://registry.npmjs.org/escalade/-/escalade-3.2.0.tgz. Extracting by manifest.
1349 silly tarball no local data for esast-util-from-estree@https://registry.npmjs.org/esast-util-from-estree/-/esast-util-from-estree-2.0.0.tgz. Extracting by manifest.
1350 silly tarball no local data for esbuild@https://registry.npmjs.org/esbuild/-/esbuild-0.21.5.tgz. Extracting by manifest.
1351 silly tarball no local data for esast-util-from-js@https://registry.npmjs.org/esast-util-from-js/-/esast-util-from-js-2.0.1.tgz. Extracting by manifest.
1352 silly tarball no local data for es-module-lexer@https://registry.npmjs.org/es-module-lexer/-/es-module-lexer-1.7.0.tgz. Extracting by manifest.
1353 silly tarball no local data for error-ex@https://registry.npmjs.org/error-ex/-/error-ex-1.3.4.tgz. Extracting by manifest.
1354 silly tarball no local data for environment@https://registry.npmjs.org/environment/-/environment-1.1.0.tgz. Extracting by manifest.
1355 silly tarball no local data for entities@https://registry.npmjs.org/entities/-/entities-6.0.1.tgz. Extracting by manifest.
1356 silly tarball no local data for end-of-stream@https://registry.npmjs.org/end-of-stream/-/end-of-stream-1.4.5.tgz. Extracting by manifest.
1357 silly tarball no local data for emoji-regex@https://registry.npmjs.org/emoji-regex/-/emoji-regex-10.6.0.tgz. Extracting by manifest.
1358 silly tarball no local data for elkjs@https://registry.npmjs.org/elkjs/-/elkjs-0.9.3.tgz. Extracting by manifest.
1359 silly tarball no local data for env-paths@https://registry.npmjs.org/env-paths/-/env-paths-2.2.1.tgz. Extracting by manifest.
1360 silly tarball no local data for emoji-regex-xs@https://registry.npmjs.org/emoji-regex-xs/-/emoji-regex-xs-1.0.0.tgz. Extracting by manifest.
1361 silly tarball no local data for es-toolkit@https://registry.npmjs.org/es-toolkit/-/es-toolkit-1.47.0.tgz. Extracting by manifest.
1362 silly tarball no local data for dset@https://registry.npmjs.org/dset/-/dset-3.1.4.tgz. Extracting by manifest.
1363 silly tarball no local data for dompurify@https://registry.npmjs.org/dompurify/-/dompurify-3.4.8.tgz. Extracting by manifest.
1364 silly tarball no local data for dlv@https://registry.npmjs.org/dlv/-/dlv-1.1.3.tgz. Extracting by manifest.
1365 silly tarball no local data for direction@https://registry.npmjs.org/direction/-/direction-2.0.1.tgz. Extracting by manifest.
1366 silly tarball no local data for electron-to-chromium@https://registry.npmjs.org/electron-to-chromium/-/electron-to-chromium-1.5.373.tgz. Extracting by manifest.
1367 silly tarball no local data for diff@https://registry.npmjs.org/diff/-/diff-5.2.2.tgz. Extracting by manifest.
1368 silly tarball no local data for devlop@https://registry.npmjs.org/devlop/-/devlop-1.1.0.tgz. Extracting by manifest.
1369 silly tarball no local data for dotenv@https://registry.npmjs.org/dotenv/-/dotenv-17.4.2.tgz. Extracting by manifest.
1370 silly tarball no local data for devalue@https://registry.npmjs.org/devalue/-/devalue-5.8.1.tgz. Extracting by manifest.
1371 silly tarball no local data for devtools-protocol@https://registry.npmjs.org/devtools-protocol/-/devtools-protocol-0.0.1608973.tgz. Extracting by manifest.
1372 silly tarball no local data for detect-libc@https://registry.npmjs.org/detect-libc/-/detect-libc-2.1.2.tgz. Extracting by manifest.
1373 silly tarball no local data for delaunator@https://registry.npmjs.org/delaunator/-/delaunator-5.1.0.tgz. Extracting by manifest.
1374 silly tarball no local data for dequal@https://registry.npmjs.org/dequal/-/dequal-2.0.3.tgz. Extracting by manifest.
1375 silly tarball no local data for decode-named-character-reference@https://registry.npmjs.org/decode-named-character-reference/-/decode-named-character-reference-1.3.0.tgz. Extracting by manifest.
1376 silly tarball no local data for deterministic-object-hash@https://registry.npmjs.org/deterministic-object-hash/-/deterministic-object-hash-2.0.2.tgz. Extracting by manifest.
1377 silly tarball no local data for debug@https://registry.npmjs.org/debug/-/debug-4.4.3.tgz. Extracting by manifest.
1378 silly tarball no local data for dayjs@https://registry.npmjs.org/dayjs/-/dayjs-1.11.21.tgz. Extracting by manifest.
1379 silly tarball no local data for decimal.js@https://registry.npmjs.org/decimal.js/-/decimal.js-10.6.0.tgz. Extracting by manifest.
1380 silly tarball no local data for degenerator@https://registry.npmjs.org/degenerator/-/degenerator-5.0.1.tgz. Extracting by manifest.
1381 silly tarball no local data for data-uri-to-buffer@https://registry.npmjs.org/data-uri-to-buffer/-/data-uri-to-buffer-6.0.2.tgz. Extracting by manifest.
1382 silly tarball no local data for dagre-d3-es@https://registry.npmjs.org/dagre-d3-es/-/dagre-d3-es-7.0.14.tgz. Extracting by manifest.
1383 silly tarball no local data for hast-util-embedded@https://registry.npmjs.org/hast-util-embedded/-/hast-util-embedded-3.0.0.tgz. Extracting by manifest.
1384 silly tarball no local data for d3-zoom@https://registry.npmjs.org/d3-zoom/-/d3-zoom-3.0.0.tgz. Extracting by manifest.
1385 silly tarball no local data for d3-timer@https://registry.npmjs.org/d3-timer/-/d3-timer-3.0.1.tgz. Extracting by manifest.
1386 silly tarball no local data for d3-transition@https://registry.npmjs.org/d3-transition/-/d3-transition-3.0.1.tgz. Extracting by manifest.
1387 silly tarball no local data for data-urls@https://registry.npmjs.org/data-urls/-/data-urls-7.0.0.tgz. Extracting by manifest.
1388 silly tarball no local data for d3-time@https://registry.npmjs.org/d3-time/-/d3-time-3.1.0.tgz. Extracting by manifest.
1389 silly tarball no local data for d3-shape@https://registry.npmjs.org/d3-shape/-/d3-shape-3.2.0.tgz. Extracting by manifest.
1390 silly tarball no local data for d3-selection@https://registry.npmjs.org/d3-selection/-/d3-selection-3.0.0.tgz. Extracting by manifest.
1391 silly tarball no local data for d3-scale-chromatic@https://registry.npmjs.org/d3-scale-chromatic/-/d3-scale-chromatic-3.1.0.tgz. Extracting by manifest.
1392 silly tarball no local data for d3-sankey@https://registry.npmjs.org/d3-sankey/-/d3-sankey-0.12.3.tgz. Extracting by manifest.
1393 silly tarball no local data for d3-scale@https://registry.npmjs.org/d3-scale/-/d3-scale-4.0.2.tgz. Extracting by manifest.
1394 silly tarball no local data for d3-random@https://registry.npmjs.org/d3-random/-/d3-random-3.0.1.tgz. Extracting by manifest.
1395 silly tarball no local data for d3-hierarchy@https://registry.npmjs.org/d3-hierarchy/-/d3-hierarchy-3.1.2.tgz. Extracting by manifest.
1396 silly tarball no local data for d3-quadtree@https://registry.npmjs.org/d3-quadtree/-/d3-quadtree-3.0.1.tgz. Extracting by manifest.
1397 silly tarball no local data for d3-polygon@https://registry.npmjs.org/d3-polygon/-/d3-polygon-3.0.1.tgz. Extracting by manifest.
1398 silly tarball no local data for d3-geo@https://registry.npmjs.org/d3-geo/-/d3-geo-3.1.1.tgz. Extracting by manifest.
1399 silly tarball no local data for d3-time-format@https://registry.npmjs.org/d3-time-format/-/d3-time-format-4.1.0.tgz. Extracting by manifest.
1400 silly tarball no local data for d3-interpolate@https://registry.npmjs.org/d3-interpolate/-/d3-interpolate-3.0.1.tgz. Extracting by manifest.
1401 silly tarball no local data for d3-format@https://registry.npmjs.org/d3-format/-/d3-format-3.1.2.tgz. Extracting by manifest.
1402 silly tarball no local data for d3-fetch@https://registry.npmjs.org/d3-fetch/-/d3-fetch-3.0.1.tgz. Extracting by manifest.
1403 silly tarball no local data for d3-path@https://registry.npmjs.org/d3-path/-/d3-path-3.1.0.tgz. Extracting by manifest.
1404 silly tarball no local data for d3-ease@https://registry.npmjs.org/d3-ease/-/d3-ease-3.0.1.tgz. Extracting by manifest.
1405 silly tarball no local data for d3-drag@https://registry.npmjs.org/d3-drag/-/d3-drag-3.0.0.tgz. Extracting by manifest.
1406 silly tarball no local data for d3-dsv@https://registry.npmjs.org/d3-dsv/-/d3-dsv-3.0.1.tgz. Extracting by manifest.
1407 silly tarball no local data for d3-dispatch@https://registry.npmjs.org/d3-dispatch/-/d3-dispatch-3.0.1.tgz. Extracting by manifest.
1408 silly tarball no local data for d3-color@https://registry.npmjs.org/d3-color/-/d3-color-3.1.0.tgz. Extracting by manifest.
1409 silly tarball no local data for d3-chord@https://registry.npmjs.org/d3-chord/-/d3-chord-3.0.1.tgz. Extracting by manifest.
1410 silly tarball no local data for d3-brush@https://registry.npmjs.org/d3-brush/-/d3-brush-3.0.0.tgz. Extracting by manifest.
1411 silly tarball no local data for d3-array@https://registry.npmjs.org/d3-array/-/d3-array-3.2.4.tgz. Extracting by manifest.
1412 silly tarball no local data for d3-delaunay@https://registry.npmjs.org/d3-delaunay/-/d3-delaunay-6.0.4.tgz. Extracting by manifest.
1413 silly tarball no local data for d3-contour@https://registry.npmjs.org/d3-contour/-/d3-contour-4.0.2.tgz. Extracting by manifest.
1414 silly tarball no local data for d3-axis@https://registry.npmjs.org/d3-axis/-/d3-axis-3.0.0.tgz. Extracting by manifest.
1415 silly tarball no local data for d3@https://registry.npmjs.org/d3/-/d3-7.9.0.tgz. Extracting by manifest.
1416 silly tarball no local data for cytoscape-cose-bilkent@https://registry.npmjs.org/cytoscape-cose-bilkent/-/cytoscape-cose-bilkent-4.1.0.tgz. Extracting by manifest.
1417 silly tarball no local data for cssesc@https://registry.npmjs.org/cssesc/-/cssesc-3.0.0.tgz. Extracting by manifest.
1418 silly tarball no local data for cytoscape-fcose@https://registry.npmjs.org/cytoscape-fcose/-/cytoscape-fcose-2.2.0.tgz. Extracting by manifest.
1419 silly tarball no local data for css-tree@https://registry.npmjs.org/css-tree/-/css-tree-3.2.1.tgz. Extracting by manifest.
1420 silly tarball no local data for cytoscape@https://registry.npmjs.org/cytoscape/-/cytoscape-3.34.0.tgz. Extracting by manifest.
1421 silly tarball no local data for cose-base@https://registry.npmjs.org/cose-base/-/cose-base-1.0.3.tgz. Extracting by manifest.
1422 silly tarball no local data for cosmiconfig@https://registry.npmjs.org/cosmiconfig/-/cosmiconfig-9.0.2.tgz. Extracting by manifest.
1423 silly tarball no local data for css-selector-parser@https://registry.npmjs.org/css-selector-parser/-/css-selector-parser-3.3.0.tgz. Extracting by manifest.
1424 silly tarball no local data for cookie@https://registry.npmjs.org/cookie/-/cookie-0.7.2.tgz. Extracting by manifest.
1425 silly tarball no local data for convert-source-map@https://registry.npmjs.org/convert-source-map/-/convert-source-map-2.0.0.tgz. Extracting by manifest.
1426 silly tarball no local data for common-ancestor-path@https://registry.npmjs.org/common-ancestor-path/-/common-ancestor-path-1.0.1.tgz. Extracting by manifest.
1427 silly tarball no local data for commander@https://registry.npmjs.org/commander/-/commander-7.2.0.tgz. Extracting by manifest.
1428 silly tarball no local data for colorette@https://registry.npmjs.org/colorette/-/colorette-2.0.20.tgz. Extracting by manifest.
1429 silly tarball no local data for color-string@https://registry.npmjs.org/color-string/-/color-string-1.9.1.tgz. Extracting by manifest.
1430 silly tarball no local data for comma-separated-tokens@https://registry.npmjs.org/comma-separated-tokens/-/comma-separated-tokens-2.0.3.tgz. Extracting by manifest.
1431 silly tarball no local data for color-name@https://registry.npmjs.org/color-name/-/color-name-1.1.4.tgz. Extracting by manifest.
1432 silly tarball no local data for color@https://registry.npmjs.org/color/-/color-4.2.3.tgz. Extracting by manifest.
1433 silly tarball no local data for color-convert@https://registry.npmjs.org/color-convert/-/color-convert-2.0.1.tgz. Extracting by manifest.
1434 silly tarball no local data for collapse-white-space@https://registry.npmjs.org/collapse-white-space/-/collapse-white-space-2.1.0.tgz. Extracting by manifest.
1435 silly tarball no local data for clsx@https://registry.npmjs.org/clsx/-/clsx-2.1.1.tgz. Extracting by manifest.
1436 silly tarball no local data for cli-boxes@https://registry.npmjs.org/cli-boxes/-/cli-boxes-3.0.0.tgz. Extracting by manifest.
1437 silly tarball no local data for cli-spinners@https://registry.npmjs.org/cli-spinners/-/cli-spinners-2.9.2.tgz. Extracting by manifest.
1438 silly tarball no local data for cliui@https://registry.npmjs.org/cliui/-/cliui-8.0.1.tgz. Extracting by manifest.
1439 silly tarball no local data for cli-cursor@https://registry.npmjs.org/cli-cursor/-/cli-cursor-5.0.0.tgz. Extracting by manifest.
1440 silly tarball no local data for cli-truncate@https://registry.npmjs.org/cli-truncate/-/cli-truncate-5.2.0.tgz. Extracting by manifest.
1441 silly tarball no local data for class-variance-authority@https://registry.npmjs.org/class-variance-authority/-/class-variance-authority-0.7.1.tgz. Extracting by manifest.
1442 silly tarball no local data for ci-info@https://registry.npmjs.org/ci-info/-/ci-info-4.4.0.tgz. Extracting by manifest.
1443 silly tarball no local data for character-reference-invalid@https://registry.npmjs.org/character-reference-invalid/-/character-reference-invalid-2.0.1.tgz. Extracting by manifest.
1444 silly tarball no local data for character-entities-legacy@https://registry.npmjs.org/character-entities-legacy/-/character-entities-legacy-3.0.0.tgz. Extracting by manifest.
1445 silly tarball no local data for character-entities@https://registry.npmjs.org/character-entities/-/character-entities-2.0.2.tgz. Extracting by manifest.
1446 silly tarball no local data for character-entities-html4@https://registry.npmjs.org/character-entities-html4/-/character-entities-html4-2.1.0.tgz. Extracting by manifest.
1447 silly tarball no local data for chromium-bidi@https://registry.npmjs.org/chromium-bidi/-/chromium-bidi-14.0.0.tgz. Extracting by manifest.
1448 silly tarball no local data for ccount@https://registry.npmjs.org/ccount/-/ccount-2.0.1.tgz. Extracting by manifest.
1449 silly tarball no local data for camelcase@https://registry.npmjs.org/camelcase/-/camelcase-8.0.0.tgz. Extracting by manifest.
1450 silly tarball no local data for callsites@https://registry.npmjs.org/callsites/-/callsites-3.1.0.tgz. Extracting by manifest.
1451 silly tarball no local data for chalk@https://registry.npmjs.org/chalk/-/chalk-5.6.2.tgz. Extracting by manifest.
1452 silly tarball no local data for caniuse-lite@https://registry.npmjs.org/caniuse-lite/-/caniuse-lite-1.0.30001799.tgz. Extracting by manifest.
1453 silly tarball no local data for buffer-crc32@https://registry.npmjs.org/buffer-crc32/-/buffer-crc32-0.2.13.tgz. Extracting by manifest.
1454 silly tarball no local data for browserslist@https://registry.npmjs.org/browserslist/-/browserslist-4.28.2.tgz. Extracting by manifest.
1455 silly tarball no local data for d3-force@https://registry.npmjs.org/d3-force/-/d3-force-3.0.0.tgz. Extracting by manifest.
1456 silly tarball no local data for braces@https://registry.npmjs.org/braces/-/braces-3.0.3.tgz. Extracting by manifest.
1457 silly tarball no local data for boxen@https://registry.npmjs.org/boxen/-/boxen-8.0.1.tgz. Extracting by manifest.
1458 silly tarball no local data for bcp-47@https://registry.npmjs.org/bcp-47/-/bcp-47-2.1.0.tgz. Extracting by manifest.
1459 silly tarball no local data for boolbase@https://registry.npmjs.org/boolbase/-/boolbase-1.0.0.tgz. Extracting by manifest.
1460 silly tarball no local data for bidi-js@https://registry.npmjs.org/bidi-js/-/bidi-js-1.0.3.tgz. Extracting by manifest.
1461 silly tarball no local data for bcp-47-match@https://registry.npmjs.org/bcp-47-match/-/bcp-47-match-2.0.3.tgz. Extracting by manifest.
1462 silly tarball no local data for basic-ftp@https://registry.npmjs.org/basic-ftp/-/basic-ftp-5.3.1.tgz. Extracting by manifest.
1463 silly tarball no local data for bare-url@https://registry.npmjs.org/bare-url/-/bare-url-2.4.5.tgz. Extracting by manifest.
1464 silly tarball no local data for baseline-browser-mapping@https://registry.npmjs.org/baseline-browser-mapping/-/baseline-browser-mapping-2.10.37.tgz. Extracting by manifest.
1465 silly tarball no local data for base-64@https://registry.npmjs.org/base-64/-/base-64-1.0.0.tgz. Extracting by manifest.
1466 silly tarball no local data for bare-stream@https://registry.npmjs.org/bare-stream/-/bare-stream-2.13.1.tgz. Extracting by manifest.
1467 silly tarball no local data for bare-path@https://registry.npmjs.org/bare-path/-/bare-path-3.0.1.tgz. Extracting by manifest.
1468 silly tarball no local data for bare-fs@https://registry.npmjs.org/bare-fs/-/bare-fs-4.7.2.tgz. Extracting by manifest.
1469 silly tarball no local data for bare-os@https://registry.npmjs.org/bare-os/-/bare-os-3.9.1.tgz. Extracting by manifest.
1470 silly tarball no local data for bare-events@https://registry.npmjs.org/bare-events/-/bare-events-2.9.1.tgz. Extracting by manifest.
1471 silly tarball no local data for axobject-query@https://registry.npmjs.org/axobject-query/-/axobject-query-4.1.0.tgz. Extracting by manifest.
1472 silly tarball no local data for bail@https://registry.npmjs.org/bail/-/bail-2.0.2.tgz. Extracting by manifest.
1473 silly tarball no local data for b4a@https://registry.npmjs.org/b4a/-/b4a-1.8.1.tgz. Extracting by manifest.
1474 silly tarball no local data for astro-expressive-code@https://registry.npmjs.org/astro-expressive-code/-/astro-expressive-code-0.35.6.tgz. Extracting by manifest.
1475 silly tarball no local data for astro@https://registry.npmjs.org/astro/-/astro-4.16.19.tgz. Extracting by manifest.
1476 silly tarball no local data for ast-types@https://registry.npmjs.org/ast-types/-/ast-types-0.13.4.tgz. Extracting by manifest.
1477 silly tarball no local data for astring@https://registry.npmjs.org/astring/-/astring-1.9.0.tgz. Extracting by manifest.
1478 silly tarball no local data for array-iterate@https://registry.npmjs.org/array-iterate/-/array-iterate-2.0.1.tgz. Extracting by manifest.
1479 silly tarball no local data for aria-hidden@https://registry.npmjs.org/aria-hidden/-/aria-hidden-1.2.6.tgz. Extracting by manifest.
1480 silly tarball no local data for aria-query@https://registry.npmjs.org/aria-query/-/aria-query-5.3.2.tgz. Extracting by manifest.
1481 silly tarball no local data for arg@https://registry.npmjs.org/arg/-/arg-5.0.2.tgz. Extracting by manifest.
1482 silly tarball no local data for argparse@https://registry.npmjs.org/argparse/-/argparse-2.0.1.tgz. Extracting by manifest.
1483 silly tarball no local data for antlr4@https://registry.npmjs.org/antlr4/-/antlr4-4.11.0.tgz. Extracting by manifest.
1484 silly tarball no local data for ansi-regex@https://registry.npmjs.org/ansi-regex/-/ansi-regex-6.2.2.tgz. Extracting by manifest.
1485 silly tarball no local data for ansi-escapes@https://registry.npmjs.org/ansi-escapes/-/ansi-escapes-7.3.0.tgz. Extracting by manifest.
1486 silly tarball no local data for @upsetjs/venn.js@https://registry.npmjs.org/@upsetjs/venn.js/-/venn.js-2.0.0.tgz. Extracting by manifest.
1487 silly tarball no local data for agent-base@https://registry.npmjs.org/agent-base/-/agent-base-7.1.4.tgz. Extracting by manifest.
1488 silly tarball no local data for @ungap/structured-clone@https://registry.npmjs.org/@ungap/structured-clone/-/structured-clone-1.3.1.tgz. Extracting by manifest.
1489 silly tarball no local data for ansi-styles@https://registry.npmjs.org/ansi-styles/-/ansi-styles-6.2.3.tgz. Extracting by manifest.
1490 silly tarball no local data for @types/yauzl@https://registry.npmjs.org/@types/yauzl/-/yauzl-2.10.3.tgz. Extracting by manifest.
1491 silly tarball no local data for acorn-jsx@https://registry.npmjs.org/acorn-jsx/-/acorn-jsx-5.3.2.tgz. Extracting by manifest.
1492 silly tarball no local data for ansi-align@https://registry.npmjs.org/ansi-align/-/ansi-align-3.0.1.tgz. Extracting by manifest.
1493 silly tarball no local data for acorn@https://registry.npmjs.org/acorn/-/acorn-8.16.0.tgz. Extracting by manifest.
1494 silly tarball no local data for @types/trusted-types@https://registry.npmjs.org/@types/trusted-types/-/trusted-types-2.0.7.tgz. Extracting by manifest.
1495 silly tarball no local data for @types/unist@https://registry.npmjs.org/@types/unist/-/unist-3.0.3.tgz. Extracting by manifest.
1496 silly tarball no local data for @types/nlcst@https://registry.npmjs.org/@types/nlcst/-/nlcst-2.0.3.tgz. Extracting by manifest.
1497 silly tarball no local data for @types/ms@https://registry.npmjs.org/@types/ms/-/ms-2.1.0.tgz. Extracting by manifest.
1498 silly tarball no local data for @types/sax@https://registry.npmjs.org/@types/sax/-/sax-1.2.7.tgz. Extracting by manifest.
1499 silly tarball no local data for @types/mdast@https://registry.npmjs.org/@types/mdast/-/mdast-4.0.4.tgz. Extracting by manifest.
1500 silly tarball no local data for @types/hast@https://registry.npmjs.org/@types/hast/-/hast-3.0.4.tgz. Extracting by manifest.
1501 silly tarball no local data for @types/node@https://registry.npmjs.org/@types/node/-/node-24.13.1.tgz. Extracting by manifest.
1502 silly tarball no local data for @types/katex@https://registry.npmjs.org/@types/katex/-/katex-0.16.8.tgz. Extracting by manifest.
1503 silly tarball no local data for @types/mdx@https://registry.npmjs.org/@types/mdx/-/mdx-2.0.14.tgz. Extracting by manifest.
1504 silly tarball no local data for @types/estree-jsx@https://registry.npmjs.org/@types/estree-jsx/-/estree-jsx-1.0.5.tgz. Extracting by manifest.
1505 silly tarball no local data for @types/geojson@https://registry.npmjs.org/@types/geojson/-/geojson-7946.0.16.tgz. Extracting by manifest.
1506 silly tarball no local data for @types/d3-transition@https://registry.npmjs.org/@types/d3-transition/-/d3-transition-3.0.9.tgz. Extracting by manifest.
1507 silly tarball no local data for @types/d3-timer@https://registry.npmjs.org/@types/d3-timer/-/d3-timer-3.0.2.tgz. Extracting by manifest.
1508 silly tarball no local data for @types/debug@https://registry.npmjs.org/@types/debug/-/debug-4.1.13.tgz. Extracting by manifest.
1509 silly tarball no local data for @types/d3-zoom@https://registry.npmjs.org/@types/d3-zoom/-/d3-zoom-3.0.8.tgz. Extracting by manifest.
1510 silly tarball no local data for @types/estree@https://registry.npmjs.org/@types/estree/-/estree-1.0.9.tgz. Extracting by manifest.
1511 silly tarball no local data for @types/d3-time@https://registry.npmjs.org/@types/d3-time/-/d3-time-3.0.4.tgz. Extracting by manifest.
1512 silly tarball no local data for @types/d3-selection@https://registry.npmjs.org/@types/d3-selection/-/d3-selection-3.0.11.tgz. Extracting by manifest.
1513 silly tarball no local data for @types/d3-scale-chromatic@https://registry.npmjs.org/@types/d3-scale-chromatic/-/d3-scale-chromatic-3.1.0.tgz. Extracting by manifest.
1514 silly tarball no local data for @types/d3-shape@https://registry.npmjs.org/@types/d3-shape/-/d3-shape-3.1.8.tgz. Extracting by manifest.
1515 silly tarball no local data for @types/d3-scale@https://registry.npmjs.org/@types/d3-scale/-/d3-scale-4.0.9.tgz. Extracting by manifest.
1516 silly tarball no local data for @types/d3-quadtree@https://registry.npmjs.org/@types/d3-quadtree/-/d3-quadtree-3.0.6.tgz. Extracting by manifest.
1517 silly tarball no local data for @types/d3-time-format@https://registry.npmjs.org/@types/d3-time-format/-/d3-time-format-4.0.3.tgz. Extracting by manifest.
1518 silly tarball no local data for @types/d3-polygon@https://registry.npmjs.org/@types/d3-polygon/-/d3-polygon-3.0.2.tgz. Extracting by manifest.
1519 silly tarball no local data for @types/d3-path@https://registry.npmjs.org/@types/d3-path/-/d3-path-3.1.1.tgz. Extracting by manifest.
1520 silly tarball no local data for @types/d3-geo@https://registry.npmjs.org/@types/d3-geo/-/d3-geo-3.1.0.tgz. Extracting by manifest.
1521 silly tarball no local data for @types/d3-interpolate@https://registry.npmjs.org/@types/d3-interpolate/-/d3-interpolate-3.0.4.tgz. Extracting by manifest.
1522 silly tarball no local data for @types/d3-force@https://registry.npmjs.org/@types/d3-force/-/d3-force-3.0.10.tgz. Extracting by manifest.
1523 silly tarball no local data for @types/d3-ease@https://registry.npmjs.org/@types/d3-ease/-/d3-ease-3.0.2.tgz. Extracting by manifest.
1524 silly tarball no local data for @types/d3-format@https://registry.npmjs.org/@types/d3-format/-/d3-format-3.0.4.tgz. Extracting by manifest.
1525 silly tarball no local data for @types/d3-dsv@https://registry.npmjs.org/@types/d3-dsv/-/d3-dsv-3.0.7.tgz. Extracting by manifest.
1526 silly tarball no local data for @types/d3-fetch@https://registry.npmjs.org/@types/d3-fetch/-/d3-fetch-3.0.7.tgz. Extracting by manifest.
1527 silly tarball no local data for @types/d3-hierarchy@https://registry.npmjs.org/@types/d3-hierarchy/-/d3-hierarchy-3.1.7.tgz. Extracting by manifest.
1528 silly tarball no local data for @types/d3-drag@https://registry.npmjs.org/@types/d3-drag/-/d3-drag-3.0.7.tgz. Extracting by manifest.
1529 silly tarball no local data for @types/d3-delaunay@https://registry.npmjs.org/@types/d3-delaunay/-/d3-delaunay-6.0.4.tgz. Extracting by manifest.
1530 silly tarball no local data for @types/d3-contour@https://registry.npmjs.org/@types/d3-contour/-/d3-contour-3.0.6.tgz. Extracting by manifest.
1531 silly tarball no local data for @types/d3-random@https://registry.npmjs.org/@types/d3-random/-/d3-random-3.0.3.tgz. Extracting by manifest.
1532 silly tarball no local data for @types/d3-chord@https://registry.npmjs.org/@types/d3-chord/-/d3-chord-3.0.6.tgz. Extracting by manifest.
1533 silly tarball no local data for @types/d3-color@https://registry.npmjs.org/@types/d3-color/-/d3-color-3.1.3.tgz. Extracting by manifest.
1534 silly tarball no local data for @types/d3-axis@https://registry.npmjs.org/@types/d3-axis/-/d3-axis-3.0.6.tgz. Extracting by manifest.
1535 silly tarball no local data for @types/d3-brush@https://registry.npmjs.org/@types/d3-brush/-/d3-brush-3.0.6.tgz. Extracting by manifest.
1536 silly tarball no local data for @types/d3-array@https://registry.npmjs.org/@types/d3-array/-/d3-array-3.2.2.tgz. Extracting by manifest.
1537 silly tarball no local data for @types/d3@https://registry.npmjs.org/@types/d3/-/d3-7.4.3.tgz. Extracting by manifest.
1538 silly tarball no local data for @types/cookie@https://registry.npmjs.org/@types/cookie/-/cookie-0.6.0.tgz. Extracting by manifest.
1539 silly tarball no local data for @types/babel__generator@https://registry.npmjs.org/@types/babel__generator/-/babel__generator-7.27.0.tgz. Extracting by manifest.
1540 silly tarball no local data for @types/babel__core@https://registry.npmjs.org/@types/babel__core/-/babel__core-7.20.5.tgz. Extracting by manifest.
1541 silly tarball no local data for @types/babel__template@https://registry.npmjs.org/@types/babel__template/-/babel__template-7.4.4.tgz. Extracting by manifest.
1542 silly tarball no local data for @swc/helpers@https://registry.npmjs.org/@swc/helpers/-/helpers-0.5.23.tgz. Extracting by manifest.
1543 silly tarball no local data for @types/babel__traverse@https://registry.npmjs.org/@types/babel__traverse/-/babel__traverse-7.28.0.tgz. Extracting by manifest.
1544 silly tarball no local data for @tanstack/react-virtual@https://registry.npmjs.org/@tanstack/react-virtual/-/react-virtual-3.14.3.tgz. Extracting by manifest.
1545 silly tarball no local data for @tootallnate/quickjs-emscripten@https://registry.npmjs.org/@tootallnate/quickjs-emscripten/-/quickjs-emscripten-0.23.0.tgz. Extracting by manifest.
1546 silly tarball no local data for @tanstack/virtual-core@https://registry.npmjs.org/@tanstack/virtual-core/-/virtual-core-3.17.1.tgz. Extracting by manifest.
1547 silly tarball no local data for @types/d3-dispatch@https://registry.npmjs.org/@types/d3-dispatch/-/d3-dispatch-3.0.7.tgz. Extracting by manifest.
1548 silly tarball no local data for @shikijs/types@https://registry.npmjs.org/@shikijs/types/-/types-1.29.2.tgz. Extracting by manifest.
1549 silly tarball no local data for @shikijs/vscode-textmate@https://registry.npmjs.org/@shikijs/vscode-textmate/-/vscode-textmate-10.0.2.tgz. Extracting by manifest.
1550 silly tarball no local data for @shikijs/themes@https://registry.npmjs.org/@shikijs/themes/-/themes-1.29.2.tgz. Extracting by manifest.
1551 silly tarball no local data for @shikijs/langs@https://registry.npmjs.org/@shikijs/langs/-/langs-1.29.2.tgz. Extracting by manifest.
1552 silly tarball no local data for @rollup/rollup-win32-x64-msvc@https://registry.npmjs.org/@rollup/rollup-win32-x64-msvc/-/rollup-win32-x64-msvc-4.61.1.tgz. Extracting by manifest.
1553 silly tarball no local data for @rollup/rollup-win32-x64-gnu@https://registry.npmjs.org/@rollup/rollup-win32-x64-gnu/-/rollup-win32-x64-gnu-4.61.1.tgz. Extracting by manifest.
1554 silly tarball no local data for @shikijs/engine-oniguruma@https://registry.npmjs.org/@shikijs/engine-oniguruma/-/engine-oniguruma-1.29.2.tgz. Extracting by manifest.
1555 silly tarball no local data for @shikijs/core@https://registry.npmjs.org/@shikijs/core/-/core-1.29.2.tgz. Extracting by manifest.
1556 silly tarball no local data for @rollup/pluginutils@https://registry.npmjs.org/@rollup/pluginutils/-/pluginutils-5.4.0.tgz. Extracting by manifest.
1557 silly tarball no local data for @react-aria/focus@https://registry.npmjs.org/@react-aria/focus/-/focus-3.22.1.tgz. Extracting by manifest.
1558 silly tarball no local data for @puppeteer/browsers@https://registry.npmjs.org/@puppeteer/browsers/-/browsers-2.13.2.tgz. Extracting by manifest.
1559 silly tarball no local data for @react-aria/interactions@https://registry.npmjs.org/@react-aria/interactions/-/interactions-3.28.1.tgz. Extracting by manifest.
1560 silly tarball no local data for @shikijs/engine-javascript@https://registry.npmjs.org/@shikijs/engine-javascript/-/engine-javascript-1.29.2.tgz. Extracting by manifest.
1561 silly tarball no local data for @pagefind/default-ui@https://registry.npmjs.org/@pagefind/default-ui/-/default-ui-1.5.2.tgz. Extracting by manifest.
1562 silly tarball no local data for @pagefind/windows-x64@https://registry.npmjs.org/@pagefind/windows-x64/-/windows-x64-1.5.2.tgz. Extracting by manifest.
1563 silly tarball no local data for @oslojs/encoding@https://registry.npmjs.org/@oslojs/encoding/-/encoding-1.1.0.tgz. Extracting by manifest.
1564 silly tarball no local data for @napi-rs/canvas@https://registry.npmjs.org/@napi-rs/canvas/-/canvas-0.1.100.tgz. Extracting by manifest.
1565 silly tarball no local data for @nodelib/fs.stat@https://registry.npmjs.org/@nodelib/fs.stat/-/fs.stat-2.0.5.tgz. Extracting by manifest.
1566 silly tarball no local data for @react-types/shared@https://registry.npmjs.org/@react-types/shared/-/shared-3.35.0.tgz. Extracting by manifest.
1567 silly tarball no local data for @nodelib/fs.walk@https://registry.npmjs.org/@nodelib/fs.walk/-/fs.walk-1.2.8.tgz. Extracting by manifest.
1568 silly tarball no local data for @nodelib/fs.scandir@https://registry.npmjs.org/@nodelib/fs.scandir/-/fs.scandir-2.1.5.tgz. Extracting by manifest.
1569 silly tarball no local data for @napi-rs/canvas-win32-x64-msvc@https://registry.npmjs.org/@napi-rs/canvas-win32-x64-msvc/-/canvas-win32-x64-msvc-0.1.100.tgz. Extracting by manifest.
1570 silly tarball no local data for @mermaid-js/mermaid-zenuml@https://registry.npmjs.org/@mermaid-js/mermaid-zenuml/-/mermaid-zenuml-0.2.3.tgz. Extracting by manifest.
1571 silly tarball no local data for @mermaid-js/layout-elk@https://registry.npmjs.org/@mermaid-js/layout-elk/-/layout-elk-0.2.1.tgz. Extracting by manifest.
1572 silly tarball no local data for @mermaid-js/layout-tidy-tree@https://registry.npmjs.org/@mermaid-js/layout-tidy-tree/-/layout-tidy-tree-0.2.2.tgz. Extracting by manifest.
1573 silly tarball no local data for @mermaid-js/parser@https://registry.npmjs.org/@mermaid-js/parser/-/parser-1.1.1.tgz. Extracting by manifest.
1574 silly tarball no local data for @mdx-js/mdx@https://registry.npmjs.org/@mdx-js/mdx/-/mdx-3.1.1.tgz. Extracting by manifest.
1575 silly tarball no local data for @mermaid-js/mermaid-cli@https://registry.npmjs.org/@mermaid-js/mermaid-cli/-/mermaid-cli-11.15.0.tgz. Extracting by manifest.
1576 silly tarball no local data for @jridgewell/sourcemap-codec@https://registry.npmjs.org/@jridgewell/sourcemap-codec/-/sourcemap-codec-1.5.5.tgz. Extracting by manifest.
1577 silly tarball no local data for @jridgewell/trace-mapping@https://registry.npmjs.org/@jridgewell/trace-mapping/-/trace-mapping-0.3.31.tgz. Extracting by manifest.
1578 silly tarball no local data for @internationalized/date@https://registry.npmjs.org/@internationalized/date/-/date-3.12.2.tgz. Extracting by manifest.
1579 silly tarball no local data for @internationalized/string@https://registry.npmjs.org/@internationalized/string/-/string-3.2.9.tgz. Extracting by manifest.
1580 silly tarball no local data for @jridgewell/resolve-uri@https://registry.npmjs.org/@jridgewell/resolve-uri/-/resolve-uri-3.1.2.tgz. Extracting by manifest.
1581 silly tarball no local data for @jridgewell/gen-mapping@https://registry.npmjs.org/@jridgewell/gen-mapping/-/gen-mapping-0.3.13.tgz. Extracting by manifest.
1582 silly tarball no local data for @jridgewell/remapping@https://registry.npmjs.org/@jridgewell/remapping/-/remapping-2.3.5.tgz. Extracting by manifest.
1583 silly tarball no local data for @internationalized/number@https://registry.npmjs.org/@internationalized/number/-/number-3.6.7.tgz. Extracting by manifest.
1584 silly tarball no local data for @iconify/utils@https://registry.npmjs.org/@iconify/utils/-/utils-3.1.3.tgz. Extracting by manifest.
1585 silly tarball no local data for @iconify/types@https://registry.npmjs.org/@iconify/types/-/types-2.0.0.tgz. Extracting by manifest.
1586 silly tarball no local data for @img/sharp-win32-x64@https://registry.npmjs.org/@img/sharp-win32-x64/-/sharp-win32-x64-0.34.5.tgz. Extracting by manifest.
1587 silly tarball no local data for @img/colour@https://registry.npmjs.org/@img/colour/-/colour-1.1.0.tgz. Extracting by manifest.
1588 silly tarball no local data for @headlessui/react@https://registry.npmjs.org/@headlessui/react/-/react-2.2.10.tgz. Extracting by manifest.
1589 silly tarball no local data for @headlessui/tailwindcss@https://registry.npmjs.org/@headlessui/tailwindcss/-/tailwindcss-0.2.2.tgz. Extracting by manifest.
1590 silly tarball no local data for @floating-ui/react@https://registry.npmjs.org/@floating-ui/react/-/react-0.27.19.tgz. Extracting by manifest.
1591 silly tarball no local data for @fortawesome/fontawesome-free@https://registry.npmjs.org/@fortawesome/fontawesome-free/-/fontawesome-free-6.7.2.tgz. Extracting by manifest.
1592 silly tarball no local data for @floating-ui/utils@https://registry.npmjs.org/@floating-ui/utils/-/utils-0.2.11.tgz. Extracting by manifest.
1593 silly tarball no local data for @floating-ui/react-dom@https://registry.npmjs.org/@floating-ui/react-dom/-/react-dom-2.1.8.tgz. Extracting by manifest.
1594 silly tarball no local data for @floating-ui/dom@https://registry.npmjs.org/@floating-ui/dom/-/dom-1.7.6.tgz. Extracting by manifest.
1595 silly tarball no local data for @expressive-code/plugin-shiki@https://registry.npmjs.org/@expressive-code/plugin-shiki/-/plugin-shiki-0.35.6.tgz. Extracting by manifest.
1596 silly tarball no local data for @floating-ui/core@https://registry.npmjs.org/@floating-ui/core/-/core-1.7.5.tgz. Extracting by manifest.
1597 silly tarball no local data for @expressive-code/plugin-text-markers@https://registry.npmjs.org/@expressive-code/plugin-text-markers/-/plugin-text-markers-0.35.6.tgz. Extracting by manifest.
1598 silly tarball no local data for @expressive-code/core@https://registry.npmjs.org/@expressive-code/core/-/core-0.35.6.tgz. Extracting by manifest.
1599 silly tarball no local data for @expressive-code/plugin-frames@https://registry.npmjs.org/@expressive-code/plugin-frames/-/plugin-frames-0.35.6.tgz. Extracting by manifest.
1600 silly tarball no local data for @exodus/bytes@https://registry.npmjs.org/@exodus/bytes/-/bytes-1.15.1.tgz. Extracting by manifest.
1601 silly tarball no local data for @emnapi/runtime@https://registry.npmjs.org/@emnapi/runtime/-/runtime-1.10.0.tgz. Extracting by manifest.
1602 silly tarball no local data for @ctrl/tinycolor@https://registry.npmjs.org/@ctrl/tinycolor/-/tinycolor-4.2.0.tgz. Extracting by manifest.
1603 silly tarball no local data for @esbuild/win32-x64@https://registry.npmjs.org/@esbuild/win32-x64/-/win32-x64-0.21.5.tgz. Extracting by manifest.
1604 silly tarball no local data for @csstools/css-parser-algorithms@https://registry.npmjs.org/@csstools/css-parser-algorithms/-/css-parser-algorithms-4.0.0.tgz. Extracting by manifest.
1605 silly tarball no local data for @chevrotain/types@https://registry.npmjs.org/@chevrotain/types/-/types-11.1.2.tgz. Extracting by manifest.
1606 silly tarball no local data for @csstools/css-syntax-patches-for-csstree@https://registry.npmjs.org/@csstools/css-syntax-patches-for-csstree/-/css-syntax-patches-for-csstree-1.1.5.tgz. Extracting by manifest.
1607 silly tarball no local data for @csstools/css-calc@https://registry.npmjs.org/@csstools/css-calc/-/css-calc-3.2.1.tgz. Extracting by manifest.
1608 silly tarball no local data for @csstools/css-tokenizer@https://registry.npmjs.org/@csstools/css-tokenizer/-/css-tokenizer-4.0.0.tgz. Extracting by manifest.
1609 silly tarball no local data for @braintree/sanitize-url@https://registry.npmjs.org/@braintree/sanitize-url/-/sanitize-url-7.1.2.tgz. Extracting by manifest.
1610 silly tarball no local data for @csstools/css-color-parser@https://registry.npmjs.org/@csstools/css-color-parser/-/css-color-parser-4.1.7.tgz. Extracting by manifest.
1611 silly tarball no local data for @bramus/specificity@https://registry.npmjs.org/@bramus/specificity/-/specificity-2.4.2.tgz. Extracting by manifest.
1612 silly tarball no local data for @csstools/color-helpers@https://registry.npmjs.org/@csstools/color-helpers/-/color-helpers-6.0.2.tgz. Extracting by manifest.
1613 silly tarball no local data for @babel/plugin-transform-react-jsx@https://registry.npmjs.org/@babel/plugin-transform-react-jsx/-/plugin-transform-react-jsx-7.29.7.tgz. Extracting by manifest.
1614 silly tarball no local data for @babel/types@https://registry.npmjs.org/@babel/types/-/types-7.29.7.tgz. Extracting by manifest.
1615 silly tarball no local data for @babel/parser@https://registry.npmjs.org/@babel/parser/-/parser-7.29.7.tgz. Extracting by manifest.
1616 silly tarball no local data for @babel/traverse@https://registry.npmjs.org/@babel/traverse/-/traverse-7.29.7.tgz. Extracting by manifest.
1617 silly tarball no local data for @babel/plugin-syntax-jsx@https://registry.npmjs.org/@babel/plugin-syntax-jsx/-/plugin-syntax-jsx-7.29.7.tgz. Extracting by manifest.
1618 silly tarball no local data for @babel/helpers@https://registry.npmjs.org/@babel/helpers/-/helpers-7.29.7.tgz. Extracting by manifest.
1619 silly tarball no local data for @babel/helper-validator-option@https://registry.npmjs.org/@babel/helper-validator-option/-/helper-validator-option-7.29.7.tgz. Extracting by manifest.
1620 silly tarball no local data for @babel/helper-plugin-utils@https://registry.npmjs.org/@babel/helper-plugin-utils/-/helper-plugin-utils-7.29.7.tgz. Extracting by manifest.
1621 silly tarball no local data for @babel/helper-string-parser@https://registry.npmjs.org/@babel/helper-string-parser/-/helper-string-parser-7.29.7.tgz. Extracting by manifest.
1622 silly tarball no local data for @babel/template@https://registry.npmjs.org/@babel/template/-/template-7.29.7.tgz. Extracting by manifest.
1623 silly tarball no local data for @babel/helper-module-imports@https://registry.npmjs.org/@babel/helper-module-imports/-/helper-module-imports-7.29.7.tgz. Extracting by manifest.
1624 silly tarball no local data for @babel/helper-validator-identifier@https://registry.npmjs.org/@babel/helper-validator-identifier/-/helper-validator-identifier-7.29.7.tgz. Extracting by manifest.
1625 silly tarball no local data for @babel/helper-module-transforms@https://registry.npmjs.org/@babel/helper-module-transforms/-/helper-module-transforms-7.29.7.tgz. Extracting by manifest.
1626 silly tarball no local data for @babel/generator@https://registry.npmjs.org/@babel/generator/-/generator-7.29.7.tgz. Extracting by manifest.
1627 silly tarball no local data for @babel/helper-globals@https://registry.npmjs.org/@babel/helper-globals/-/helper-globals-7.29.7.tgz. Extracting by manifest.
1628 silly tarball no local data for @babel/core@https://registry.npmjs.org/@babel/core/-/core-7.29.7.tgz. Extracting by manifest.
1629 silly tarball no local data for @babel/code-frame@https://registry.npmjs.org/@babel/code-frame/-/code-frame-7.29.7.tgz. Extracting by manifest.
1630 silly tarball no local data for @babel/compat-data@https://registry.npmjs.org/@babel/compat-data/-/compat-data-7.29.7.tgz. Extracting by manifest.
1631 silly tarball no local data for @babel/helper-annotate-as-pure@https://registry.npmjs.org/@babel/helper-annotate-as-pure/-/helper-annotate-as-pure-7.29.7.tgz. Extracting by manifest.
1632 silly tarball no local data for @babel/helper-compilation-targets@https://registry.npmjs.org/@babel/helper-compilation-targets/-/helper-compilation-targets-7.29.7.tgz. Extracting by manifest.
1633 silly tarball no local data for @astrojs/telemetry@https://registry.npmjs.org/@astrojs/telemetry/-/telemetry-3.1.0.tgz. Extracting by manifest.
1634 silly tarball no local data for @astrojs/sitemap@https://registry.npmjs.org/@astrojs/sitemap/-/sitemap-3.1.6.tgz. Extracting by manifest.
1635 silly tarball no local data for @astrojs/starlight@https://registry.npmjs.org/@astrojs/starlight/-/starlight-0.23.4.tgz. Extracting by manifest.
1636 silly tarball no local data for @astrojs/mdx@https://registry.npmjs.org/@astrojs/mdx/-/mdx-3.1.9.tgz. Extracting by manifest.
1637 silly tarball no local data for @astrojs/markdown-remark@https://registry.npmjs.org/@astrojs/markdown-remark/-/markdown-remark-5.3.0.tgz. Extracting by manifest.
1638 silly tarball no local data for @astrojs/internal-helpers@https://registry.npmjs.org/@astrojs/internal-helpers/-/internal-helpers-0.4.1.tgz. Extracting by manifest.
1639 silly tarball no local data for @asamuzakjp/nwsapi@https://registry.npmjs.org/@asamuzakjp/nwsapi/-/nwsapi-2.3.9.tgz. Extracting by manifest.
1640 silly tarball no local data for @astrojs/compiler@https://registry.npmjs.org/@astrojs/compiler/-/compiler-2.13.1.tgz. Extracting by manifest.
1641 silly tarball no local data for @astrojs/prism@https://registry.npmjs.org/@astrojs/prism/-/prism-3.1.0.tgz. Extracting by manifest.
1642 silly tarball no local data for string-width@https://registry.npmjs.org/string-width/-/string-width-4.2.3.tgz. Extracting by manifest.
1643 silly tarball no local data for @antfu/install-pkg@https://registry.npmjs.org/@antfu/install-pkg/-/install-pkg-1.1.0.tgz. Extracting by manifest.
1644 silly tarball no local data for @asamuzakjp/css-color@https://registry.npmjs.org/@asamuzakjp/css-color/-/css-color-5.1.11.tgz. Extracting by manifest.
1645 silly tarball no local data for @asamuzakjp/generational-cache@https://registry.npmjs.org/@asamuzakjp/generational-cache/-/generational-cache-1.0.1.tgz. Extracting by manifest.
1646 silly tarball no local data for @asamuzakjp/dom-selector@https://registry.npmjs.org/@asamuzakjp/dom-selector/-/dom-selector-7.1.1.tgz. Extracting by manifest.
1647 silly tarball no local data for lru-cache@https://registry.npmjs.org/lru-cache/-/lru-cache-7.18.3.tgz. Extracting by manifest.
1648 silly tarball no local data for strip-ansi@https://registry.npmjs.org/strip-ansi/-/strip-ansi-6.0.1.tgz. Extracting by manifest.
1649 silly tarball no local data for emoji-regex@https://registry.npmjs.org/emoji-regex/-/emoji-regex-8.0.0.tgz. Extracting by manifest.
1650 silly tarball no local data for is-fullwidth-code-point@https://registry.npmjs.org/is-fullwidth-code-point/-/is-fullwidth-code-point-5.1.0.tgz. Extracting by manifest.
1651 silly tarball no local data for kleur@https://registry.npmjs.org/kleur/-/kleur-3.0.3.tgz. Extracting by manifest.
1652 silly tarball no local data for @types/unist@https://registry.npmjs.org/@types/unist/-/unist-2.0.11.tgz. Extracting by manifest.
1653 silly tarball no local data for p-limit@https://registry.npmjs.org/p-limit/-/p-limit-2.3.0.tgz. Extracting by manifest.
1654 silly tarball no local data for ansi-regex@https://registry.npmjs.org/ansi-regex/-/ansi-regex-5.0.1.tgz. Extracting by manifest.
1655 silly tarball no local data for picomatch@https://registry.npmjs.org/picomatch/-/picomatch-2.3.2.tgz. Extracting by manifest.
1656 silly tarball no local data for @types/node@https://registry.npmjs.org/@types/node/-/node-17.0.45.tgz. Extracting by manifest.
1657 silly tarball no local data for js-yaml@https://registry.npmjs.org/js-yaml/-/js-yaml-3.14.2.tgz. Extracting by manifest.
1658 silly tarball no local data for is-unicode-supported@https://registry.npmjs.org/is-unicode-supported/-/is-unicode-supported-1.3.0.tgz. Extracting by manifest.
1659 silly tarball no local data for tinyexec@https://registry.npmjs.org/tinyexec/-/tinyexec-1.2.4.tgz. Extracting by manifest.
1660 silly tarball no local data for is-fullwidth-code-point@https://registry.npmjs.org/is-fullwidth-code-point/-/is-fullwidth-code-point-5.1.0.tgz. Extracting by manifest.
1661 silly tarball no local data for commander@https://registry.npmjs.org/commander/-/commander-8.3.0.tgz. Extracting by manifest.
1662 silly tarball no local data for argparse@https://registry.npmjs.org/argparse/-/argparse-1.0.10.tgz. Extracting by manifest.
1663 silly tarball no local data for commander@https://registry.npmjs.org/commander/-/commander-14.0.3.tgz. Extracting by manifest.
1664 silly tarball no local data for slice-ansi@https://registry.npmjs.org/slice-ansi/-/slice-ansi-7.1.2.tgz. Extracting by manifest.
1665 silly tarball no local data for entities@https://registry.npmjs.org/entities/-/entities-8.0.0.tgz. Extracting by manifest.
1666 silly tarball no local data for parse5@https://registry.npmjs.org/parse5/-/parse5-8.0.1.tgz. Extracting by manifest.
1667 silly tarball no local data for lru-cache@https://registry.npmjs.org/lru-cache/-/lru-cache-11.5.1.tgz. Extracting by manifest.
1668 silly tarball no local data for property-information@https://registry.npmjs.org/property-information/-/property-information-6.5.0.tgz. Extracting by manifest.
1669 silly tarball no local data for js-yaml@https://registry.npmjs.org/js-yaml/-/js-yaml-3.14.2.tgz. Extracting by manifest.
1670 silly tarball no local data for hastscript@https://registry.npmjs.org/hastscript/-/hastscript-9.0.1.tgz. Extracting by manifest.
1671 silly tarball no local data for hastscript@https://registry.npmjs.org/hastscript/-/hastscript-9.0.1.tgz. Extracting by manifest.
1672 silly tarball no local data for is-arrayish@https://registry.npmjs.org/is-arrayish/-/is-arrayish-0.2.1.tgz. Extracting by manifest.
1673 silly tarball no local data for d3-shape@https://registry.npmjs.org/d3-shape/-/d3-shape-1.3.7.tgz. Extracting by manifest.
1674 silly tarball no local data for source-map@https://registry.npmjs.org/source-map/-/source-map-0.6.1.tgz. Extracting by manifest.
1675 silly tarball no local data for d3-array@https://registry.npmjs.org/d3-array/-/d3-array-2.12.1.tgz. Extracting by manifest.
1676 silly tarball no local data for internmap@https://registry.npmjs.org/internmap/-/internmap-1.0.1.tgz. Extracting by manifest.
1677 silly tarball no local data for argparse@https://registry.npmjs.org/argparse/-/argparse-1.0.10.tgz. Extracting by manifest.
1678 silly tarball no local data for layout-base@https://registry.npmjs.org/layout-base/-/layout-base-2.0.1.tgz. Extracting by manifest.
1679 silly tarball no local data for cose-base@https://registry.npmjs.org/cose-base/-/cose-base-2.2.0.tgz. Extracting by manifest.
1680 silly tarball no local data for wrap-ansi@https://registry.npmjs.org/wrap-ansi/-/wrap-ansi-7.0.0.tgz. Extracting by manifest.
1681 silly tarball no local data for string-width@https://registry.npmjs.org/string-width/-/string-width-8.2.1.tgz. Extracting by manifest.
1682 silly tarball no local data for string-width@https://registry.npmjs.org/string-width/-/string-width-4.2.3.tgz. Extracting by manifest.
1683 silly tarball no local data for strip-ansi@https://registry.npmjs.org/strip-ansi/-/strip-ansi-6.0.1.tgz. Extracting by manifest.
1684 silly tarball no local data for d3-path@https://registry.npmjs.org/d3-path/-/d3-path-1.0.9.tgz. Extracting by manifest.
1685 silly tarball no local data for emoji-regex@https://registry.npmjs.org/emoji-regex/-/emoji-regex-8.0.0.tgz. Extracting by manifest.
1686 silly tarball no local data for ansi-regex@https://registry.npmjs.org/ansi-regex/-/ansi-regex-5.0.1.tgz. Extracting by manifest.
1687 silly tarball no local data for sharp@https://registry.npmjs.org/sharp/-/sharp-0.33.5.tgz. Extracting by manifest.
1688 silly tarball no local data for ansi-styles@https://registry.npmjs.org/ansi-styles/-/ansi-styles-4.3.0.tgz. Extracting by manifest.
1689 silly tarball no local data for @img/sharp-win32-x64@https://registry.npmjs.org/@img/sharp-win32-x64/-/sharp-win32-x64-0.33.5.tgz. Extracting by manifest.
1690 silly tarball no local data for ansi-regex@https://registry.npmjs.org/ansi-regex/-/ansi-regex-5.0.1.tgz. Extracting by manifest.
1691 silly tarball no local data for string-width@https://registry.npmjs.org/string-width/-/string-width-4.2.3.tgz. Extracting by manifest.
1692 silly tarball no local data for emoji-regex@https://registry.npmjs.org/emoji-regex/-/emoji-regex-8.0.0.tgz. Extracting by manifest.
1693 silly tarball no local data for strip-ansi@https://registry.npmjs.org/strip-ansi/-/strip-ansi-6.0.1.tgz. Extracting by manifest.
1694 silly tarball no local data for commander@https://registry.npmjs.org/commander/-/commander-13.1.0.tgz. Extracting by manifest.
1695 silly tarball no local data for estree-walker@https://registry.npmjs.org/estree-walker/-/estree-walker-2.0.2.tgz. Extracting by manifest.
1696 silly tarball no local data for playwright-core@https://registry.npmjs.org/playwright-core/-/playwright-core-1.57.0.tgz. Extracting by manifest.
1697 silly tarball no local data for color-name@https://registry.npmjs.org/color-name/-/color-name-2.1.0.tgz. Extracting by manifest.
1698 silly tarball no local data for @floating-ui/react@https://registry.npmjs.org/@floating-ui/react/-/react-0.26.28.tgz. Extracting by manifest.
1699 silly tarball no local data for hastscript@https://registry.npmjs.org/hastscript/-/hastscript-9.0.1.tgz. Extracting by manifest.
1700 silly tarball no local data for color-string@https://registry.npmjs.org/color-string/-/color-string-2.1.4.tgz. Extracting by manifest.
1701 silly tarball no local data for tinyexec@https://registry.npmjs.org/tinyexec/-/tinyexec-1.2.4.tgz. Extracting by manifest.
1702 silly tarball no local data for @zenuml/core@https://registry.npmjs.org/@zenuml/core/-/core-3.50.0.tgz. Extracting by manifest.
1703 silly tarball no local data for semver@https://registry.npmjs.org/semver/-/semver-6.3.1.tgz. Extracting by manifest.
1704 silly tarball no local data for marked@https://registry.npmjs.org/marked/-/marked-4.3.0.tgz. Extracting by manifest.
1705 silly tarball no local data for semver@https://registry.npmjs.org/semver/-/semver-6.3.1.tgz. Extracting by manifest.
1706 http fetch POST 200 https://registry.npmjs.org/-/npm/v1/security/advisories/bulk 1722ms
1707 silly audit report {
1707 silly audit report   astro: [
1707 silly audit report     {
1707 silly audit report       id: 1111026,
1707 silly audit report       url: 'https://github.com/advisories/GHSA-fvmw-cj7j-j39q',
1707 silly audit report       title: 'Astro Cloudflare adapter has Stored Cross-site Scripting vulnerability in /_image endpoint',
1707 silly audit report       severity: 'moderate',
1707 silly audit report       vulnerable_versions: '<5.15.9',
1707 silly audit report       cwe: [Array],
1707 silly audit report       cvss: [Object]
1707 silly audit report     },
1707 silly audit report     {
1707 silly audit report       id: 1111027,
1707 silly audit report       url: 'https://github.com/advisories/GHSA-ggxq-hp9w-j794',
1707 silly audit report       title: "Astro's middleware authentication checks based on url.pathname can be bypassed via url encoded values",
1707 silly audit report       severity: 'moderate',
1707 silly audit report       vulnerable_versions: '<5.15.8',
1707 silly audit report       cwe: [Array],
1707 silly audit report       cvss: [Object]
1707 silly audit report     },
1707 silly audit report     {
1707 silly audit report       id: 1111294,
1707 silly audit report       url: 'https://github.com/advisories/GHSA-whqg-ppgf-wp8c',
1707 silly audit report       title: 'Astro has an Authentication Bypass via Double URL Encoding, a bypass for CVE-2025-64765',
1707 silly audit report       severity: 'moderate',
1707 silly audit report       vulnerable_versions: '<5.15.8',
1707 silly audit report       cwe: [Array],
1707 silly audit report       cvss: [Object]
1707 silly audit report     },
1707 silly audit report     {
1707 silly audit report       id: 1118920,
1707 silly audit report       url: 'https://github.com/advisories/GHSA-xr5h-phrj-8vxv',
1707 silly audit report       title: 'Astro: Server island encrypted parameters vulnerable to cross-component replay',
1707 silly audit report       severity: 'low',
1707 silly audit report       vulnerable_versions: '<6.1.10',
1707 silly audit report       cwe: [Array],
1707 silly audit report       cvss: [Object]
1707 silly audit report     },
1707 silly audit report     {
1707 silly audit report       id: 1108906,
1707 silly audit report       url: 'https://github.com/advisories/GHSA-5ff5-9fcw-vg88',
1707 silly audit report       title: "Astro's `X-Forwarded-Host` is reflected without validation",
1707 silly audit report       severity: 'moderate',
1707 silly audit report       vulnerable_versions: '<5.14.3',
1707 silly audit report       cwe: [Array],
1707 silly audit report       cvss: [Object]
1707 silly audit report     },
1707 silly audit report     {
1707 silly audit report       id: 1109738,
1707 silly audit report       url: 'https://github.com/advisories/GHSA-hr2q-hp5q-x767',
1707 silly audit report       title: 'Astro vulnerable to URL manipulation via headers, leading to middleware and CVE-2025-61925 bypass',
1707 silly audit report       severity: 'moderate',
1707 silly audit report       vulnerable_versions: '>=2.16.0 <5.15.5',
1707 silly audit report       cwe: [Array],
1707 silly audit report       cvss: [Object]
1707 silly audit report     },
1707 silly audit report     {
1707 silly audit report       id: 1109850,
1707 silly audit report       url: 'https://github.com/advisories/GHSA-wrwg-2hg8-v723',
1707 silly audit report       title: 'Astro vulnerable to reflected XSS via the server islands feature',
1707 silly audit report       severity: 'high',
1707 silly audit report       vulnerable_versions: '<=5.15.6',
1707 silly audit report       cwe: [Array],
1707 silly audit report       cvss: [Object]
1707 silly audit report     },
1707 silly audit report     {
1707 silly audit report       id: 1109851,
1707 silly audit report       url: 'https://github.com/advisories/GHSA-x3h8-62x9-952g',
1707 silly audit report       title: 'Astro Development Server has Arbitrary Local File Read',
1707 silly audit report       severity: 'low',
1707 silly audit report       vulnerable_versions: '<5.14.3',
1707 silly audit report       cwe: [Array],
1707 silly audit report       cvss: [Object]
1707 silly audit report     },
1707 silly audit report     {
1707 silly audit report       id: 1115427,
1707 silly audit report       url: 'https://github.com/advisories/GHSA-g735-7g2w-hh3f',
1707 silly audit report       title: 'Astro: Remote allowlist bypass via unanchored matchPathname wildcard',
1707 silly audit report       severity: 'low',
1707 silly audit report       vulnerable_versions: '>=2.10.10 <5.18.1',
1707 silly audit report       cwe: [Array],
1707 silly audit report       cvss: [Object]
1707 silly audit report     },
1707 silly audit report     {
1707 silly audit report       id: 1117141,
1707 silly audit report       url: 'https://github.com/advisories/GHSA-j687-52p2-xcff',
1707 silly audit report       title: 'Astro: XSS in define:vars via incomplete </script> tag sanitization',
1707 silly audit report       severity: 'moderate',
1707 silly audit report       vulnerable_versions: '<6.1.6',
1707 silly audit report       cwe: [Array],
1707 silly audit report       cvss: [Object]
1707 silly audit report     },
1707 silly audit report     {
1707 silly audit report       id: 1123700,
1707 silly audit report       url: 'https://github.com/advisories/GHSA-jrpj-wcv7-9fh9',
1707 silly audit report       title: 'Astro: XSS via Unescaped Attribute Names in Spread Props',
1707 silly audit report       severity: 'moderate',
1707 silly audit report       vulnerable_versions: '<6.4.6',
1707 silly audit report       cwe: [Array],
1707 silly audit report       cvss: [Object]
1707 silly audit report     },
1707 silly audit report     {
1707 silly audit report       id: 1139373,
1707 silly audit report       url: 'https://github.com/advisories/GHSA-f48w-9m4c-m7f5',
1707 silly audit report       title: 'Astro: XSS via unescaped spread attribute names in renderHTMLElement (incomplete fix for CVE-2026-54298)',
1707 silly audit report       severity: 'moderate',
1707 silly audit report       vulnerable_versions: '<7.0.6',
1707 silly audit report       cwe: [Array],
1707 silly audit report       cvss: [Object]
1707 silly audit report     },
1707 silly audit report     {
1707 silly audit report       id: 1139375,
1707 silly audit report       url: 'https://github.com/advisories/GHSA-7pw4-f3q4-r2p2',
1707 silly audit report       title: 'Astro: Cross-site scripting via unescaped transition:* directive values on hydrated islands',
1707 silly audit report       severity: 'low',
1707 silly audit report       vulnerable_versions: '>=3.10.0 <7.0.4',
1707 silly audit report       cwe: [Array],
1707 silly audit report       cvss: [Object]
1707 silly audit report     },
1707 silly audit report     {
1707 silly audit report       id: 1139376,
1707 silly audit report       url: 'https://github.com/advisories/GHSA-4g3v-8h47-v7g6',
1707 silly audit report       title: 'Astro: Reflected XSS via unescaped View Transition animation properties',
1707 silly audit report       severity: 'moderate',
1707 silly audit report       vulnerable_versions: '>=2.9.0 <=7.0.9',
1707 silly audit report       cwe: [Array],
1707 silly audit report       cvss: [Object]
1707 silly audit report     },
1707 silly audit report     {
1707 silly audit report       id: 1139377,
1707 silly audit report       url: 'https://github.com/advisories/GHSA-2pvr-wf23-7pc7',
1707 silly audit report       title: 'Astro: Host header SSRF in prerendered error page fetch',
1707 silly audit report       severity: 'high',
1707 silly audit report       vulnerable_versions: '<6.4.6',
1707 silly audit report       cwe: [Array],
1707 silly audit report       cvss: [Object]
1707 silly audit report     },
1707 silly audit report     {
1707 silly audit report       id: 1139378,
1707 silly audit report       url: 'https://github.com/advisories/GHSA-8hv8-536x-4wqp',
1707 silly audit report       title: 'Astro: Reflected XSS via unescaped slot name',
1707 silly audit report       severity: 'high',
1707 silly audit report       vulnerable_versions: '<6.3.3',
1707 silly audit report       cwe: [Array],
1707 silly audit report       cvss: [Object]
1707 silly audit report     }
1707 silly audit report   ],
1707 silly audit report   sharp: [
1707 silly audit report     {
1707 silly audit report       id: 1124066,
1707 silly audit report       url: 'https://github.com/advisories/GHSA-f88m-g3jw-g9cj',
1707 silly audit report       title: 'sharp inherited vulnerabilities in libvips: CVE-2026-33327, CVE-2026-33328, CVE-2026-35590, CVE-2026-35591',
1707 silly audit report       severity: 'high',
1707 silly audit report       vulnerable_versions: '<0.35.0',
1707 silly audit report       cwe: [Array],
1707 silly audit report       cvss: [Object]
1707 silly audit report     }
1707 silly audit report   ],
1707 silly audit report   dompurify: [
1707 silly audit report     {
1707 silly audit report       id: 1124022,
1707 silly audit report       url: 'https://github.com/advisories/GHSA-c2j3-45gr-mqc4',
1707 silly audit report       title: 'DOMPurify: `CUSTOM_ELEMENT_HANDLING` bypasses `afterSanitizeElements` for allowed custom elements.',
1707 silly audit report       severity: 'low',
1707 silly audit report       vulnerable_versions: '<=3.4.11',
1707 silly audit report       cwe: [Array],
1707 silly audit report       cvss: [Object]
1707 silly audit report     },
1707 silly audit report     {
1707 silly audit report       id: 1124233,
1707 silly audit report       url: 'https://github.com/advisories/GHSA-cmwh-pvxp-8882',
1707 silly audit report       title: 'DOMPurify: Permanent `ALLOWED_ATTR` pollution via `setConfig()` bypassing the hook clone-guard (incomplete fix of the 3.4.7 hook-pollution patch)',
1707 silly audit report       severity: 'moderate',
1707 silly audit report       vulnerable_versions: '<=3.4.10',
1707 silly audit report       cwe: [Array],
1707 silly audit report       cvss: [Object]
1707 silly audit report     },
1707 silly audit report     {
1707 silly audit report       id: 1124234,
1707 silly audit report       url: 'https://github.com/advisories/GHSA-vxr8-fq34-vvx9',
1707 silly audit report       title: 'DOMPurify: Trusted Types policy survives `clearConfig()` and can poison later `RETURN_TRUSTED_TYPE` output',
1707 silly audit report       severity: 'low',
1707 silly audit report       vulnerable_versions: '<3.4.9',
1707 silly audit report       cwe: [Array],
1707 silly audit report       cvss: [Object]
1707 silly audit report     },
1707 silly audit report     {
1707 silly audit report       id: 1138538,
1707 silly audit report       url: 'https://github.com/advisories/GHSA-55q2-fjhq-7xh7',
1707 silly audit report       title: 'DOMPurify: IN_PLACE hook removal leaves a detached subtree executable, causing XSS',
1707 silly audit report       severity: 'moderate',
1707 silly audit report       vulnerable_versions: '<=3.4.12',
1707 silly audit report       cwe: [Array],
1707 silly audit report       cvss: [Object]
1707 silly audit report     }
1707 silly audit report   ],
1707 silly audit report   esbuild: [
1707 silly audit report     {
1707 silly audit report       id: 1102341,
1707 silly audit report       url: 'https://github.com/advisories/GHSA-67mh-4wv8-2f99',
1707 silly audit report       title: 'esbuild enables any website to send any requests to the development server and read the response',
1707 silly audit report       severity: 'moderate',
1707 silly audit report       vulnerable_versions: '<=0.24.2',
1707 silly audit report       cwe: [Array],
1707 silly audit report       cvss: [Object]
1707 silly audit report     }
1707 silly audit report   ],
1707 silly audit report   'extract-zip': [
1707 silly audit report     {
1707 silly audit report       id: 1139346,
1707 silly audit report       url: 'https://github.com/advisories/GHSA-jmr9-qjv8-65gv',
1707 silly audit report       title: 'extract-zip unvalidated symlink path traversal',
1707 silly audit report       severity: 'high',
1707 silly audit report       vulnerable_versions: '<=2.0.1',
1707 silly audit report       cwe: [Array],
1707 silly audit report       cvss: [Object]
1707 silly audit report     }
1707 silly audit report   ],
1707 silly audit report   'js-yaml': [
1707 silly audit report     {
1707 silly audit report       id: 1121859,
1707 silly audit report       url: 'https://github.com/advisories/GHSA-h67p-54hq-rp68',
1707 silly audit report       title: 'JS-YAML: Quadratic-complexity DoS in merge key handling via repeated aliases',
1707 silly audit report       severity: 'moderate',
1707 silly audit report       vulnerable_versions: '<3.15.0',
1707 silly audit report       cwe: [Array],
1707 silly audit report       cvss: [Object]
1707 silly audit report     },
1707 silly audit report     {
1707 silly audit report       id: 1123911,
1707 silly audit report       url: 'https://github.com/advisories/GHSA-52cp-r559-cp3m',
1707 silly audit report       title: 'js-yaml: YAML merge-key chains can force quadratic CPU consumption',
1707 silly audit report       severity: 'high',
1707 silly audit report       vulnerable_versions: '>=4.0.0 <4.3.0',
1707 silly audit report       cwe: [Array],
1707 silly audit report       cvss: [Object]
1707 silly audit report     },
1707 silly audit report     {
1707 silly audit report       id: 1123912,
1707 silly audit report       url: 'https://github.com/advisories/GHSA-52cp-r559-cp3m',
1707 silly audit report       title: 'js-yaml: YAML merge-key chains can force quadratic CPU consumption',
1707 silly audit report       severity: 'high',
1707 silly audit report       vulnerable_versions: '>=3.0.0 <3.15.0',
1707 silly audit report       cwe: [Array],
1707 silly audit report       cvss: [Object]
1707 silly audit report     },
1707 silly audit report     {
1707 silly audit report       id: 1138114,
1707 silly audit report       url: 'https://github.com/advisories/GHSA-5p4m-2wfm-xmqj',
1707 silly audit report       title: 'JS-YAML: Quadratic CPU consumption in !!omap resolution (3.x and 4.x) — CVE-2026-59870 fix not backported',
1707 silly audit report       severity: 'high',
1707 silly audit report       vulnerable_versions: '>=3.0.0 <3.15.1',
1707 silly audit report       cwe: [Array],
1707 silly audit report       cvss: [Object]
1707 silly audit report     },
1707 silly audit report     {
1707 silly audit report       id: 1138115,
1707 silly audit report       url: 'https://github.com/advisories/GHSA-5p4m-2wfm-xmqj',
1707 silly audit report       title: 'JS-YAML: Quadratic CPU consumption in !!omap resolution (3.x and 4.x) — CVE-2026-59870 fix not backported',
1707 silly audit report       severity: 'high',
1707 silly audit report       vulnerable_versions: '>=4.0.0 <4.3.1',
1707 silly audit report       cwe: [Array],
1707 silly audit report       cvss: [Object]
1707 silly audit report     }
1707 silly audit report   ],
1707 silly audit report   'ip-address': [
1707 silly audit report     {
1707 silly audit report       id: 1130722,
1707 silly audit report       url: 'https://github.com/advisories/GHSA-mwp4-54f8-5fhr',
1707 silly audit report       title: 'ip-address: Address4 decodes leading-zero octets as decimal while resolvers decode them as octal, allowing SSRF and trust-boundary bypass',
1707 silly audit report       severity: 'high',
1707 silly audit report       vulnerable_versions: '<=10.3.0',
1707 silly audit report       cwe: [Array],
1707 silly audit report       cvss: [Object]
1707 silly audit report     },
1707 silly audit report     {
1707 silly audit report       id: 1130723,
1707 silly audit report       url: 'https://github.com/advisories/GHSA-4xrf-jv44-h6hh',
1707 silly audit report       title: 'ip-address: a CIDR suffix on the parsed address suppresses special-use classification and can bypass SSRF and trust-boundary checks',
1707 silly audit report       severity: 'moderate',
1707 silly audit report       vulnerable_versions: '>=10.1.1 <=10.2.1',
1707 silly audit report       cwe: [Array],
1707 silly audit report       cvss: [Object]
1707 silly audit report     },
1707 silly audit report     {
1707 silly audit report       id: 1130724,
1707 silly audit report       url: 'https://github.com/advisories/GHSA-22jq-vg5j-6vgg',
1707 silly audit report       title: 'ip-address: misclassification of IPv4-mapped/NAT64 IPv6 addresses can bypass SSRF and trust-boundary checks',
1707 silly audit report       severity: 'moderate',
1707 silly audit report       vulnerable_versions: '>=10.1.1 <=10.2.0',
1707 silly audit report       cwe: [Array],
1707 silly audit report       cvss: [Object]
1707 silly audit report     }
1707 silly audit report   ],
1707 silly audit report   mermaid: [
1707 silly audit report     {
1707 silly audit report       id: 1138097,
1707 silly audit report       url: 'https://github.com/advisories/GHSA-c4c3-pg64-4m4v',
1707 silly audit report       title: 'Mermaid configuration APIs allow prototype pollution',
1707 silly audit report       severity: 'low',
1707 silly audit report       vulnerable_versions: '>=11.0.0-alpha.1 <11.16.1',
1707 silly audit report       cwe: [Array],
1707 silly audit report       cvss: [Object]
1707 silly audit report     },
1707 silly audit report     {
1707 silly audit report       id: 1138099,
1707 silly audit report       url: 'https://github.com/advisories/GHSA-6x64-9x62-f2gx',
1707 silly audit report       title: 'Mermaid allows CSS injection applying to sibling elements of the diagram',
1707 silly audit report       severity: 'moderate',
1707 silly audit report       vulnerable_versions: '>=11.0.0-alpha.1 <11.16.1',
1707 silly audit report       cwe: [Array],
1707 silly audit report       cvss: [Object]
1707 silly audit report     },
1707 silly audit report     {
1707 silly audit report       id: 1138100,
1707 silly audit report       url: 'https://github.com/advisories/GHSA-3rrr-jr9j-h3q3',
1707 silly audit report       title: 'Mermaid Architecture diagrams are vulnerable to prototype pollution',
1707 silly audit report       severity: 'moderate',
1707 silly audit report       vulnerable_versions: '>=11.5.0 <11.16.1',
1707 silly audit report       cwe: [Array],
1707 silly audit report       cvss: [Object]
1707 silly audit report     },
1707 silly audit report     {
1707 silly audit report       id: 1138101,
1707 silly audit report       url: 'https://github.com/advisories/GHSA-2v8p-3f2j-5mp7',
1707 silly audit report       title: 'Mermaid XY Charts are vulnerable to an infinite loop DoS',
1707 silly audit report       severity: 'moderate',
1707 silly audit report       vulnerable_versions: '>=11.0.0-alpha.1 <11.16.1',
1707 silly audit report       cwe: [Array],
1707 silly audit report       cvss: [Object]
1707 silly audit report     },
1707 silly audit report     {
1707 silly audit report       id: 1138113,
1707 silly audit report       url: 'https://github.com/advisories/GHSA-rhh3-jpg6-66xh',
1707 silly audit report       title: 'Mermaid radar diagrams are vulnerable to DoS',
1707 silly audit report       severity: 'moderate',
1707 silly audit report       vulnerable_versions: '>=11.6.0 <11.16.1',
1707 silly audit report       cwe: [Array],
1707 silly audit report       cvss: [Object]
1707 silly audit report     }
1707 silly audit report   ],
1707 silly audit report   nanoid: [
1707 silly audit report     {
1707 silly audit report       id: 1138811,
1707 silly audit report       url: 'https://github.com/advisories/GHSA-28wg-ghj8-5hjv',
1707 silly audit report       title: 'nanoid: non-secure generators can loop indefinitely with negative size',
1707 silly audit report       severity: 'high',
1707 silly audit report       vulnerable_versions: '<3.3.16',
1707 silly audit report       cwe: [Array],
1707 silly audit report       cvss: [Object]
1707 silly audit report     },
1707 silly audit report     {
1707 silly audit report       id: 1138813,
1707 silly audit report       url: 'https://github.com/advisories/GHSA-2v37-7h3g-55p8',
1707 silly audit report       title: 'nanoid: custom generators can loop indefinitely when size is zero',
1707 silly audit report       severity: 'high',
1707 silly audit report       vulnerable_versions: '<3.3.17',
1707 silly audit report       cwe: [Array],
1707 silly audit report       cvss: [Object]
1707 silly audit report     }
1707 silly audit report   ],
1707 silly audit report   postcss: [
1707 silly audit report     {
1707 silly audit report       id: 1130709,
1707 silly audit report       url: 'https://github.com/advisories/GHSA-fxqj-rqcc-2cmp',
1707 silly audit report       title: 'PostCSS: incomplete fix of GHSA-6g55-p6wh-862q — attacker-controlled sourceMappingURL reads arbitrary .map files when `from` is unset',
1707 silly audit report       severity: 'moderate',
1707 silly audit report       vulnerable_versions: '<=8.5.22',
1707 silly audit report       cwe: [Array],
1707 silly audit report       cvss: [Object]
1707 silly audit report     },
1707 silly audit report     {
1707 silly audit report       id: 1124288,
1707 silly audit report       url: 'https://github.com/advisories/GHSA-r28c-9q8g-f849',
1707 silly audit report       title: 'PostCSS: Path Traversal in Previous Source Map Auto-Loading (sourceMappingURL) leads to Arbitrary .map File Disclosure',
1707 silly audit report       severity: 'high',
1707 silly audit report       vulnerable_versions: '<=8.5.17',
1707 silly audit report       cwe: [Array],
1707 silly audit report       cvss: [Object]
1707 silly audit report     }
1707 silly audit report   ],
1707 silly audit report   undici: [
1707 silly audit report     {
1707 silly audit report       id: 1130715,
1707 silly audit report       url: 'https://github.com/advisories/GHSA-8xcm-r25x-g524',
1707 silly audit report       title: 'undici vulnerable to downstream response desynchronization via retry interceptor',
1707 silly audit report       severity: 'moderate',
1707 silly audit report       vulnerable_versions: '>=7.0.0 <7.29.0',
1707 silly audit report       cwe: [Array],
1707 silly audit report       cvss: [Object]
1707 silly audit report     },
1707 silly audit report     {
1707 silly audit report       id: 1130718,
1707 silly audit report       url: 'https://github.com/advisories/GHSA-4cwx-7wf7-3272',
1707 silly audit report       title: 'undici vulnerable to cross-user information disclosure and parse-time crash via degenerate private cache directives',
1707 silly audit report       severity: 'high',
1707 silly audit report       vulnerable_versions: '>=7.0.0 <7.29.0',
1707 silly audit report       cwe: [Array],
1707 silly audit report       cvss: [Object]
1707 silly audit report     },
1707 silly audit report     {
1707 silly audit report       id: 1130726,
1707 silly audit report       url: 'https://github.com/advisories/GHSA-m8rv-5g2x-5cg5',
1707 silly audit report       title: "undici vulnerable to CRLF Injection via blob-like body 'type' property",
1707 silly audit report       severity: 'moderate',
1707 silly audit report       vulnerable_versions: '>=7.0.0 <7.29.0',
1707 silly audit report       cwe: [Array],
1707 silly audit report       cvss: [Object]
1707 silly audit report     },
1707 silly audit report     {
1707 silly audit report       id: 1130729,
1707 silly audit report       url: 'https://github.com/advisories/GHSA-jr45-8vmc-qm54',
1707 silly audit report       title: 'undici vulnerable to cross-user information disclosure via whitespace around equals in Cache-Control directives',
1707 silly audit report       severity: 'moderate',
1707 silly audit report       vulnerable_versions: '>=7.0.0 <7.29.0',
1707 silly audit report       cwe: [Array],
1707 silly audit report       cvss: [Object]
1707 silly audit report     },
1707 silly audit report     {
1707 silly audit report       id: 1130731,
1707 silly audit report       url: 'https://github.com/advisories/GHSA-v3r7-h72x-cjcm',
1707 silly audit report       title: 'undici vulnerable to cookie attribute injection via unsanitized domain and unparsed setCookie fields',
1707 silly audit report       severity: 'moderate',
1707 silly audit report       vulnerable_versions: '>=7.0.0 <7.29.0',
1707 silly audit report       cwe: [Array],
1707 silly audit report       cvss: [Object]
1707 silly audit report     }
1707 silly audit report   ],
1707 silly audit report   vite: [
1707 silly audit report     {
1707 silly audit report       id: 1120784,
1707 silly audit report       url: 'https://github.com/advisories/GHSA-v6wh-96g9-6wx3',
1707 silly audit report       title: 'launch-editor: NTLMv2 hash disclosure via UNC path handling on Windows',
1707 silly audit report       severity: 'moderate',
1707 silly audit report       vulnerable_versions: '<=6.4.2',
1707 silly audit report       cwe: [Array],
1707 silly audit report       cvss: [Object]
1707 silly audit report     },
1707 silly audit report     {
1707 silly audit report       id: 1116229,
1707 silly audit report       url: 'https://github.com/advisories/GHSA-4w7w-66w2-5vf9',
1707 silly audit report       title: 'Vite Vulnerable to Path Traversal in Optimized Deps `.map` Handling',
1707 silly audit report       severity: 'moderate',
1707 silly audit report       vulnerable_versions: '<=6.4.1',
1707 silly audit report       cwe: [Array],
1707 silly audit report       cvss: [Object]
1707 silly audit report     },
1707 silly audit report     {
1707 silly audit report       id: 1123525,
1707 silly audit report       url: 'https://github.com/advisories/GHSA-fx2h-pf6j-xcff',
1707 silly audit report       title: 'vite: `server.fs.deny` bypass on Windows alternate paths',
1707 silly audit report       severity: 'high',
1707 silly audit report       vulnerable_versions: '<=6.4.2',
1707 silly audit report       cwe: [Array],
1707 silly audit report       cvss: [Object]
1707 silly audit report     }
1707 silly audit report   ]
1707 silly audit report }
1708 silly packumentCache corgi:https://registry.npmjs.org/astro cache-miss
1709 silly packumentCache corgi:https://registry.npmjs.org/sharp cache-miss
1710 silly packumentCache corgi:https://registry.npmjs.org/dompurify cache-miss
1711 silly packumentCache corgi:https://registry.npmjs.org/esbuild cache-miss
1712 silly packumentCache corgi:https://registry.npmjs.org/extract-zip cache-miss
1713 silly packumentCache corgi:https://registry.npmjs.org/js-yaml cache-miss
1714 silly packumentCache corgi:https://registry.npmjs.org/ip-address cache-miss
1715 silly packumentCache corgi:https://registry.npmjs.org/mermaid cache-miss
1716 silly packumentCache corgi:https://registry.npmjs.org/nanoid cache-miss
1717 silly packumentCache corgi:https://registry.npmjs.org/postcss cache-miss
1718 silly packumentCache corgi:https://registry.npmjs.org/undici cache-miss
1719 silly packumentCache corgi:https://registry.npmjs.org/vite cache-miss
1720 http fetch GET 200 https://registry.npmjs.org/zwitch/-/zwitch-2.0.4.tgz 1769ms (cache miss)
1721 http fetch GET 200 https://registry.npmjs.org/widest-line/-/widest-line-5.0.0.tgz 1862ms (cache miss)
1722 http fetch GET 200 https://registry.npmjs.org/zod-to-ts/-/zod-to-ts-1.2.0.tgz 2104ms (cache miss)
1723 http fetch GET 200 https://registry.npmjs.org/yallist/-/yallist-3.1.1.tgz 2092ms (cache miss)
1724 http fetch GET 200 https://registry.npmjs.org/xmlchars/-/xmlchars-2.2.0.tgz 2092ms (cache miss)
1725 http fetch GET 200 https://registry.npmjs.org/yocto-queue/-/yocto-queue-1.2.2.tgz 2106ms (cache miss)
1726 http fetch GET 200 https://registry.npmjs.org/xxhash-wasm/-/xxhash-wasm-1.1.0.tgz 2164ms (cache miss)
1727 http fetch GET 200 https://registry.npmjs.org/wrap-ansi/-/wrap-ansi-9.0.2.tgz 2248ms (cache miss)
1728 http fetch GET 200 https://registry.npmjs.org/wrappy/-/wrappy-1.0.2.tgz 2289ms (cache miss)
1729 http fetch GET 200 https://registry.npmjs.org/y18n/-/y18n-5.0.8.tgz 2292ms (cache miss)
1730 http fetch GET 200 https://registry.npmjs.org/whatwg-mimetype/-/whatwg-mimetype-5.0.0.tgz 2288ms (cache miss)
1731 http fetch GET 200 https://registry.npmjs.org/which-pm-runs/-/which-pm-runs-1.1.0.tgz 2290ms (cache miss)
1732 http fetch GET 200 https://registry.npmjs.org/webidl-conversions/-/webidl-conversions-8.0.1.tgz 2288ms (cache miss)
1733 http fetch GET 200 https://registry.npmjs.org/which-pm/-/which-pm-3.0.1.tgz 2294ms (cache miss)
1734 http fetch GET 200 https://registry.npmjs.org/yauzl/-/yauzl-2.10.0.tgz 2342ms (cache miss)
1735 http fetch GET 200 https://registry.npmjs.org/w3c-xmlserializer/-/w3c-xmlserializer-5.0.0.tgz 2648ms (cache miss)
1736 http fetch GET 200 https://registry.npmjs.org/vitefu/-/vitefu-1.1.3.tgz 2646ms (cache miss)
1737 http fetch GET 200 https://registry.npmjs.org/web-namespaces/-/web-namespaces-2.0.1.tgz 2650ms (cache miss)
1738 http fetch GET 200 https://registry.npmjs.org/vfile-message/-/vfile-message-4.0.3.tgz 2643ms (cache miss)
1739 http fetch GET 200 https://registry.npmjs.org/uuid/-/uuid-14.0.0.tgz 2642ms (cache miss)
1740 http fetch GET 200 https://registry.npmjs.org/xml-name-validator/-/xml-name-validator-5.0.0.tgz 2652ms (cache miss)
1741 http fetch GET 200 https://registry.npmjs.org/util-deprecate/-/util-deprecate-1.0.2.tgz 2760ms (cache miss)
1742 http fetch GET 200 https://registry.npmjs.org/vfile-location/-/vfile-location-5.0.3.tgz 2762ms (cache miss)
1743 http fetch GET 200 https://registry.npmjs.org/unist-util-visit-parents/-/unist-util-visit-parents-6.0.2.tgz 2785ms (cache miss)
1744 http fetch GET 200 https://registry.npmjs.org/unist-util-visit/-/unist-util-visit-5.1.0.tgz 2784ms (cache miss)
1745 http fetch GET 200 https://registry.npmjs.org/use-sync-external-store/-/use-sync-external-store-1.6.0.tgz 2787ms (cache miss)
1746 http fetch GET 200 https://registry.npmjs.org/update-browserslist-db/-/update-browserslist-db-1.2.3.tgz 2787ms (cache miss)
1747 http fetch GET 200 https://registry.npmjs.org/unist-util-visit-children/-/unist-util-visit-children-3.0.0.tgz 2785ms (cache miss)
1748 http fetch GET 200 https://registry.npmjs.org/unist-util-remove-position/-/unist-util-remove-position-5.0.0.tgz 2785ms (cache miss)
1749 http fetch GET 200 https://registry.npmjs.org/typed-query-selector/-/typed-query-selector-2.12.2.tgz 2780ms (cache miss)
1750 http fetch GET 200 https://registry.npmjs.org/unist-util-find-after/-/unist-util-find-after-5.0.0.tgz 2783ms (cache miss)
1751 http fetch GET 200 https://registry.npmjs.org/unist-util-position/-/unist-util-position-5.0.0.tgz 2815ms (cache miss)
1752 http fetch GET 200 https://registry.npmjs.org/unist-util-stringify-position/-/unist-util-stringify-position-4.0.0.tgz 2815ms (cache miss)
1753 http fetch GET 200 https://registry.npmjs.org/unist-util-position-from-estree/-/unist-util-position-from-estree-2.0.0.tgz 2815ms (cache miss)
1754 http fetch GET 200 https://registry.npmjs.org/unist-util-modify-children/-/unist-util-modify-children-4.0.0.tgz 2815ms (cache miss)
1755 http fetch GET 200 https://registry.npmjs.org/unist-util-is/-/unist-util-is-6.0.1.tgz 2815ms (cache miss)
1756 http fetch GET 200 https://registry.npmjs.org/ts-dedent/-/ts-dedent-2.2.0.tgz 2876ms (cache miss)
1757 http fetch GET 200 https://registry.npmjs.org/trim-lines/-/trim-lines-3.0.1.tgz 2905ms (cache miss)
1758 http fetch GET 200 https://registry.npmjs.org/tinyexec/-/tinyexec-0.3.2.tgz 2902ms (cache miss)
1759 http fetch GET 200 https://registry.npmjs.org/to-regex-range/-/to-regex-range-5.0.1.tgz 2930ms (cache miss)
1760 http fetch GET 200 https://registry.npmjs.org/trough/-/trough-2.2.0.tgz 2931ms (cache miss)
1761 http fetch GET 200 https://registry.npmjs.org/text-decoder/-/text-decoder-1.2.7.tgz 2949ms (cache miss)
1762 http fetch GET 200 https://registry.npmjs.org/tar-fs/-/tar-fs-3.1.2.tgz 2948ms (cache miss)
1763 http fetch GET 200 https://registry.npmjs.org/teex/-/teex-1.0.1.tgz 2947ms (cache miss)
1764 http fetch GET 200 https://registry.npmjs.org/style-to-object/-/style-to-object-1.0.14.tgz 2961ms (cache miss)
1765 http fetch GET 200 https://registry.npmjs.org/tar-stream/-/tar-stream-3.2.0.tgz 2962ms (cache miss)
1766 http fetch GET 200 https://registry.npmjs.org/style-to-js/-/style-to-js-1.1.21.tgz 2979ms (cache miss)
1767 http fetch GET 200 https://registry.npmjs.org/string-argv/-/string-argv-0.3.2.tgz 2974ms (cache miss)
1768 http fetch GET 200 https://registry.npmjs.org/strip-ansi/-/strip-ansi-7.2.0.tgz 2997ms (cache miss)
1769 http fetch GET 200 https://registry.npmjs.org/symbol-tree/-/symbol-tree-3.2.4.tgz 2999ms (cache miss)
1770 http fetch GET 200 https://registry.npmjs.org/stringify-entities/-/stringify-entities-4.0.4.tgz 3010ms (cache miss)
1771 http fetch GET 200 https://registry.npmjs.org/strip-bom/-/strip-bom-3.0.0.tgz 3009ms (cache miss)
1772 http fetch GET 200 https://registry.npmjs.org/string-width/-/string-width-7.2.0.tgz 3000ms (cache miss)
1773 http fetch GET 200 https://registry.npmjs.org/stdin-discarder/-/stdin-discarder-0.2.2.tgz 3010ms (cache miss)
1774 http fetch GET 200 https://registry.npmjs.org/section-matter/-/section-matter-1.0.0.tgz 3010ms (cache miss)
1775 http fetch GET 200 https://registry.npmjs.org/strip-bom-string/-/strip-bom-string-1.0.0.tgz 3044ms (cache miss)
1776 http fetch GET 200 https://registry.npmjs.org/streamx/-/streamx-2.27.0.tgz 3040ms (cache miss)
1777 http fetch GET 200 https://registry.npmjs.org/sprintf-js/-/sprintf-js-1.0.3.tgz 3032ms (cache miss)
1778 http fetch GET 200 https://registry.npmjs.org/sisteransi/-/sisteransi-1.0.5.tgz 3025ms (cache miss)
1779 http fetch GET 200 https://registry.npmjs.org/stream-replace-string/-/stream-replace-string-2.0.0.tgz 3047ms (cache miss)
1780 http fetch GET 200 https://registry.npmjs.org/space-separated-tokens/-/space-separated-tokens-2.0.2.tgz 3044ms (cache miss)
1781 http fetch GET 200 https://registry.npmjs.org/socks-proxy-agent/-/socks-proxy-agent-8.0.5.tgz 3062ms (cache miss)
1782 http fetch GET 200 https://registry.npmjs.org/slice-ansi/-/slice-ansi-8.0.0.tgz 3063ms (cache miss)
1783 http fetch GET 200 https://registry.npmjs.org/signal-exit/-/signal-exit-4.1.0.tgz 3072ms (cache miss)
1784 http fetch GET 200 https://registry.npmjs.org/retext/-/retext-9.0.0.tgz 3050ms (cache miss)
1785 http fetch GET 200 https://registry.npmjs.org/scheduler/-/scheduler-0.27.0.tgz 3092ms (cache miss)
1786 http fetch GET 200 https://registry.npmjs.org/rfdc/-/rfdc-1.4.1.tgz 3083ms (cache miss)
1787 http fetch GET 200 https://registry.npmjs.org/simple-swizzle/-/simple-swizzle-0.2.4.tgz 3094ms (cache miss)
1788 http fetch GET 200 https://registry.npmjs.org/reusify/-/reusify-1.1.0.tgz 3082ms (cache miss)
1789 http fetch GET 200 https://registry.npmjs.org/retext-latin/-/retext-latin-4.0.0.tgz 3078ms (cache miss)
1790 http fetch GET 200 https://registry.npmjs.org/retext-stringify/-/retext-stringify-4.0.0.tgz 3080ms (cache miss)
1791 http fetch GET 200 https://registry.npmjs.org/restore-cursor/-/restore-cursor-5.1.0.tgz 3078ms (cache miss)
1792 http fetch GET 200 https://registry.npmjs.org/retext-smartypants/-/retext-smartypants-6.2.0.tgz 3080ms (cache miss)
1793 http fetch GET 200 https://registry.npmjs.org/rw/-/rw-1.3.3.tgz 3096ms (cache miss)
1794 http fetch GET 200 https://registry.npmjs.org/run-parallel/-/run-parallel-1.2.0.tgz 3100ms (cache miss)
1795 http fetch GET 200 https://registry.npmjs.org/remark-stringify/-/remark-stringify-11.0.0.tgz 3084ms (cache miss)
1796 http fetch GET 200 https://registry.npmjs.org/resolve-from/-/resolve-from-4.0.0.tgz 3088ms (cache miss)
1797 http fetch GET 200 https://registry.npmjs.org/remark-smartypants/-/remark-smartypants-3.0.2.tgz 3088ms (cache miss)
1798 http fetch GET 200 https://registry.npmjs.org/require-from-string/-/require-from-string-2.0.2.tgz 3088ms (cache miss)
1799 http fetch GET 200 https://registry.npmjs.org/rehype-parse/-/rehype-parse-9.0.1.tgz 3084ms (cache miss)
1800 http fetch GET 200 https://registry.npmjs.org/safer-buffer/-/safer-buffer-2.1.2.tgz 3116ms (cache miss)
1801 http fetch GET 200 https://registry.npmjs.org/remark-rehype/-/remark-rehype-11.1.2.tgz 3104ms (cache miss)
1802 http fetch GET 200 https://registry.npmjs.org/remark-directive/-/remark-directive-3.0.1.tgz 3097ms (cache miss)
1803 http fetch GET 200 https://registry.npmjs.org/sax/-/sax-1.6.0.tgz 3127ms (cache miss)
1804 http fetch GET 200 https://registry.npmjs.org/yargs-parser/-/yargs-parser-21.1.1.tgz 3226ms (cache miss)
1805 http fetch GET 200 https://registry.npmjs.org/require-directory/-/require-directory-2.1.1.tgz 3116ms (cache miss)
1806 http fetch GET 200 https://registry.npmjs.org/remark-gfm/-/remark-gfm-4.0.1.tgz 3118ms (cache miss)
1807 http fetch GET 200 https://registry.npmjs.org/remark-mdx/-/remark-mdx-3.1.1.tgz 3115ms (cache miss)
1808 http fetch GET 200 https://registry.npmjs.org/remark-parse/-/remark-parse-11.0.0.tgz 3138ms (cache miss)
1809 http fetch GET 200 https://registry.npmjs.org/rehype/-/rehype-13.0.2.tgz 3128ms (cache miss)
1810 http fetch GET 200 https://registry.npmjs.org/rehype-raw/-/rehype-raw-7.0.0.tgz 3134ms (cache miss)
1811 http fetch GET 200 https://registry.npmjs.org/rehype-mermaid/-/rehype-mermaid-3.0.0.tgz 3130ms (cache miss)
1812 http fetch GET 200 https://registry.npmjs.org/recma-jsx/-/recma-jsx-1.0.1.tgz 3132ms (cache miss)
1813 http fetch GET 200 https://registry.npmjs.org/remark-math/-/remark-math-6.0.0.tgz 3158ms (cache miss)
1814 http fetch GET 200 https://registry.npmjs.org/rehype-recma/-/rehype-recma-1.0.0.tgz 3160ms (cache miss)
1815 http fetch GET 200 https://registry.npmjs.org/rehype-format/-/rehype-format-5.0.1.tgz 3147ms (cache miss)
1816 http fetch GET 200 https://registry.npmjs.org/rehype-stringify/-/rehype-stringify-10.0.1.tgz 3160ms (cache miss)
1817 http fetch GET 200 https://registry.npmjs.org/rehype-expressive-code/-/rehype-expressive-code-0.35.6.tgz 3160ms (cache miss)
1818 http fetch GET 200 https://registry.npmjs.org/recma-parse/-/recma-parse-1.0.0.tgz 3157ms (cache miss)
1819 http fetch GET 200 https://registry.npmjs.org/rehype-katex/-/rehype-katex-7.0.1.tgz 3169ms (cache miss)
1820 http fetch GET 200 https://registry.npmjs.org/regex-utilities/-/regex-utilities-2.3.0.tgz 3169ms (cache miss)
1821 http fetch GET 200 https://registry.npmjs.org/recma-stringify/-/recma-stringify-1.0.0.tgz 3167ms (cache miss)
1822 http fetch GET 200 https://registry.npmjs.org/recma-build-jsx/-/recma-build-jsx-1.0.0.tgz 3174ms (cache miss)
1823 http fetch GET 200 https://registry.npmjs.org/saxes/-/saxes-6.0.0.tgz 3248ms (cache miss)
1824 http fetch GET 200 https://registry.npmjs.org/tr46/-/tr46-6.0.0.tgz 3295ms (cache miss)
1825 http fetch GET 200 https://registry.npmjs.org/queue-microtask/-/queue-microtask-1.2.3.tgz 3219ms (cache miss)
1826 http fetch GET 200 https://registry.npmjs.org/punycode/-/punycode-2.3.1.tgz 3223ms (cache miss)
1827 http fetch GET 200 https://registry.npmjs.org/proxy-from-env/-/proxy-from-env-1.1.0.tgz 3248ms (cache miss)
1828 http fetch GET 200 https://registry.npmjs.org/pump/-/pump-3.0.4.tgz 3253ms (cache miss)
1829 http fetch GET 200 https://registry.npmjs.org/regex-recursion/-/regex-recursion-5.1.1.tgz 3278ms (cache miss)
1830 http fetch GET 200 https://registry.npmjs.org/progress/-/progress-2.0.3.tgz 3276ms (cache miss)
1831 http fetch GET 200 https://registry.npmjs.org/unified/-/unified-11.0.5.tgz 3379ms (cache miss)
1832 http fetch GET 200 https://registry.npmjs.org/whatwg-url/-/whatwg-url-16.0.1.tgz 3432ms (cache miss)
1833 http fetch GET 200 https://registry.npmjs.org/tslib/-/tslib-2.8.1.tgz 3417ms (cache miss)
1834 http fetch GET 200 https://registry.npmjs.org/proxy-agent/-/proxy-agent-6.5.0.tgz 3334ms (cache miss)
1835 http fetch GET 200 https://registry.npmjs.org/ws/-/ws-8.21.0.tgz 3484ms (cache miss)
1836 http fetch GET 200 https://registry.npmjs.org/tsconfck/-/tsconfck-3.1.6.tgz 3506ms (cache miss)
1837 http fetch GET 200 https://registry.npmjs.org/smart-buffer/-/smart-buffer-4.2.0.tgz 3496ms (cache miss)
1838 http fetch GET 200 https://registry.npmjs.org/points-on-curve/-/points-on-curve-0.2.0.tgz 3577ms (cache miss)
1839 http fetch GET 200 https://registry.npmjs.org/stylis/-/stylis-4.4.0.tgz 3661ms (cache miss)
1840 http fetch GET 200 https://registry.npmjs.org/pkg-dir/-/pkg-dir-4.2.0.tgz 3580ms (cache miss)
1841 http fetch GET 200 https://registry.npmjs.org/pify/-/pify-4.0.1.tgz 3581ms (cache miss)
1842 http fetch GET 200 https://registry.npmjs.org/postcss-nested/-/postcss-nested-6.2.0.tgz 3588ms (cache miss)
1843 http fetch GET 200 https://registry.npmjs.org/points-on-path/-/points-on-path-0.2.1.tgz 3585ms (cache miss)
1844 http fetch GET 200 https://registry.npmjs.org/tough-cookie/-/tough-cookie-6.0.1.tgz 3693ms (cache miss)
1845 http fetch GET 200 https://registry.npmjs.org/path-exists/-/path-exists-4.0.0.tgz 3602ms (cache miss)
1846 http fetch GET 200 https://registry.npmjs.org/source-map-js/-/source-map-js-1.2.1.tgz 3680ms (cache miss)
1847 http fetch GET 200 https://registry.npmjs.org/pend/-/pend-1.2.0.tgz 3629ms (cache miss)
1848 http fetch GET 200 https://registry.npmjs.org/rehype-mermaid-lite/-/rehype-mermaid-lite-1.1.0.tgz 3664ms (cache miss)
1849 http fetch GET 200 https://registry.npmjs.org/source-map/-/source-map-0.7.6.tgz 3717ms (cache miss)
1850 http fetch GET 200 https://registry.npmjs.org/webdriver-bidi-protocol/-/webdriver-bidi-protocol-0.4.1.tgz 3779ms (cache miss)
1851 http fetch GET 200 https://registry.npmjs.org/picocolors/-/picocolors-1.1.1.tgz 3663ms (cache miss)
1852 http fetch GET 200 https://registry.npmjs.org/parent-module/-/parent-module-1.0.1.tgz 3678ms (cache miss)
1853 http fetch GET 200 https://registry.npmjs.org/path-data-parser/-/path-data-parser-0.1.0.tgz 3681ms (cache miss)
1854 http fetch GET 200 https://registry.npmjs.org/package-manager-detector/-/package-manager-detector-1.6.0.tgz 3684ms (cache miss)
1855 http fetch GET 200 https://registry.npmjs.org/parse-entities/-/parse-entities-4.0.2.tgz 3695ms (cache miss)
1856 http fetch GET 200 https://registry.npmjs.org/robust-predicates/-/robust-predicates-3.0.3.tgz 3756ms (cache miss)
1857 http fetch GET 200 https://registry.npmjs.org/tabbable/-/tabbable-6.4.0.tgz 3842ms (cache miss)
1858 http fetch GET 200 https://registry.npmjs.org/vfile/-/vfile-6.0.3.tgz 3919ms (cache miss)
1859 http fetch GET 200 https://registry.npmjs.org/picomatch/-/picomatch-4.0.4.tgz 3820ms (cache miss)
1860 http fetch GET 200 https://registry.npmjs.org/p-try/-/p-try-2.2.0.tgz 3826ms (cache miss)
1861 http fetch GET 200 https://registry.npmjs.org/p-locate/-/p-locate-4.1.0.tgz 3846ms (cache miss)
1862 http fetch GET 200 https://registry.npmjs.org/p-limit/-/p-limit-6.2.0.tgz 3850ms (cache miss)
1863 http fetch GET 200 https://registry.npmjs.org/parse-json/-/parse-json-5.2.0.tgz 3865ms (cache miss)
1864 http fetch GET 200 https://registry.npmjs.org/pac-proxy-agent/-/pac-proxy-agent-7.2.0.tgz 3867ms (cache miss)
1865 http fetch GET 200 https://registry.npmjs.org/pagefind/-/pagefind-1.5.2.tgz 3869ms (cache miss)
1866 http fetch GET 200 https://registry.npmjs.org/p-timeout/-/p-timeout-6.1.4.tgz 3872ms (cache miss)
1867 http fetch GET 200 https://registry.npmjs.org/p-queue/-/p-queue-8.1.1.tgz 3878ms (cache miss)
1868 http fetch GET 200 https://registry.npmjs.org/ora/-/ora-8.2.0.tgz 3880ms (cache miss)
1869 http fetch GET 200 https://registry.npmjs.org/onetime/-/onetime-7.0.0.tgz 4120ms (cache miss)
1870 http fetch GET 200 https://registry.npmjs.org/nth-check/-/nth-check-2.1.1.tgz 4221ms (cache miss)
1871 http fetch GET 200 https://registry.npmjs.org/node-releases/-/node-releases-2.0.47.tgz 4220ms (cache miss)
1872 http fetch GET 200 https://registry.npmjs.org/netmask/-/netmask-2.1.1.tgz 4221ms (cache miss)
1873 http fetch GET 200 https://registry.npmjs.org/once/-/once-1.4.0.tgz 4277ms (cache miss)
1874 http fetch GET 200 https://registry.npmjs.org/ms/-/ms-2.1.3.tgz 4276ms (cache miss)
1875 http fetch GET 200 https://registry.npmjs.org/nlcst-to-string/-/nlcst-to-string-4.0.0.tgz 4305ms (cache miss)
1876 http fetch GET 200 https://registry.npmjs.org/nanoid/-/nanoid-3.3.12.tgz 4305ms (cache miss)
1877 http fetch GET 200 https://registry.npmjs.org/micromark-util-resolve-all/-/micromark-util-resolve-all-2.0.1.tgz 4441ms (cache miss)
1878 http fetch GET 200 https://registry.npmjs.org/micromark-util-symbol/-/micromark-util-symbol-2.0.1.tgz 4471ms (cache miss)
1879 http fetch GET 200 https://registry.npmjs.org/mini-svg-data-uri/-/mini-svg-data-uri-1.4.4.tgz 4473ms (cache miss)
1880 http fetch GET 200 https://registry.npmjs.org/mitt/-/mitt-3.0.1.tgz 4477ms (cache miss)
1881 http fetch GET 200 https://registry.npmjs.org/micromark-util-sanitize-uri/-/micromark-util-sanitize-uri-2.0.1.tgz 4489ms (cache miss)
1882 http fetch GET 200 https://registry.npmjs.org/micromark-util-types/-/micromark-util-types-2.0.2.tgz 4492ms (cache miss)
1883 http fetch GET 200 https://registry.npmjs.org/mimic-function/-/mimic-function-5.0.1.tgz 4492ms (cache miss)
1884 http fetch GET 200 https://registry.npmjs.org/micromark-util-subtokenize/-/micromark-util-subtokenize-2.1.0.tgz 4488ms (cache miss)
1885 http fetch GET 200 https://registry.npmjs.org/micromatch/-/micromatch-4.0.8.tgz 4491ms (cache miss)
1886 http fetch GET 200 https://registry.npmjs.org/micromark-util-encode/-/micromark-util-encode-2.0.1.tgz 4488ms (cache miss)
1887 http fetch GET 200 https://registry.npmjs.org/mrmime/-/mrmime-2.0.1.tgz 4522ms (cache miss)
1888 http fetch GET 200 https://registry.npmjs.org/react/-/react-19.2.7.tgz 4556ms (cache miss)
1889 http fetch GET 200 https://registry.npmjs.org/micromark-util-classify-character/-/micromark-util-classify-character-2.0.1.tgz 4521ms (cache miss)
1890 http fetch GET 200 https://registry.npmjs.org/micromark-factory-whitespace/-/micromark-factory-whitespace-2.0.1.tgz 4520ms (cache miss)
1891 http fetch GET 200 https://registry.npmjs.org/micromark-util-normalize-identifier/-/micromark-util-normalize-identifier-2.0.1.tgz 4550ms (cache miss)
1892 http fetch GET 200 https://registry.npmjs.org/micromark-util-decode-string/-/micromark-util-decode-string-2.0.1.tgz 4548ms (cache miss)
1893 http fetch GET 200 https://registry.npmjs.org/micromark-extension-mdx-md/-/micromark-extension-mdx-md-2.0.0.tgz 4543ms (cache miss)
1894 http fetch GET 200 https://registry.npmjs.org/micromark-factory-mdx-expression/-/micromark-factory-mdx-expression-2.0.3.tgz 4547ms (cache miss)
1895 http fetch GET 200 https://registry.npmjs.org/micromark-factory-label/-/micromark-factory-label-2.0.1.tgz 4548ms (cache miss)
1896 http fetch GET 200 https://registry.npmjs.org/micromark-util-events-to-acorn/-/micromark-util-events-to-acorn-2.0.3.tgz 4578ms (cache miss)
1897 http fetch GET 200 https://registry.npmjs.org/micromark-util-html-tag-name/-/micromark-util-html-tag-name-2.0.1.tgz 4579ms (cache miss)
1898 http fetch GET 200 https://registry.npmjs.org/micromark-util-decode-numeric-character-reference/-/micromark-util-decode-numeric-character-reference-2.0.2.tgz 4579ms (cache miss)
1899 http fetch GET 200 https://registry.npmjs.org/micromark-util-combine-extensions/-/micromark-util-combine-extensions-2.0.1.tgz 4580ms (cache miss)
1900 http fetch GET 200 https://registry.npmjs.org/micromark-util-chunked/-/micromark-util-chunked-2.0.1.tgz 4578ms (cache miss)
1901 http fetch GET 200 https://registry.npmjs.org/micromark-extension-math/-/micromark-extension-math-3.1.0.tgz 4568ms (cache miss)
1902 http fetch GET 200 https://registry.npmjs.org/micromark-util-character/-/micromark-util-character-2.1.1.tgz 4600ms (cache miss)
1903 http fetch GET 200 https://registry.npmjs.org/micromark-factory-title/-/micromark-factory-title-2.0.1.tgz 4602ms (cache miss)
1904 http fetch GET 200 https://registry.npmjs.org/micromark-extension-mdxjs-esm/-/micromark-extension-mdxjs-esm-3.0.0.tgz 4596ms (cache miss)
1905 http fetch GET 200 https://registry.npmjs.org/micromark-extension-gfm-tagfilter/-/micromark-extension-gfm-tagfilter-2.0.0.tgz 4589ms (cache miss)
1906 http fetch GET 200 https://registry.npmjs.org/micromark-factory-space/-/micromark-factory-space-2.0.1.tgz 4619ms (cache miss)
1907 http fetch GET 200 https://registry.npmjs.org/micromark-factory-destination/-/micromark-factory-destination-2.0.1.tgz 4612ms (cache miss)
1908 http fetch GET 200 https://registry.npmjs.org/micromark-extension-mdx-expression/-/micromark-extension-mdx-expression-3.0.1.tgz 4611ms (cache miss)
1909 http fetch GET 200 https://registry.npmjs.org/micromark-extension-gfm-autolink-literal/-/micromark-extension-gfm-autolink-literal-2.1.0.tgz 4606ms (cache miss)
1910 http fetch GET 200 https://registry.npmjs.org/micromark-extension-gfm/-/micromark-extension-gfm-3.0.0.tgz 4607ms (cache miss)
1911 http fetch GET 200 https://registry.npmjs.org/micromark-extension-directive/-/micromark-extension-directive-3.0.2.tgz 4607ms (cache miss)
1912 http fetch GET 200 https://registry.npmjs.org/micromark-extension-gfm-task-list-item/-/micromark-extension-gfm-task-list-item-2.1.0.tgz 4629ms (cache miss)
1913 http fetch GET 200 https://registry.npmjs.org/micromark-extension-gfm-strikethrough/-/micromark-extension-gfm-strikethrough-2.1.0.tgz 4655ms (cache miss)
1914 http fetch GET 200 https://registry.npmjs.org/micromark-extension-mdxjs/-/micromark-extension-mdxjs-3.0.0.tgz 4681ms (cache miss)
1915 http fetch GET 200 https://registry.npmjs.org/micromark-extension-gfm-footnote/-/micromark-extension-gfm-footnote-2.1.0.tgz 4675ms (cache miss)
1916 http fetch GET 200 https://registry.npmjs.org/mermaid-isomorphic/-/mermaid-isomorphic-3.1.0.tgz 4672ms (cache miss)
1917 http fetch GET 200 https://registry.npmjs.org/sitemap/-/sitemap-7.1.3.tgz 4854ms (cache miss)
1918 http fetch GET 200 https://registry.npmjs.org/merge2/-/merge2-1.4.1.tgz 4781ms (cache miss)
1919 http fetch GET 200 https://registry.npmjs.org/mdast-util-phrasing/-/mdast-util-phrasing-4.1.0.tgz 4770ms (cache miss)
1920 http fetch GET 200 https://registry.npmjs.org/mdast-util-math/-/mdast-util-math-3.0.0.tgz 4764ms (cache miss)
1921 http fetch GET 200 https://registry.npmjs.org/mdast-util-to-string/-/mdast-util-to-string-4.0.0.tgz 4808ms (cache miss)
1922 http fetch GET 200 https://registry.npmjs.org/mdast-util-mdx/-/mdast-util-mdx-3.0.0.tgz 4791ms (cache miss)
1923 http fetch GET 200 https://registry.npmjs.org/mdast-util-mdx-jsx/-/mdast-util-mdx-jsx-3.2.0.tgz 4817ms (cache miss)
1924 http fetch GET 200 https://registry.npmjs.org/mdast-util-mdxjs-esm/-/mdast-util-mdxjs-esm-2.0.1.tgz 4833ms (cache miss)
1925 http fetch GET 200 https://registry.npmjs.org/mdast-util-gfm-footnote/-/mdast-util-gfm-footnote-2.1.0.tgz 4833ms (cache miss)
1926 http fetch GET 200 https://registry.npmjs.org/mdast-util-gfm-task-list-item/-/mdast-util-gfm-task-list-item-2.0.0.tgz 4834ms (cache miss)
1927 http fetch GET 200 https://registry.npmjs.org/mdast-util-mdx-expression/-/mdast-util-mdx-expression-2.0.1.tgz 4849ms (cache miss)
1928 http fetch GET 200 https://registry.npmjs.org/mdast-util-gfm-autolink-literal/-/mdast-util-gfm-autolink-literal-2.0.1.tgz 4846ms (cache miss)
1929 http fetch GET 200 https://registry.npmjs.org/mdast-util-gfm/-/mdast-util-gfm-3.1.0.tgz 4864ms (cache miss)
1930 http fetch GET 200 https://registry.npmjs.org/mdast-util-directive/-/mdast-util-directive-3.1.0.tgz 4865ms (cache miss)
1931 http fetch GET 200 https://registry.npmjs.org/mdast-util-gfm-strikethrough/-/mdast-util-gfm-strikethrough-2.0.0.tgz 4889ms (cache miss)
1932 http fetch GET 200 https://registry.npmjs.org/socks/-/socks-2.8.9.tgz 5122ms (cache miss)
1933 http fetch GET 200 https://registry.npmjs.org/mdast-util-find-and-replace/-/mdast-util-find-and-replace-3.0.2.tgz 4980ms (cache miss)
1934 http fetch GET 200 https://registry.npmjs.org/markdown-extensions/-/markdown-extensions-2.0.0.tgz 5066ms (cache miss)
1935 http fetch GET 200 https://registry.npmjs.org/mdast-util-definitions/-/mdast-util-definitions-6.0.0.tgz 5069ms (cache miss)
1936 http fetch GET 200 https://registry.npmjs.org/log-symbols/-/log-symbols-6.0.0.tgz 5085ms (cache miss)
1937 http fetch GET 200 https://registry.npmjs.org/markdown-table/-/markdown-table-3.0.4.tgz 5089ms (cache miss)
1938 http fetch GET 200 https://registry.npmjs.org/longest-streak/-/longest-streak-3.1.0.tgz 5086ms (cache miss)
1939 http fetch GET 200 https://registry.npmjs.org/mdast-util-gfm-table/-/mdast-util-gfm-table-2.0.0.tgz 5115ms (cache miss)
1940 http fetch GET 200 https://registry.npmjs.org/log-update/-/log-update-6.1.0.tgz 5108ms (cache miss)
1941 http fetch GET 200 https://registry.npmjs.org/lines-and-columns/-/lines-and-columns-1.2.4.tgz 5106ms (cache miss)
1942 http fetch GET 200 https://registry.npmjs.org/locate-path/-/locate-path-5.0.0.tgz 5108ms (cache miss)
1943 http fetch GET 200 https://registry.npmjs.org/lru-cache/-/lru-cache-5.1.1.tgz 5136ms (cache miss)
1944 http fetch GET 200 https://registry.npmjs.org/preferred-pm/-/preferred-pm-4.1.1.tgz 5345ms (cache miss)
1945 http fetch GET 200 https://registry.npmjs.org/sharp/-/sharp-0.34.5.tgz 5484ms (cache miss)
1946 http fetch GET 200 https://registry.npmjs.org/json-parse-even-better-errors/-/json-parse-even-better-errors-2.3.1.tgz 5421ms (cache miss)
1947 http fetch GET 200 https://registry.npmjs.org/undici-types/-/undici-types-7.18.2.tgz 5623ms (cache miss)
1948 http fetch GET 200 https://registry.npmjs.org/kleur/-/kleur-4.1.5.tgz 5463ms (cache miss)
1949 http fetch GET 200 https://registry.npmjs.org/js-tokens/-/js-tokens-4.0.0.tgz 5472ms (cache miss)
1950 http fetch GET 200 https://registry.npmjs.org/kind-of/-/kind-of-6.0.3.tgz 5477ms (cache miss)
1951 http fetch GET 200 https://registry.npmjs.org/is-wsl/-/is-wsl-3.1.1.tgz 5491ms (cache miss)
1952 http fetch GET 200 https://registry.npmjs.org/tailwindcss/-/tailwindcss-4.3.1.tgz 5749ms (cache miss)
1953 http fetch GET 200 https://registry.npmjs.org/is-plain-obj/-/is-plain-obj-4.1.0.tgz 5556ms (cache miss)
1954 http fetch GET 200 https://registry.npmjs.org/is-unicode-supported/-/is-unicode-supported-2.1.0.tgz 5560ms (cache miss)
1955 http fetch GET 200 https://registry.npmjs.org/tailwind-merge/-/tailwind-merge-3.6.0.tgz 5752ms (cache miss)
1956 http fetch GET 200 https://registry.npmjs.org/is-number/-/is-number-7.0.0.tgz 5600ms (cache miss)
1957 http fetch GET 200 https://registry.npmjs.org/is-hexadecimal/-/is-hexadecimal-2.0.1.tgz 5605ms (cache miss)
1958 http fetch GET 200 https://registry.npmjs.org/is-glob/-/is-glob-4.0.3.tgz 5632ms (cache miss)
1959 http fetch GET 200 https://registry.npmjs.org/load-yaml-file/-/load-yaml-file-0.2.0.tgz 5682ms (cache miss)
1960 http fetch GET 200 https://registry.npmjs.org/jsesc/-/jsesc-3.1.0.tgz 5683ms (cache miss)
1961 http fetch GET 200 https://registry.npmjs.org/is-arrayish/-/is-arrayish-0.3.4.tgz 5677ms (cache miss)
1962 http fetch GET 200 https://registry.npmjs.org/is-docker/-/is-docker-3.0.0.tgz 5679ms (cache miss)
1963 http fetch GET 200 https://registry.npmjs.org/is-extendable/-/is-extendable-0.1.1.tgz 5681ms (cache miss)
1964 http fetch GET 200 https://registry.npmjs.org/is-interactive/-/is-interactive-2.0.0.tgz 5709ms (cache miss)
1965 http fetch GET 200 https://registry.npmjs.org/is-decimal/-/is-decimal-2.0.1.tgz 5736ms (cache miss)
1966 http fetch GET 200 https://registry.npmjs.org/is-inside-container/-/is-inside-container-1.0.0.tgz 5777ms (cache miss)
1967 http fetch GET 200 https://registry.npmjs.org/inline-style-parser/-/inline-style-parser-0.2.7.tgz 5773ms (cache miss)
1968 http fetch GET 200 https://registry.npmjs.org/is-alphabetical/-/is-alphabetical-2.0.1.tgz 5778ms (cache miss)
1969 http fetch GET 200 https://registry.npmjs.org/internmap/-/internmap-2.0.3.tgz 5776ms (cache miss)
1970 http fetch GET 200 https://registry.npmjs.org/is-extglob/-/is-extglob-2.1.1.tgz 5831ms (cache miss)
1971 http fetch GET 200 https://registry.npmjs.org/https-proxy-agent/-/https-proxy-agent-7.0.6.tgz 5827ms (cache miss)
1972 http fetch GET 200 https://registry.npmjs.org/is-alphanumerical/-/is-alphanumerical-2.0.1.tgz 5900ms (cache miss)
1973 http fetch GET 200 https://registry.npmjs.org/http-cache-semantics/-/http-cache-semantics-4.2.0.tgz 5925ms (cache miss)
1974 http fetch GET 200 https://registry.npmjs.org/is-fullwidth-code-point/-/is-fullwidth-code-point-3.0.0.tgz 6010ms (cache miss)
1975 http fetch GET 200 https://registry.npmjs.org/html-void-elements/-/html-void-elements-3.0.0.tgz 6003ms (cache miss)
1976 http fetch GET 200 https://registry.npmjs.org/import-fresh/-/import-fresh-3.3.1.tgz 6009ms (cache miss)
1977 http fetch GET 200 https://registry.npmjs.org/http-proxy-agent/-/http-proxy-agent-7.0.2.tgz 6086ms (cache miss)
1978 http fetch GET 200 https://registry.npmjs.org/husky/-/husky-9.1.7.tgz 6089ms (cache miss)
1979 http fetch GET 200 https://registry.npmjs.org/html-whitespace-sensitive-tag-names/-/html-whitespace-sensitive-tag-names-3.0.1.tgz 6216ms (cache miss)
1980 http fetch GET 200 https://registry.npmjs.org/html-escaper/-/html-escaper-3.0.3.tgz 6224ms (cache miss)
1981 http fetch GET 200 https://registry.npmjs.org/hastscript/-/hastscript-8.0.0.tgz 6334ms (cache miss)
1982 http fetch GET 200 https://registry.npmjs.org/hast-util-to-string/-/hast-util-to-string-3.0.1.tgz 6338ms (cache miss)
1983 http fetch GET 200 https://registry.npmjs.org/html-encoding-sniffer/-/html-encoding-sniffer-6.0.0.tgz 6392ms (cache miss)
1984 http fetch GET 200 https://registry.npmjs.org/hast-util-to-parse5/-/hast-util-to-parse5-8.0.1.tgz 6448ms (cache miss)
1985 http fetch GET 200 https://registry.npmjs.org/hast-util-whitespace/-/hast-util-whitespace-3.0.0.tgz 6452ms (cache miss)
1986 http fetch GET 200 https://registry.npmjs.org/hast-util-to-jsx-runtime/-/hast-util-to-jsx-runtime-2.3.6.tgz 6448ms (cache miss)
1987 http fetch GET 200 https://registry.npmjs.org/hast-util-to-text/-/hast-util-to-text-4.0.2.tgz 6450ms (cache miss)
1988 http fetch GET 200 https://registry.npmjs.org/hast-util-raw/-/hast-util-raw-9.1.0.tgz 6450ms (cache miss)
1989 http fetch GET 200 https://registry.npmjs.org/listr2/-/listr2-9.0.5.tgz 6585ms (cache miss)
1990 http fetch GET 200 https://registry.npmjs.org/neotraverse/-/neotraverse-0.6.18.tgz 6655ms (cache miss)
1991 http fetch GET 200 https://registry.npmjs.org/hast-util-phrasing/-/hast-util-phrasing-3.0.1.tgz 6623ms (cache miss)
1992 http fetch GET 200 https://registry.npmjs.org/hast-util-is-element/-/hast-util-is-element-3.0.0.tgz 6620ms (cache miss)
1993 http fetch GET 200 https://registry.npmjs.org/hast-util-has-property/-/hast-util-has-property-3.0.0.tgz 6623ms (cache miss)
1994 http fetch GET 200 https://registry.npmjs.org/hast-util-parse-selector/-/hast-util-parse-selector-4.0.0.tgz 6690ms (cache miss)
1995 http fetch GET 200 https://registry.npmjs.org/is-potential-custom-element-name/-/is-potential-custom-element-name-1.0.1.tgz 6687ms (cache miss)
1996 http fetch GET 200 https://registry.npmjs.org/hast-util-is-body-ok-link/-/hast-util-is-body-ok-link-3.0.1.tgz 6747ms (cache miss)
1997 http fetch GET 200 https://registry.npmjs.org/graceful-fs/-/graceful-fs-4.2.11.tgz 6744ms (cache miss)
1998 http fetch GET 200 https://registry.npmjs.org/hast-util-from-html/-/hast-util-from-html-2.0.3.tgz 6825ms (cache miss)
1999 http fetch GET 200 https://registry.npmjs.org/hast-util-from-dom/-/hast-util-from-dom-5.0.1.tgz 6824ms (cache miss)
2000 http fetch GET 200 https://registry.npmjs.org/hast-util-format/-/hast-util-format-1.1.0.tgz 6826ms (cache miss)
2001 http fetch GET 200 https://registry.npmjs.org/gray-matter/-/gray-matter-4.0.3.tgz 6821ms (cache miss)
2002 http fetch GET 200 https://registry.npmjs.org/hast-util-from-html-isomorphic/-/hast-util-from-html-isomorphic-2.0.0.tgz 6825ms (cache miss)
2003 http fetch GET 200 https://registry.npmjs.org/get-stream/-/get-stream-5.2.0.tgz 6819ms (cache miss)
2004 http fetch GET 200 https://registry.npmjs.org/flattie/-/flattie-1.1.1.tgz 6817ms (cache miss)
2005 http fetch GET 200 https://registry.npmjs.org/get-east-asian-width/-/get-east-asian-width-1.6.0.tgz 6820ms (cache miss)
2006 http fetch GET 200 https://registry.npmjs.org/get-uri/-/get-uri-6.0.5.tgz 6821ms (cache miss)
2007 http fetch GET 200 https://registry.npmjs.org/find-up/-/find-up-4.1.0.tgz 6819ms (cache miss)
2008 http fetch GET 200 https://registry.npmjs.org/hachure-fill/-/hachure-fill-0.5.2.tgz 6829ms (cache miss)
2009 http fetch GET 200 https://registry.npmjs.org/find-yarn-workspace-root2/-/find-yarn-workspace-root2-1.2.16.tgz 6821ms (cache miss)
2010 http fetch GET 200 https://registry.npmjs.org/get-caller-file/-/get-caller-file-2.0.5.tgz 6824ms (cache miss)
2011 http fetch GET 200 https://registry.npmjs.org/hast-util-from-parse5/-/hast-util-from-parse5-8.0.3.tgz 6892ms (cache miss)
2012 http fetch GET 200 https://registry.npmjs.org/hast-util-minify-whitespace/-/hast-util-minify-whitespace-1.0.1.tgz 6896ms (cache miss)
2013 http fetch GET 200 https://registry.npmjs.org/glob-parent/-/glob-parent-5.1.2.tgz 6889ms (cache miss)
2014 http fetch GET 200 https://registry.npmjs.org/github-slugger/-/github-slugger-2.0.0.tgz 6917ms (cache miss)
2015 http fetch GET 200 https://registry.npmjs.org/gensync/-/gensync-1.0.0-beta.2.tgz 6915ms (cache miss)
2016 http fetch GET 200 https://registry.npmjs.org/find-up-simple/-/find-up-simple-1.0.1.tgz 6913ms (cache miss)
2017 http fetch GET 200 https://registry.npmjs.org/extend/-/extend-3.0.2.tgz 6910ms (cache miss)
2018 http fetch GET 200 https://registry.npmjs.org/extract-zip/-/extract-zip-2.0.1.tgz 6969ms (cache miss)
2019 http fetch GET 200 https://registry.npmjs.org/fastq/-/fastq-1.20.1.tgz 6969ms (cache miss)
2020 http fetch GET 200 https://registry.npmjs.org/fast-fifo/-/fast-fifo-1.3.2.tgz 6965ms (cache miss)
2021 http fetch GET 200 https://registry.npmjs.org/esutils/-/esutils-2.0.3.tgz 6968ms (cache miss)
2022 http fetch GET 200 https://registry.npmjs.org/estree-util-attach-comments/-/estree-util-attach-comments-3.0.0.tgz 6960ms (cache miss)
2023 http fetch GET 200 https://registry.npmjs.org/estree-walker/-/estree-walker-3.0.3.tgz 6966ms (cache miss)
2024 http fetch GET 200 https://registry.npmjs.org/expressive-code/-/expressive-code-0.35.6.tgz 6970ms (cache miss)
2025 http fetch GET 200 https://registry.npmjs.org/eventemitter3/-/eventemitter3-5.0.4.tgz 6969ms (cache miss)
2026 http fetch GET 200 https://registry.npmjs.org/estree-util-build-jsx/-/estree-util-build-jsx-3.0.1.tgz 6963ms (cache miss)
2027 http fetch GET 200 https://registry.npmjs.org/fd-slicer/-/fd-slicer-1.1.0.tgz 7053ms (cache miss)
2028 http fetch GET 200 https://registry.npmjs.org/extend-shallow/-/extend-shallow-2.0.1.tgz 7050ms (cache miss)
2029 http fetch GET 200 https://registry.npmjs.org/estraverse/-/estraverse-5.3.0.tgz 7042ms (cache miss)
2030 http fetch GET 200 https://registry.npmjs.org/fill-range/-/fill-range-7.1.1.tgz 7110ms (cache miss)
2031 http fetch GET 200 https://registry.npmjs.org/estree-util-visit/-/estree-util-visit-2.0.0.tgz 7103ms (cache miss)
2032 http fetch GET 200 https://registry.npmjs.org/estree-util-to-js/-/estree-util-to-js-2.0.0.tgz 7103ms (cache miss)
2033 http fetch GET 200 https://registry.npmjs.org/events-universal/-/events-universal-1.0.1.tgz 7108ms (cache miss)
2034 http fetch GET 200 https://registry.npmjs.org/estree-util-is-identifier-name/-/estree-util-is-identifier-name-3.0.0.tgz 7104ms (cache miss)
2035 http fetch GET 200 https://registry.npmjs.org/esast-util-from-js/-/esast-util-from-js-2.0.1.tgz 7093ms (cache miss)
2036 http fetch GET 200 https://registry.npmjs.org/esast-util-from-estree/-/esast-util-from-estree-2.0.0.tgz 7099ms (cache miss)
2037 http fetch GET 200 https://registry.npmjs.org/escalade/-/escalade-3.2.0.tgz 7100ms (cache miss)
2038 http fetch GET 200 https://registry.npmjs.org/error-ex/-/error-ex-1.3.4.tgz 7097ms (cache miss)
2039 http fetch GET 200 https://registry.npmjs.org/environment/-/environment-1.1.0.tgz 7098ms (cache miss)
2040 http fetch GET 200 https://registry.npmjs.org/escape-string-regexp/-/escape-string-regexp-5.0.0.tgz 7161ms (cache miss)
2041 http fetch GET 200 https://registry.npmjs.org/end-of-stream/-/end-of-stream-1.4.5.tgz 7151ms (cache miss)
2042 http fetch GET 200 https://registry.npmjs.org/env-paths/-/env-paths-2.2.1.tgz 7149ms (cache miss)
2043 http fetch GET 200 https://registry.npmjs.org/emoji-regex/-/emoji-regex-10.6.0.tgz 7152ms (cache miss)
2044 http fetch GET 200 https://registry.npmjs.org/estree-util-scope/-/estree-util-scope-1.0.0.tgz 7217ms (cache miss)
2045 http fetch GET 200 https://registry.npmjs.org/emoji-regex-xs/-/emoji-regex-xs-1.0.0.tgz 7239ms (cache miss)
2046 http fetch GET 200 https://registry.npmjs.org/delaunator/-/delaunator-5.1.0.tgz 7274ms (cache miss)
2047 http fetch GET 200 https://registry.npmjs.org/dset/-/dset-3.1.4.tgz 7283ms (cache miss)
2048 http fetch GET 200 https://registry.npmjs.org/direction/-/direction-2.0.1.tgz 7282ms (cache miss)
2049 http fetch GET 200 https://registry.npmjs.org/devlop/-/devlop-1.1.0.tgz 7310ms (cache miss)
2050 http fetch GET 200 https://registry.npmjs.org/debug/-/debug-4.4.3.tgz 7307ms (cache miss)
2051 http fetch GET 200 https://registry.npmjs.org/deterministic-object-hash/-/deterministic-object-hash-2.0.2.tgz 7308ms (cache miss)
2052 http fetch GET 200 https://registry.npmjs.org/dequal/-/dequal-2.0.3.tgz 7310ms (cache miss)
2053 http fetch GET 200 https://registry.npmjs.org/dlv/-/dlv-1.1.3.tgz 7352ms (cache miss)
2054 http fetch GET 200 https://registry.npmjs.org/devalue/-/devalue-5.8.1.tgz 7347ms (cache miss)
2055 http fetch GET 200 https://registry.npmjs.org/degenerator/-/degenerator-5.0.1.tgz 7363ms (cache miss)
2056 http fetch GET 200 https://registry.npmjs.org/decode-named-character-reference/-/decode-named-character-reference-1.3.0.tgz 7369ms (cache miss)
2057 http fetch GET 200 https://registry.npmjs.org/d3-time/-/d3-time-3.1.0.tgz 7377ms (cache miss)
2058 http fetch GET 200 https://registry.npmjs.org/d3-sankey/-/d3-sankey-0.12.3.tgz 7374ms (cache miss)
2059 http fetch GET 200 https://registry.npmjs.org/mdast-util-from-markdown/-/mdast-util-from-markdown-2.0.3.tgz 7522ms (cache miss)
2060 http fetch GET 200 https://registry.npmjs.org/detect-libc/-/detect-libc-2.1.2.tgz 7419ms (cache miss)
2061 http fetch GET 200 https://registry.npmjs.org/data-uri-to-buffer/-/data-uri-to-buffer-6.0.2.tgz 7413ms (cache miss)
2062 http fetch GET 200 https://registry.npmjs.org/data-urls/-/data-urls-7.0.0.tgz 7401ms (cache miss)
2063 http fetch GET 200 https://registry.npmjs.org/hast-util-embedded/-/hast-util-embedded-3.0.0.tgz 7407ms (cache miss)
2064 http fetch GET 200 https://registry.npmjs.org/d3-random/-/d3-random-3.0.1.tgz 7415ms (cache miss)
2065 http fetch GET 200 https://registry.npmjs.org/d3-quadtree/-/d3-quadtree-3.0.1.tgz 7414ms (cache miss)
2066 http fetch GET 200 https://registry.npmjs.org/d3-polygon/-/d3-polygon-3.0.1.tgz 7416ms (cache miss)
2067 http fetch GET 200 https://registry.npmjs.org/d3-format/-/d3-format-3.1.2.tgz 7413ms (cache miss)
2068 http fetch GET 200 https://registry.npmjs.org/d3-fetch/-/d3-fetch-3.0.1.tgz 7466ms (cache miss)
2069 http fetch GET 200 https://registry.npmjs.org/d3-timer/-/d3-timer-3.0.1.tgz 7483ms (cache miss)
2070 http fetch GET 200 https://registry.npmjs.org/d3-path/-/d3-path-3.1.0.tgz 7466ms (cache miss)
2071 http fetch GET 200 https://registry.npmjs.org/d3-dispatch/-/d3-dispatch-3.0.1.tgz 7464ms (cache miss)
2072 http fetch GET 200 https://registry.npmjs.org/d3-chord/-/d3-chord-3.0.1.tgz 7498ms (cache miss)
2073 http fetch GET 200 https://registry.npmjs.org/d3-brush/-/d3-brush-3.0.0.tgz 7500ms (cache miss)
2074 http fetch GET 200 https://registry.npmjs.org/d3-ease/-/d3-ease-3.0.1.tgz 7534ms (cache miss)
2075 http fetch GET 200 https://registry.npmjs.org/d3-drag/-/d3-drag-3.0.0.tgz 7534ms (cache miss)
2076 http fetch GET 200 https://registry.npmjs.org/d3-dsv/-/d3-dsv-3.0.1.tgz 7539ms (cache miss)
2077 http fetch GET 200 https://registry.npmjs.org/d3-color/-/d3-color-3.1.0.tgz 7539ms (cache miss)
2078 http fetch GET 200 https://registry.npmjs.org/cssesc/-/cssesc-3.0.0.tgz 7590ms (cache miss)
2079 http fetch GET 200 https://registry.npmjs.org/d3-contour/-/d3-contour-4.0.2.tgz 7600ms (cache miss)
2080 http fetch GET 200 https://registry.npmjs.org/d3-axis/-/d3-axis-3.0.0.tgz 7604ms (cache miss)
2081 http fetch GET 200 https://registry.npmjs.org/convert-source-map/-/convert-source-map-2.0.0.tgz 7649ms (cache miss)
2082 http fetch GET 200 https://registry.npmjs.org/common-ancestor-path/-/common-ancestor-path-1.0.1.tgz 7653ms (cache miss)
2083 http fetch GET 200 https://registry.npmjs.org/magic-string/-/magic-string-0.30.21.tgz 7820ms (cache miss)
2084 http fetch GET 200 https://registry.npmjs.org/marked/-/marked-16.4.2.tgz 7826ms (cache miss)
2085 http fetch GET 200 https://registry.npmjs.org/color-string/-/color-string-1.9.1.tgz 7693ms (cache miss)
2086 http fetch GET 200 https://registry.npmjs.org/semver/-/semver-7.8.2.tgz 8000ms (cache miss)
2087 http fetch GET 200 https://registry.npmjs.org/escodegen/-/escodegen-2.1.0.tgz 7845ms (cache miss)
2088 http fetch GET 200 https://registry.npmjs.org/cookie/-/cookie-0.7.2.tgz 7798ms (cache miss)
2089 http fetch GET 200 https://registry.npmjs.org/comma-separated-tokens/-/comma-separated-tokens-2.0.3.tgz 7795ms (cache miss)
2090 http fetch GET 200 https://registry.npmjs.org/colorette/-/colorette-2.0.20.tgz 7802ms (cache miss)
2091 http fetch GET 200 https://registry.npmjs.org/postcss-selector-parser/-/postcss-selector-parser-6.1.4.tgz 8064ms (cache miss)
2092 http fetch GET 200 https://registry.npmjs.org/color-convert/-/color-convert-2.0.1.tgz 7837ms (cache miss)
2093 http fetch GET 200 https://registry.npmjs.org/collapse-white-space/-/collapse-white-space-2.1.0.tgz 7837ms (cache miss)
2094 http fetch GET 200 https://registry.npmjs.org/clsx/-/clsx-2.1.1.tgz 7838ms (cache miss)
2095 http fetch GET 200 https://registry.npmjs.org/color/-/color-4.2.3.tgz 7842ms (cache miss)
2096 http fetch GET 200 https://registry.npmjs.org/color-name/-/color-name-1.1.4.tgz 7849ms (cache miss)
2097 http fetch GET 200 https://registry.npmjs.org/cli-boxes/-/cli-boxes-3.0.0.tgz 7930ms (cache miss)
2098 http fetch GET 200 https://registry.npmjs.org/puppeteer/-/puppeteer-24.43.1.tgz 8196ms (cache miss)
2099 http fetch GET 200 https://registry.npmjs.org/class-variance-authority/-/class-variance-authority-0.7.1.tgz 7990ms (cache miss)
2100 http fetch GET 200 https://registry.npmjs.org/cli-truncate/-/cli-truncate-5.2.0.tgz 7991ms (cache miss)
2101 http fetch GET 200 https://registry.npmjs.org/cli-cursor/-/cli-cursor-5.0.0.tgz 8062ms (cache miss)
2102 http fetch GET 200 https://registry.npmjs.org/cli-spinners/-/cli-spinners-2.9.2.tgz 8064ms (cache miss)
2103 http fetch GET 200 https://registry.npmjs.org/cliui/-/cliui-8.0.1.tgz 8064ms (cache miss)
2104 http fetch GET 200 https://registry.npmjs.org/character-entities-legacy/-/character-entities-legacy-3.0.0.tgz 8064ms (cache miss)
2105 http fetch GET 200 https://registry.npmjs.org/ci-info/-/ci-info-4.4.0.tgz 8130ms (cache miss)
2106 http fetch GET 200 https://registry.npmjs.org/character-reference-invalid/-/character-reference-invalid-2.0.1.tgz 8133ms (cache miss)
2107 http fetch GET 200 https://registry.npmjs.org/regex/-/regex-5.1.1.tgz 8410ms (cache miss)
2108 http fetch GET 200 https://registry.npmjs.org/esbuild/-/esbuild-0.21.5.tgz 8275ms (cache miss)
2109 http fetch GET 200 https://registry.npmjs.org/ccount/-/ccount-2.0.1.tgz 8304ms (cache miss)
2110 http fetch GET 200 https://registry.npmjs.org/camelcase/-/camelcase-8.0.0.tgz 8307ms (cache miss)
2111 http fetch GET 200 https://registry.npmjs.org/character-entities-html4/-/character-entities-html4-2.1.0.tgz 8308ms (cache miss)
2112 http fetch GET 200 https://registry.npmjs.org/es-module-lexer/-/es-module-lexer-1.7.0.tgz 8390ms (cache miss)
2113 http fetch GET 200 https://registry.npmjs.org/buffer-crc32/-/buffer-crc32-0.2.13.tgz 8449ms (cache miss)
2114 http fetch GET 200 https://registry.npmjs.org/callsites/-/callsites-3.1.0.tgz 8453ms (cache miss)
2115 http fetch GET 200 https://registry.npmjs.org/chalk/-/chalk-5.6.2.tgz 8454ms (cache miss)
2116 http fetch GET 200 https://registry.npmjs.org/boxen/-/boxen-8.0.1.tgz 8537ms (cache miss)
2117 http fetch GET 200 https://registry.npmjs.org/bcp-47/-/bcp-47-2.1.0.tgz 8537ms (cache miss)
2118 http fetch GET 200 https://registry.npmjs.org/braces/-/braces-3.0.3.tgz 8713ms (cache miss)
2119 http fetch GET 200 https://registry.npmjs.org/boolbase/-/boolbase-1.0.0.tgz 8720ms (cache miss)
2120 http fetch GET 200 https://registry.npmjs.org/base-64/-/base-64-1.0.0.tgz 8720ms (cache miss)
2121 http fetch GET 200 https://registry.npmjs.org/bcp-47-match/-/bcp-47-match-2.0.3.tgz 8791ms (cache miss)
2122 http fetch GET 200 https://registry.npmjs.org/bare-stream/-/bare-stream-2.13.1.tgz 8790ms (cache miss)
2123 http fetch GET 200 https://registry.npmjs.org/character-entities/-/character-entities-2.0.2.tgz 8840ms (cache miss)
2124 http fetch GET 200 https://registry.npmjs.org/bail/-/bail-2.0.2.tgz 8884ms (cache miss)
2125 http fetch GET 200 https://registry.npmjs.org/bare-events/-/bare-events-2.9.1.tgz 8886ms (cache miss)
2126 http fetch GET 200 https://registry.npmjs.org/b4a/-/b4a-1.8.1.tgz 8886ms (cache miss)
2127 http fetch GET 200 https://registry.npmjs.org/bare-path/-/bare-path-3.0.1.tgz 8891ms (cache miss)
2128 http fetch GET 200 https://registry.npmjs.org/esprima/-/esprima-4.0.1.tgz 8992ms (cache miss)
2129 http fetch GET 200 https://registry.npmjs.org/array-iterate/-/array-iterate-2.0.1.tgz 9065ms (cache miss)
2130 http fetch GET 200 https://registry.npmjs.org/arg/-/arg-5.0.2.tgz 9065ms (cache miss)
2131 http fetch GET 200 https://registry.npmjs.org/ansi-regex/-/ansi-regex-6.2.2.tgz 9066ms (cache miss)
2132 http fetch GET 200 https://registry.npmjs.org/ansi-escapes/-/ansi-escapes-7.3.0.tgz 9182ms (cache miss)
2133 http fetch GET 200 https://registry.npmjs.org/agent-base/-/agent-base-7.1.4.tgz 9184ms (cache miss)
2134 http fetch GET 200 https://registry.npmjs.org/ansi-styles/-/ansi-styles-6.2.3.tgz 9187ms (cache miss)
2135 http fetch GET 200 https://registry.npmjs.org/@ungap/structured-clone/-/structured-clone-1.3.1.tgz 9192ms (cache miss)
2136 http fetch GET 200 https://registry.npmjs.org/aria-hidden/-/aria-hidden-1.2.6.tgz 9281ms (cache miss)
2137 http fetch GET 200 https://registry.npmjs.org/@types/yauzl/-/yauzl-2.10.3.tgz 9281ms (cache miss)
2138 http fetch GET 200 https://registry.npmjs.org/acorn-jsx/-/acorn-jsx-5.3.2.tgz 9282ms (cache miss)
2139 http fetch GET 200 https://registry.npmjs.org/ansi-align/-/ansi-align-3.0.1.tgz 9340ms (cache miss)
2140 http fetch GET 200 https://registry.npmjs.org/@types/unist/-/unist-3.0.3.tgz 9340ms (cache miss)
2141 http fetch GET 200 https://registry.npmjs.org/@types/nlcst/-/nlcst-2.0.3.tgz 9341ms (cache miss)
2142 http fetch GET 200 https://registry.npmjs.org/@types/trusted-types/-/trusted-types-2.0.7.tgz 9343ms (cache miss)
2143 http fetch GET 200 https://registry.npmjs.org/@types/ms/-/ms-2.1.0.tgz 9342ms (cache miss)
2144 http fetch GET 200 https://registry.npmjs.org/decimal.js/-/decimal.js-10.6.0.tgz 9479ms (cache miss)
2145 http fetch GET 200 https://registry.npmjs.org/@types/hast/-/hast-3.0.4.tgz 9433ms (cache miss)
2146 http fetch GET 200 https://registry.npmjs.org/@types/katex/-/katex-0.16.8.tgz 9432ms (cache miss)
2147 http fetch GET 200 https://registry.npmjs.org/@types/estree-jsx/-/estree-jsx-1.0.5.tgz 9435ms (cache miss)
2148 http fetch GET 200 https://registry.npmjs.org/@types/d3-transition/-/d3-transition-3.0.9.tgz 9450ms (cache miss)
2149 http fetch GET 200 https://registry.npmjs.org/@types/sax/-/sax-1.2.7.tgz 9563ms (cache miss)
2150 http fetch GET 200 https://registry.npmjs.org/@types/d3-timer/-/d3-timer-3.0.2.tgz 9558ms (cache miss)
2151 http fetch GET 200 https://registry.npmjs.org/@types/debug/-/debug-4.1.13.tgz 9560ms (cache miss)
2152 http fetch GET 200 https://registry.npmjs.org/@types/d3-time/-/d3-time-3.0.4.tgz 9559ms (cache miss)
2153 http fetch GET 200 https://registry.npmjs.org/@types/d3-selection/-/d3-selection-3.0.11.tgz 9558ms (cache miss)
2154 http fetch GET 200 https://registry.npmjs.org/@types/estree/-/estree-1.0.9.tgz 9560ms (cache miss)
2155 http fetch GET 200 https://registry.npmjs.org/@types/geojson/-/geojson-7946.0.16.tgz 9685ms (cache miss)
2156 http fetch GET 200 https://registry.npmjs.org/@types/mdast/-/mdast-4.0.4.tgz 9690ms (cache miss)
2157 http fetch GET 200 https://registry.npmjs.org/@types/mdx/-/mdx-2.0.14.tgz 9694ms (cache miss)
2158 http fetch GET 200 https://registry.npmjs.org/@types/d3-scale/-/d3-scale-4.0.9.tgz 9687ms (cache miss)
2159 http fetch GET 200 https://registry.npmjs.org/@types/d3-time-format/-/d3-time-format-4.0.3.tgz 9688ms (cache miss)
2160 http fetch GET 200 https://registry.npmjs.org/@types/d3-path/-/d3-path-3.1.1.tgz 9691ms (cache miss)
2161 http fetch GET 200 https://registry.npmjs.org/@types/d3-interpolate/-/d3-interpolate-3.0.4.tgz 9691ms (cache miss)
2162 http fetch GET 200 https://registry.npmjs.org/@types/d3-geo/-/d3-geo-3.1.0.tgz 9695ms (cache miss)
2163 http fetch GET 200 https://registry.npmjs.org/@types/d3-zoom/-/d3-zoom-3.0.8.tgz 9740ms (cache miss)
2164 http fetch GET 200 https://registry.npmjs.org/@types/d3-format/-/d3-format-3.0.4.tgz 9733ms (cache miss)
2165 http fetch GET 200 https://registry.npmjs.org/@types/d3-force/-/d3-force-3.0.10.tgz 9736ms (cache miss)
2166 http fetch GET 200 https://registry.npmjs.org/@types/d3-ease/-/d3-ease-3.0.2.tgz 9736ms (cache miss)
2167 http fetch GET 200 https://registry.npmjs.org/yargs/-/yargs-17.7.2.tgz 10232ms (cache miss)
2168 http fetch GET 200 https://registry.npmjs.org/@types/d3-quadtree/-/d3-quadtree-3.0.6.tgz 9814ms (cache miss)
2169 http fetch GET 200 https://registry.npmjs.org/@types/d3-hierarchy/-/d3-hierarchy-3.1.7.tgz 9806ms (cache miss)
2170 http fetch GET 200 https://registry.npmjs.org/@types/d3-delaunay/-/d3-delaunay-6.0.4.tgz 9807ms (cache miss)
2171 http fetch GET 200 https://registry.npmjs.org/@types/d3-contour/-/d3-contour-3.0.6.tgz 9808ms (cache miss)
2172 http fetch GET 200 https://registry.npmjs.org/@types/d3-scale-chromatic/-/d3-scale-chromatic-3.1.0.tgz 9822ms (cache miss)
2173 http fetch GET 200 https://registry.npmjs.org/@types/d3-polygon/-/d3-polygon-3.0.2.tgz 9820ms (cache miss)
2174 http fetch GET 200 https://registry.npmjs.org/@types/d3-color/-/d3-color-3.1.3.tgz 9810ms (cache miss)
2175 http fetch GET 200 https://registry.npmjs.org/@types/d3-random/-/d3-random-3.0.3.tgz 9812ms (cache miss)
2176 http fetch GET 200 https://registry.npmjs.org/@types/d3-brush/-/d3-brush-3.0.6.tgz 9811ms (cache miss)
2177 http fetch GET 200 https://registry.npmjs.org/@types/d3-axis/-/d3-axis-3.0.6.tgz 9819ms (cache miss)
2178 http fetch GET 200 https://registry.npmjs.org/commander/-/commander-7.2.0.tgz 9942ms (cache miss)
2179 http fetch GET 200 https://registry.npmjs.org/@types/d3-dsv/-/d3-dsv-3.0.7.tgz 9903ms (cache miss)
2180 http fetch GET 200 https://registry.npmjs.org/@types/d3-array/-/d3-array-3.2.2.tgz 9901ms (cache miss)
2181 http fetch GET 200 https://registry.npmjs.org/@types/d3/-/d3-7.4.3.tgz 9902ms (cache miss)
2182 http fetch GET 200 https://registry.npmjs.org/@types/cookie/-/cookie-0.6.0.tgz 9903ms (cache miss)
2183 http fetch GET 200 https://registry.npmjs.org/@types/d3-fetch/-/d3-fetch-3.0.7.tgz 9912ms (cache miss)
2184 http fetch GET 200 https://registry.npmjs.org/@types/babel__generator/-/babel__generator-7.27.0.tgz 9905ms (cache miss)
2185 http fetch GET 200 https://registry.npmjs.org/d3-zoom/-/d3-zoom-3.0.0.tgz 10084ms (cache miss)
2186 http fetch GET 200 https://registry.npmjs.org/property-information/-/property-information-7.2.0.tgz 10300ms (cache miss)
2187 http fetch GET 200 https://registry.npmjs.org/d3-delaunay/-/d3-delaunay-6.0.4.tgz 10064ms (cache miss)
2188 http fetch GET 200 https://registry.npmjs.org/@types/d3-chord/-/d3-chord-3.0.6.tgz 10000ms (cache miss)
2189 http fetch GET 200 https://registry.npmjs.org/@types/d3-drag/-/d3-drag-3.0.7.tgz 10002ms (cache miss)
2190 http fetch GET 200 https://registry.npmjs.org/@types/babel__traverse/-/babel__traverse-7.28.0.tgz 9995ms (cache miss)
2191 http fetch GET 200 https://registry.npmjs.org/@shikijs/types/-/types-1.29.2.tgz 9994ms (cache miss)
2192 http fetch GET 200 https://registry.npmjs.org/@types/d3-dispatch/-/d3-dispatch-3.0.7.tgz 9996ms (cache miss)
2193 http fetch GET 200 https://registry.npmjs.org/@types/babel__core/-/babel__core-7.20.5.tgz 10040ms (cache miss)
2194 http fetch GET 200 https://registry.npmjs.org/@types/babel__template/-/babel__template-7.4.4.tgz 10080ms (cache miss)
2195 http fetch GET 200 https://registry.npmjs.org/parse-latin/-/parse-latin-7.0.0.tgz 10410ms (cache miss)
2196 http fetch GET 200 https://registry.npmjs.org/@react-aria/interactions/-/interactions-3.28.1.tgz 10106ms (cache miss)
2197 http fetch GET 200 https://registry.npmjs.org/@tanstack/react-virtual/-/react-virtual-3.14.3.tgz 10121ms (cache miss)
2198 http fetch GET 200 https://registry.npmjs.org/@shikijs/engine-javascript/-/engine-javascript-1.29.2.tgz 10108ms (cache miss)
2199 http fetch GET 200 https://registry.npmjs.org/@types/d3-shape/-/d3-shape-3.1.8.tgz 10184ms (cache miss)
2200 http fetch GET 200 https://registry.npmjs.org/json5/-/json5-2.2.3.tgz 10408ms (cache miss)
2201 http fetch GET 200 https://registry.npmjs.org/@oslojs/encoding/-/encoding-1.1.0.tgz 10223ms (cache miss)
2202 http fetch GET 200 https://registry.npmjs.org/@nodelib/fs.scandir/-/fs.scandir-2.1.5.tgz 10224ms (cache miss)
2203 http fetch GET 200 https://registry.npmjs.org/@react-aria/focus/-/focus-3.22.1.tgz 10237ms (cache miss)
2204 http fetch GET 200 https://registry.npmjs.org/@nodelib/fs.stat/-/fs.stat-2.0.5.tgz 10229ms (cache miss)
2205 http fetch GET 200 https://registry.npmjs.org/electron-to-chromium/-/electron-to-chromium-1.5.373.tgz 10402ms (cache miss)
2206 http fetch GET 200 https://registry.npmjs.org/roughjs/-/roughjs-4.6.6.tgz 10643ms (cache miss)
2207 http fetch GET 200 https://registry.npmjs.org/@rollup/pluginutils/-/pluginutils-5.4.0.tgz 10279ms (cache miss)
2208 http fetch GET 200 https://registry.npmjs.org/@nodelib/fs.walk/-/fs.walk-1.2.8.tgz 10373ms (cache miss)
2209 http fetch GET 200 https://registry.npmjs.org/@jridgewell/resolve-uri/-/resolve-uri-3.1.2.tgz 10438ms (cache miss)
2210 http fetch GET 200 https://registry.npmjs.org/@internationalized/string/-/string-3.2.9.tgz 10440ms (cache miss)
2211 http fetch GET 200 https://registry.npmjs.org/import-meta-resolve/-/import-meta-resolve-4.2.0.tgz 10722ms (cache miss)
2212 http fetch GET 200 https://registry.npmjs.org/dotenv/-/dotenv-17.4.2.tgz 10653ms (cache miss)
2213 http fetch GET 200 https://registry.npmjs.org/argparse/-/argparse-2.0.1.tgz 10575ms (cache miss)
2214 http fetch GET 200 https://registry.npmjs.org/@shikijs/vscode-textmate/-/vscode-textmate-10.0.2.tgz 10536ms (cache miss)
2215 http fetch GET 200 https://registry.npmjs.org/micromark-extension-mdx-jsx/-/micromark-extension-mdx-jsx-3.0.2.tgz 10888ms (cache miss)
2216 http fetch GET 200 https://registry.npmjs.org/micromark-extension-gfm-table/-/micromark-extension-gfm-table-2.1.1.tgz 10880ms (cache miss)
2217 http fetch GET 200 https://registry.npmjs.org/magicast/-/magicast-0.3.5.tgz 10851ms (cache miss)
2218 http fetch GET 200 https://registry.npmjs.org/@jridgewell/remapping/-/remapping-2.3.5.tgz 10608ms (cache miss)
2219 http fetch GET 200 https://registry.npmjs.org/browserslist/-/browserslist-4.28.2.tgz 10712ms (cache miss)
2220 http fetch GET 200 https://registry.npmjs.org/@iconify/types/-/types-2.0.0.tgz 10676ms (cache miss)
2221 http fetch GET 200 https://registry.npmjs.org/baseline-browser-mapping/-/baseline-browser-mapping-2.10.37.tgz 10781ms (cache miss)
2222 http fetch GET 200 https://registry.npmjs.org/@headlessui/tailwindcss/-/tailwindcss-0.2.2.tgz 10726ms (cache miss)
2223 http fetch GET 200 https://registry.npmjs.org/cose-base/-/cose-base-1.0.3.tgz 10846ms (cache miss)
2224 http fetch GET 200 https://registry.npmjs.org/@floating-ui/react-dom/-/react-dom-2.1.8.tgz 10768ms (cache miss)
2225 http fetch GET 200 https://registry.npmjs.org/@floating-ui/utils/-/utils-0.2.11.tgz 10788ms (cache miss)
2226 http fetch GET 200 https://registry.npmjs.org/@expressive-code/plugin-shiki/-/plugin-shiki-0.35.6.tgz 10817ms (cache miss)
2227 http fetch GET 200 https://registry.npmjs.org/@img/colour/-/colour-1.1.0.tgz 10875ms (cache miss)
2228 http fetch GET 200 https://registry.npmjs.org/@csstools/css-parser-algorithms/-/css-parser-algorithms-4.0.0.tgz 10921ms (cache miss)
2229 http fetch GET 200 https://registry.npmjs.org/cytoscape-cose-bilkent/-/cytoscape-cose-bilkent-4.1.0.tgz 11114ms (cache miss)
2230 http fetch GET 200 https://registry.npmjs.org/mdn-data/-/mdn-data-2.27.1.tgz 11341ms (cache miss)
2231 http fetch GET 200 https://registry.npmjs.org/@chevrotain/types/-/types-11.1.2.tgz 11067ms (cache miss)
2232 http fetch GET 200 https://registry.npmjs.org/@napi-rs/canvas/-/canvas-0.1.100.tgz 11125ms (cache miss)
2233 http fetch GET 200 https://registry.npmjs.org/astro-expressive-code/-/astro-expressive-code-0.35.6.tgz 11207ms (cache miss)
2234 http fetch GET 200 https://registry.npmjs.org/@expressive-code/plugin-text-markers/-/plugin-text-markers-0.35.6.tgz 11131ms (cache miss)
2235 http fetch GET 200 https://registry.npmjs.org/d3/-/d3-7.9.0.tgz 11263ms (cache miss)
2236 http fetch GET 200 https://registry.npmjs.org/postcss/-/postcss-8.5.15.tgz 11537ms (cache miss)
2237 http fetch GET 200 https://registry.npmjs.org/@csstools/css-calc/-/css-calc-3.2.1.tgz 11198ms (cache miss)
2238 http fetch GET 200 https://registry.npmjs.org/d3-force/-/d3-force-3.0.0.tgz 11301ms (cache miss)
2239 http fetch GET 200 https://registry.npmjs.org/@braintree/sanitize-url/-/sanitize-url-7.1.2.tgz 11206ms (cache miss)
2240 http fetch GET 200 https://registry.npmjs.org/@expressive-code/plugin-frames/-/plugin-frames-0.35.6.tgz 11216ms (cache miss)
2241 http fetch GET 200 https://registry.npmjs.org/cosmiconfig/-/cosmiconfig-9.0.2.tgz 11337ms (cache miss)
2242 http fetch GET 200 https://registry.npmjs.org/astring/-/astring-1.9.0.tgz 11315ms (cache miss)
2243 http fetch GET 200 https://registry.npmjs.org/@csstools/css-syntax-patches-for-csstree/-/css-syntax-patches-for-csstree-1.1.5.tgz 11296ms (cache miss)
2244 http fetch GET 200 https://registry.npmjs.org/@csstools/css-tokenizer/-/css-tokenizer-4.0.0.tgz 11308ms (cache miss)
2245 http fetch GET 200 https://registry.npmjs.org/@csstools/css-color-parser/-/css-color-parser-4.1.7.tgz 11308ms (cache miss)
2246 http fetch GET 200 https://registry.npmjs.org/@upsetjs/venn.js/-/venn.js-2.0.0.tgz 11486ms (cache miss)
2247 http fetch GET 200 https://registry.npmjs.org/@csstools/color-helpers/-/color-helpers-6.0.2.tgz 11398ms (cache miss)
2248 http fetch GET 200 https://registry.npmjs.org/bidi-js/-/bidi-js-1.0.3.tgz 11533ms (cache miss)
2249 http fetch GET 200 https://registry.npmjs.org/rollup/-/rollup-4.61.1.tgz 11915ms (cache miss)
2250 http fetch GET 200 https://registry.npmjs.org/acorn/-/acorn-8.16.0.tgz 11611ms (cache miss)
2251 http fetch GET 200 https://registry.npmjs.org/oniguruma-to-es/-/oniguruma-to-es-2.3.0.tgz 11883ms (cache miss)
2252 http fetch GET 200 https://registry.npmjs.org/ip-address/-/ip-address-10.2.0.tgz 11818ms (cache miss)
2253 http fetch GET 200 https://registry.npmjs.org/@shikijs/core/-/core-1.29.2.tgz 11675ms (cache miss)
2254 http fetch GET 200 https://registry.npmjs.org/@floating-ui/dom/-/dom-1.7.6.tgz 11654ms (cache miss)
2255 http fetch GET 200 https://registry.npmjs.org/@babel/helper-plugin-utils/-/helper-plugin-utils-7.29.7.tgz 11698ms (cache miss)
2256 http fetch GET 200 https://registry.npmjs.org/@babel/plugin-syntax-jsx/-/plugin-syntax-jsx-7.29.7.tgz 11706ms (cache miss)
2257 http fetch GET 200 https://registry.npmjs.org/@floating-ui/core/-/core-1.7.5.tgz 11737ms (cache miss)
2258 http fetch GET 200 https://registry.npmjs.org/@babel/helper-validator-option/-/helper-validator-option-7.29.7.tgz 11769ms (cache miss)
2259 http fetch GET 200 https://registry.npmjs.org/@babel/helper-string-parser/-/helper-string-parser-7.29.7.tgz 11836ms (cache miss)
2260 http fetch GET 200 https://registry.npmjs.org/@react-types/shared/-/shared-3.35.0.tgz 11887ms (cache miss)
2261 http fetch GET 200 https://registry.npmjs.org/@shikijs/engine-oniguruma/-/engine-oniguruma-1.29.2.tgz 11946ms (cache miss)
2262 http fetch GET 200 https://registry.npmjs.org/@mermaid-js/mermaid-cli/-/mermaid-cli-11.15.0.tgz 11953ms (cache miss)
2263 http fetch GET 200 https://registry.npmjs.org/@babel/helper-module-imports/-/helper-module-imports-7.29.7.tgz 11930ms (cache miss)
2264 http fetch GET 200 https://registry.npmjs.org/@babel/plugin-transform-react-jsx/-/plugin-transform-react-jsx-7.29.7.tgz 11972ms (cache miss)
2265 http fetch GET 200 https://registry.npmjs.org/prompts/-/prompts-2.4.2.tgz 12395ms (cache miss)
2266 http fetch GET 200 https://registry.npmjs.org/d3-scale/-/d3-scale-4.0.2.tgz 12253ms (cache miss)
2267 http fetch GET 200 https://registry.npmjs.org/@babel/helper-globals/-/helper-globals-7.29.7.tgz 12099ms (cache miss)
2268 http fetch GET 200 https://registry.npmjs.org/tldts/-/tldts-7.4.3.tgz 12577ms (cache miss)
2269 http fetch GET 200 https://registry.npmjs.org/dompurify/-/dompurify-3.4.8.tgz 12323ms (cache miss)
2270 http fetch GET 200 https://registry.npmjs.org/@babel/compat-data/-/compat-data-7.29.7.tgz 12133ms (cache miss)
2271 http fetch GET 200 https://registry.npmjs.org/@babel/code-frame/-/code-frame-7.29.7.tgz 12133ms (cache miss)
2272 http fetch GET 200 https://registry.npmjs.org/hast-util-select/-/hast-util-select-6.0.4.tgz 12390ms (cache miss)
2273 http fetch GET 200 https://registry.npmjs.org/hast-util-to-estree/-/hast-util-to-estree-3.1.3.tgz 12393ms (cache miss)
2274 http fetch GET 200 https://registry.npmjs.org/@babel/helper-annotate-as-pure/-/helper-annotate-as-pure-7.29.7.tgz 12151ms (cache miss)
2275 http fetch GET 200 https://registry.npmjs.org/@babel/helper-compilation-targets/-/helper-compilation-targets-7.29.7.tgz 12151ms (cache miss)
2276 http fetch GET 200 https://registry.npmjs.org/d3-interpolate/-/d3-interpolate-3.0.1.tgz 12309ms (cache miss)
2277 http fetch GET 200 https://registry.npmjs.org/@pagefind/default-ui/-/default-ui-1.5.2.tgz 12222ms (cache miss)
2278 http fetch GET 200 https://registry.npmjs.org/lint-staged/-/lint-staged-16.4.0.tgz 12462ms (cache miss)
2279 http fetch GET 200 https://registry.npmjs.org/vite/-/vite-5.4.21.tgz 12691ms (cache miss)
2280 http fetch GET 200 https://registry.npmjs.org/@astrojs/telemetry/-/telemetry-3.1.0.tgz 12202ms (cache miss)
2281 http fetch GET 200 https://registry.npmjs.org/pac-resolver/-/pac-resolver-7.0.1.tgz 12576ms (cache miss)
2282 http fetch GET 200 https://registry.npmjs.org/iconv-lite/-/iconv-lite-0.6.3.tgz 12477ms (cache miss)
2283 http fetch GET 200 https://registry.npmjs.org/@astrojs/sitemap/-/sitemap-3.1.6.tgz 12277ms (cache miss)
2284 http fetch GET 200 https://registry.npmjs.org/diff/-/diff-5.2.2.tgz 12471ms (cache miss)
2285 http fetch GET 200 https://registry.npmjs.org/@asamuzakjp/nwsapi/-/nwsapi-2.3.9.tgz 12297ms (cache miss)
2286 http fetch GET 200 https://registry.npmjs.org/d3-transition/-/d3-transition-3.0.1.tgz 12472ms (cache miss)
2287 http fetch GET 200 https://registry.npmjs.org/@expressive-code/core/-/core-0.35.6.tgz 12334ms (cache miss)
2288 http fetch GET 200 https://registry.npmjs.org/@babel/helper-validator-identifier/-/helper-validator-identifier-7.29.7.tgz 12342ms (cache miss)
2289 http fetch GET 200 https://registry.npmjs.org/string-width/-/string-width-4.2.3.tgz 12384ms (cache miss)
2290 http fetch GET 200 https://registry.npmjs.org/@astrojs/mdx/-/mdx-3.1.9.tgz 12392ms (cache miss)
2291 http fetch GET 200 https://registry.npmjs.org/basic-ftp/-/basic-ftp-5.3.1.tgz 12508ms (cache miss)
2292 http fetch GET 200 https://registry.npmjs.org/layout-base/-/layout-base-1.0.2.tgz 12686ms (cache miss)
2293 http fetch GET 200 https://registry.npmjs.org/@astrojs/internal-helpers/-/internal-helpers-0.4.1.tgz 12425ms (cache miss)
2294 http fetch GET 200 https://registry.npmjs.org/@emnapi/runtime/-/runtime-1.10.0.tgz 12465ms (cache miss)
2295 http fetch GET 200 https://registry.npmjs.org/@tanstack/virtual-core/-/virtual-core-3.17.1.tgz 12520ms (cache miss)
2296 http fetch GET 200 https://registry.npmjs.org/@jridgewell/sourcemap-codec/-/sourcemap-codec-1.5.5.tgz 12503ms (cache miss)
2297 http fetch GET 200 https://registry.npmjs.org/hast-util-to-html/-/hast-util-to-html-9.0.5.tgz 12721ms (cache miss)
2298 http fetch GET 200 https://registry.npmjs.org/@astrojs/prism/-/prism-3.1.0.tgz 12501ms (cache miss)
2299 http fetch GET 200 https://registry.npmjs.org/@antfu/install-pkg/-/install-pkg-1.1.0.tgz 12520ms (cache miss)
2300 http fetch GET 200 https://registry.npmjs.org/d3-hierarchy/-/d3-hierarchy-3.1.2.tgz 12771ms (cache miss)
2301 http fetch GET 200 https://registry.npmjs.org/tldts-core/-/tldts-core-7.4.3.tgz 13096ms (cache miss)
2302 http fetch GET 200 https://registry.npmjs.org/@internationalized/number/-/number-3.6.7.tgz 12723ms (cache miss)
2303 http fetch GET 200 https://registry.npmjs.org/js-yaml/-/js-yaml-4.2.0.tgz 12995ms (cache miss)
2304 http fetch GET 200 https://registry.npmjs.org/@jridgewell/gen-mapping/-/gen-mapping-0.3.13.tgz 12768ms (cache miss)
2305 http fetch GET 200 https://registry.npmjs.org/emoji-regex/-/emoji-regex-8.0.0.tgz 12738ms (cache miss)
2306 http fetch GET 200 https://registry.npmjs.org/@mermaid-js/layout-tidy-tree/-/layout-tidy-tree-0.2.2.tgz 12793ms (cache miss)
2307 http fetch GET 200 https://registry.npmjs.org/strip-ansi/-/strip-ansi-6.0.1.tgz 12746ms (cache miss)
2308 http fetch GET 200 https://registry.npmjs.org/@babel/template/-/template-7.29.7.tgz 12766ms (cache miss)
2309 http fetch GET 200 https://registry.npmjs.org/d3-time-format/-/d3-time-format-4.1.0.tgz 12927ms (cache miss)
2310 http fetch GET 200 https://registry.npmjs.org/@asamuzakjp/generational-cache/-/generational-cache-1.0.1.tgz 12803ms (cache miss)
2311 http fetch GET 200 https://registry.npmjs.org/css-selector-parser/-/css-selector-parser-3.3.0.tgz 12957ms (cache miss)
2312 http fetch GET 200 https://registry.npmjs.org/is-fullwidth-code-point/-/is-fullwidth-code-point-5.1.0.tgz 12850ms (cache miss)
2313 http fetch GET 200 https://registry.npmjs.org/kleur/-/kleur-3.0.3.tgz 12853ms (cache miss)
2314 http fetch GET 200 https://registry.npmjs.org/@floating-ui/react/-/react-0.27.19.tgz 12901ms (cache miss)
2315 http fetch GET 200 https://registry.npmjs.org/@babel/helper-module-transforms/-/helper-module-transforms-7.29.7.tgz 12984ms (cache miss)
2316 http fetch GET 200 https://registry.npmjs.org/@bramus/specificity/-/specificity-2.4.2.tgz 13227ms (cache miss)
2317 http fetch GET 200 https://registry.npmjs.org/lru-cache/-/lru-cache-7.18.3.tgz 13215ms (cache miss)
2318 http fetch GET 200 https://registry.npmjs.org/is-fullwidth-code-point/-/is-fullwidth-code-point-5.1.0.tgz 13441ms (cache miss)
2319 http fetch GET 200 https://registry.npmjs.org/ansi-regex/-/ansi-regex-5.0.1.tgz 13454ms (cache miss)
2320 http fetch GET 200 https://registry.npmjs.org/p-limit/-/p-limit-2.3.0.tgz 13454ms (cache miss)
2321 http fetch GET 200 https://registry.npmjs.org/is-unicode-supported/-/is-unicode-supported-1.3.0.tgz 13455ms (cache miss)
2322 http fetch GET 200 https://registry.npmjs.org/@types/unist/-/unist-2.0.11.tgz 13514ms (cache miss)
2323 http fetch GET 200 https://registry.npmjs.org/tinyexec/-/tinyexec-1.2.4.tgz 13510ms (cache miss)
2324 http fetch GET 200 https://registry.npmjs.org/parse5/-/parse5-7.3.0.tgz 13996ms (cache miss)
2325 http fetch GET 200 https://registry.npmjs.org/@rollup/rollup-win32-x64-gnu/-/rollup-win32-x64-gnu-4.61.1.tgz 13754ms (cache miss)
2326 http fetch GET 200 https://registry.npmjs.org/slice-ansi/-/slice-ansi-7.1.2.tgz 13700ms (cache miss)
2327 http fetch GET 200 https://registry.npmjs.org/hastscript/-/hastscript-9.0.1.tgz 13697ms (cache miss)
2328 http fetch GET 200 https://registry.npmjs.org/is-arrayish/-/is-arrayish-0.2.1.tgz 13710ms (cache miss)
2329 http fetch GET 200 https://registry.npmjs.org/hastscript/-/hastscript-9.0.1.tgz 13829ms (cache miss)
2330 http fetch GET 200 https://registry.npmjs.org/ansi-regex/-/ansi-regex-5.0.1.tgz 13916ms (cache miss)
2331 http fetch GET 200 https://registry.npmjs.org/internmap/-/internmap-1.0.1.tgz 13921ms (cache miss)
2332 http fetch GET 200 https://registry.npmjs.org/emoji-regex/-/emoji-regex-8.0.0.tgz 13919ms (cache miss)
2333 http fetch GET 200 https://registry.npmjs.org/strip-ansi/-/strip-ansi-6.0.1.tgz 13920ms (cache miss)
2334 http fetch GET 200 https://registry.npmjs.org/string-width/-/string-width-4.2.3.tgz 13922ms (cache miss)
2335 http fetch GET 200 https://registry.npmjs.org/d3-path/-/d3-path-1.0.9.tgz 13921ms (cache miss)
2336 http fetch GET 200 https://registry.npmjs.org/wrap-ansi/-/wrap-ansi-7.0.0.tgz 13923ms (cache miss)
2337 http fetch GET 200 https://registry.npmjs.org/string-width/-/string-width-8.2.1.tgz 13924ms (cache miss)
2338 http fetch GET 200 https://registry.npmjs.org/bare-os/-/bare-os-3.9.1.tgz 14094ms (cache miss)
2339 http fetch GET 200 https://registry.npmjs.org/d3-scale-chromatic/-/d3-scale-chromatic-3.1.0.tgz 14203ms (cache miss)
2340 http fetch GET 200 https://registry.npmjs.org/fast-glob/-/fast-glob-3.3.3.tgz 14272ms (cache miss)
2341 http fetch GET 200 https://registry.npmjs.org/picomatch/-/picomatch-2.3.2.tgz 14069ms (cache miss)
2342 http fetch GET 200 https://registry.npmjs.org/emoji-regex/-/emoji-regex-8.0.0.tgz 14069ms (cache miss)
2343 http fetch GET 200 https://registry.npmjs.org/string-width/-/string-width-4.2.3.tgz 14069ms (cache miss)
2344 http fetch GET 200 https://registry.npmjs.org/hastscript/-/hastscript-9.0.1.tgz 14066ms (cache miss)
2345 http fetch GET 200 https://registry.npmjs.org/ansi-regex/-/ansi-regex-5.0.1.tgz 14072ms (cache miss)
2346 http fetch GET 200 https://registry.npmjs.org/ansi-styles/-/ansi-styles-4.3.0.tgz 14078ms (cache miss)
2347 http fetch GET 200 https://registry.npmjs.org/estree-walker/-/estree-walker-2.0.2.tgz 14074ms (cache miss)
2348 http fetch GET 200 https://registry.npmjs.org/strip-ansi/-/strip-ansi-6.0.1.tgz 14075ms (cache miss)
2349 http fetch GET 200 https://registry.npmjs.org/color-name/-/color-name-2.1.0.tgz 14074ms (cache miss)
2350 http fetch GET 200 https://registry.npmjs.org/@rollup/rollup-win32-x64-msvc/-/rollup-win32-x64-msvc-4.61.1.tgz 14281ms (cache miss)
2351 http fetch GET 200 https://registry.npmjs.org/color-string/-/color-string-2.1.4.tgz 14195ms (cache miss)
2352 http fetch GET 200 https://registry.npmjs.org/@ctrl/tinycolor/-/tinycolor-4.2.0.tgz 14259ms (cache miss)
2353 http fetch GET 200 https://registry.npmjs.org/tinyexec/-/tinyexec-1.2.4.tgz 14207ms (cache miss)
2354 http fetch GET 200 https://registry.npmjs.org/d3-selection/-/d3-selection-3.0.0.tgz 14480ms (cache miss)
2355 http fetch GET 200 https://registry.npmjs.org/micromark/-/micromark-4.0.2.tgz 14655ms (cache miss)
2356 http fetch GET 200 https://registry.npmjs.org/@asamuzakjp/dom-selector/-/dom-selector-7.1.1.tgz 14340ms (cache miss)
2357 http fetch GET 200 https://registry.npmjs.org/commander/-/commander-8.3.0.tgz 14338ms (cache miss)
2358 http fetch GET 200 https://registry.npmjs.org/bare-fs/-/bare-fs-4.7.2.tgz 14479ms (cache miss)
2359 http fetch GET 200 https://registry.npmjs.org/semver/-/semver-6.3.1.tgz 14354ms (cache miss)
2360 http fetch GET 200 https://registry.npmjs.org/semver/-/semver-6.3.1.tgz 14337ms (cache miss)
2361 http fetch GET 200 https://registry.npmjs.org/js-yaml 13714ms (cache miss)
2362 silly packumentCache corgi:https://registry.npmjs.org/js-yaml set size:undefined disposed:false
2363 http fetch GET 200 https://registry.npmjs.org/@astrojs/markdown-remark/-/markdown-remark-5.3.0.tgz 14423ms (cache miss)
2364 http fetch GET 200 https://registry.npmjs.org/@babel/parser/-/parser-7.29.7.tgz 14452ms (cache miss)
2365 http fetch GET 200 https://registry.npmjs.org/@jridgewell/trace-mapping/-/trace-mapping-0.3.31.tgz 14501ms (cache miss)
2366 http fetch GET 200 https://registry.npmjs.org/commander/-/commander-14.0.3.tgz 14444ms (cache miss)
2367 http fetch GET 200 https://registry.npmjs.org/dompurify 13797ms (cache miss)
2368 silly packumentCache corgi:https://registry.npmjs.org/dompurify set size:undefined disposed:false
2369 http fetch GET 200 https://registry.npmjs.org/sharp 14081ms (cache miss)
2370 silly packumentCache corgi:https://registry.npmjs.org/sharp set size:undefined disposed:false
2371 http fetch GET 200 https://registry.npmjs.org/extract-zip 14114ms (cache miss)
2372 silly packumentCache corgi:https://registry.npmjs.org/extract-zip set size:undefined disposed:false
2373 http fetch GET 200 https://registry.npmjs.org/ip-address 14133ms (cache miss)
2374 silly packumentCache corgi:https://registry.npmjs.org/ip-address set size:undefined disposed:false
2375 http fetch GET 200 https://registry.npmjs.org/d3-geo/-/d3-geo-3.1.1.tgz 15025ms (cache miss)
2376 http fetch GET 200 https://registry.npmjs.org/nanoid 14236ms (cache miss)
2377 silly packumentCache corgi:https://registry.npmjs.org/nanoid set size:undefined disposed:false
2378 http fetch GET 200 https://registry.npmjs.org/d3-array/-/d3-array-3.2.4.tgz 15095ms (cache miss)
2379 http fetch GET 200 https://registry.npmjs.org/d3-shape/-/d3-shape-3.2.0.tgz 15145ms (cache miss)
2380 http fetch GET 200 https://registry.npmjs.org/bare-url/-/bare-url-2.4.5.tgz 15097ms (cache miss)
2381 http fetch GET 200 https://registry.npmjs.org/cose-base/-/cose-base-2.2.0.tgz 14973ms (cache miss)
2382 http fetch GET 200 https://registry.npmjs.org/commander/-/commander-13.1.0.tgz 15001ms (cache miss)
2383 http fetch GET 200 https://registry.npmjs.org/ast-types/-/ast-types-0.13.4.tgz 15147ms (cache miss)
2384 http fetch GET 200 https://registry.npmjs.org/postcss 14361ms (cache miss)
2385 silly packumentCache corgi:https://registry.npmjs.org/postcss set size:undefined disposed:false
2386 http fetch GET 200 https://registry.npmjs.org/mdast-util-to-hast/-/mdast-util-to-hast-13.2.1.tgz 15484ms (cache miss)
2387 http fetch GET 200 https://registry.npmjs.org/undici 14503ms (cache miss)
2388 silly packumentCache corgi:https://registry.npmjs.org/undici set size:undefined disposed:false
2389 http fetch GET 200 https://registry.npmjs.org/esbuild 14593ms (cache miss)
2390 silly packumentCache corgi:https://registry.npmjs.org/esbuild set size:undefined disposed:false
2391 http fetch GET 200 https://registry.npmjs.org/mermaid 14614ms (cache miss)
2392 silly packumentCache corgi:https://registry.npmjs.org/mermaid set size:undefined disposed:false
2393 http fetch GET 200 https://registry.npmjs.org/argparse/-/argparse-1.0.10.tgz 15365ms (cache miss)
2394 http fetch GET 200 https://registry.npmjs.org/@babel/generator/-/generator-7.29.7.tgz 15579ms (cache miss)
2395 http fetch GET 200 https://registry.npmjs.org/zod-to-json-schema/-/zod-to-json-schema-3.25.2.tgz 16119ms (cache miss)
2396 http fetch GET 200 https://registry.npmjs.org/argparse/-/argparse-1.0.10.tgz 15583ms (cache miss)
2397 http fetch GET 200 https://registry.npmjs.org/html-to-image/-/html-to-image-1.11.13.tgz 15867ms (cache miss)
2398 http fetch GET 200 https://registry.npmjs.org/@mdx-js/mdx/-/mdx-3.1.1.tgz 15699ms (cache miss)
2399 http fetch GET 200 https://registry.npmjs.org/source-map/-/source-map-0.6.1.tgz 15668ms (cache miss)
2400 http fetch GET 200 https://registry.npmjs.org/@floating-ui/react/-/react-0.26.28.tgz 15682ms (cache miss)
2401 http fetch GET 200 https://registry.npmjs.org/marked/-/marked-4.3.0.tgz 15659ms (cache miss)
2402 http fetch GET 200 https://registry.npmjs.org/property-information/-/property-information-6.5.0.tgz 15837ms (cache miss)
2403 http fetch GET 200 https://registry.npmjs.org/parse5/-/parse5-8.0.1.tgz 15856ms (cache miss)
2404 http fetch GET 200 https://registry.npmjs.org/js-yaml/-/js-yaml-3.14.2.tgz 15879ms (cache miss)
2405 http fetch GET 200 https://registry.npmjs.org/js-yaml/-/js-yaml-3.14.2.tgz 15961ms (cache miss)
2406 http fetch GET 200 https://registry.npmjs.org/entities/-/entities-6.0.1.tgz 16217ms (cache miss)
2407 http fetch GET 200 https://registry.npmjs.org/sharp/-/sharp-0.33.5.tgz 15985ms (cache miss)
2408 http fetch GET 200 https://registry.npmjs.org/@exodus/bytes/-/bytes-1.15.1.tgz 16068ms (cache miss)
2409 http fetch GET 200 https://registry.npmjs.org/@babel/traverse/-/traverse-7.29.7.tgz 16160ms (cache miss)
2410 http fetch GET 200 https://registry.npmjs.org/layout-base/-/layout-base-2.0.1.tgz 16168ms (cache miss)
2411 http fetch GET 200 https://registry.npmjs.org/vite 15696ms (cache miss)
2412 silly packumentCache corgi:https://registry.npmjs.org/vite set size:undefined disposed:false
2413 http fetch GET 200 https://registry.npmjs.org/@asamuzakjp/css-color/-/css-color-5.1.11.tgz 16576ms (cache miss)
2414 http fetch GET 200 https://registry.npmjs.org/@tootallnate/quickjs-emscripten/-/quickjs-emscripten-0.23.0.tgz 16715ms (cache miss)
2415 http fetch GET 200 https://registry.npmjs.org/d3-shape/-/d3-shape-1.3.7.tgz 16662ms (cache miss)
2416 http fetch GET 200 https://registry.npmjs.org/entities/-/entities-8.0.0.tgz 16712ms (cache miss)
2417 http fetch GET 200 https://registry.npmjs.org/d3-array/-/d3-array-2.12.1.tgz 16782ms (cache miss)
2418 http fetch GET 200 https://registry.npmjs.org/react-dom/-/react-dom-19.2.7.tgz 17241ms (cache miss)
2419 http fetch GET 200 https://registry.npmjs.org/devtools-protocol/-/devtools-protocol-0.0.1608973.tgz 17147ms (cache miss)
2420 http fetch GET 200 https://registry.npmjs.org/type-fest/-/type-fest-4.41.0.tgz 17491ms (cache miss)
2421 http fetch GET 200 https://registry.npmjs.org/@types/node/-/node-24.13.1.tgz 17227ms (cache miss)
2422 http fetch GET 200 https://registry.npmjs.org/micromark-core-commonmark/-/micromark-core-commonmark-2.0.3.tgz 17510ms (cache miss)
2423 http fetch GET 200 https://registry.npmjs.org/@types/node/-/node-17.0.45.tgz 17225ms (cache miss)
2424 http fetch GET 200 https://registry.npmjs.org/playwright/-/playwright-1.60.0.tgz 17564ms (cache miss)
2425 http fetch GET 200 https://registry.npmjs.org/astro 16592ms (cache miss)
2426 silly packumentCache corgi:https://registry.npmjs.org/astro set size:undefined disposed:false
2427 http fetch GET 200 https://registry.npmjs.org/mdast-util-to-markdown/-/mdast-util-to-markdown-2.1.2.tgz 18339ms (cache miss)
2428 silly packumentCache corgi:https://registry.npmjs.org/@astrojs%2fmdx cache-miss
2429 silly packumentCache corgi:https://registry.npmjs.org/@astrojs%2fstarlight cache-miss
2430 silly packumentCache corgi:https://registry.npmjs.org/astro-expressive-code cache-miss
2431 http fetch GET 200 https://registry.npmjs.org/elkjs/-/elkjs-0.9.3.tgz 18334ms (cache miss)
2432 http fetch GET 200 https://registry.npmjs.org/@shikijs/themes/-/themes-1.29.2.tgz 18203ms (cache miss)
2433 http fetch GET 200 https://registry.npmjs.org/axobject-query/-/axobject-query-4.1.0.tgz 18272ms (cache miss)
2434 http fetch GET 200 https://registry.npmjs.org/astro-expressive-code 186ms (cache miss)
2435 silly packumentCache corgi:https://registry.npmjs.org/astro-expressive-code set size:undefined disposed:false
2436 http fetch GET 200 https://registry.npmjs.org/dagre-d3-es/-/dagre-d3-es-7.0.14.tgz 18651ms (cache miss)
2437 http fetch GET 200 https://registry.npmjs.org/@astrojs%2fstarlight 439ms (cache miss)
2438 silly packumentCache corgi:https://registry.npmjs.org/@astrojs%2fstarlight set size:undefined disposed:false
2439 http fetch GET 200 https://registry.npmjs.org/@astrojs%2fmdx 636ms (cache miss)
2440 silly packumentCache corgi:https://registry.npmjs.org/@astrojs%2fmdx set size:undefined disposed:false
2441 http fetch GET 200 https://registry.npmjs.org/@astrojs/compiler/-/compiler-2.13.1.tgz 19131ms (cache miss)
2442 silly packumentCache corgi:https://registry.npmjs.org/@zenuml%2fcore cache-miss
2443 http fetch GET 200 https://registry.npmjs.org/antlr4/-/antlr4-4.11.0.tgz 19532ms (cache miss)
2444 http fetch GET 200 https://registry.npmjs.org/aria-query/-/aria-query-5.3.2.tgz 19600ms (cache miss)
2445 http fetch GET 200 https://registry.npmjs.org/@babel/core/-/core-7.29.7.tgz 19590ms (cache miss)
2446 http fetch GET 200 https://registry.npmjs.org/@iconify/utils/-/utils-3.1.3.tgz 19637ms (cache miss)
2447 http fetch GET 200 https://registry.npmjs.org/khroma/-/khroma-2.1.0.tgz 20126ms (cache miss)
2448 http fetch GET 200 https://registry.npmjs.org/lru-cache/-/lru-cache-11.5.1.tgz 19910ms (cache miss)
2449 http fetch GET 200 https://registry.npmjs.org/@internationalized/date/-/date-3.12.2.tgz 20005ms (cache miss)
2450 http fetch GET 200 https://registry.npmjs.org/@zenuml%2fcore 722ms (cache miss)
2451 silly packumentCache corgi:https://registry.npmjs.org/@zenuml%2fcore set size:undefined disposed:false
2452 http fetch GET 200 https://registry.npmjs.org/undici/-/undici-7.28.0.tgz 20827ms (cache miss)
2453 http fetch GET 200 https://registry.npmjs.org/@esbuild/win32-x64/-/win32-x64-0.21.5.tgz 20389ms (cache miss)
2454 silly packumentCache corgi:https://registry.npmjs.org/@puppeteer%2fbrowsers cache-miss
2455 http fetch GET 200 https://registry.npmjs.org/yaml/-/yaml-2.9.0.tgz 20947ms (cache miss)
2456 http fetch GET 200 https://registry.npmjs.org/@puppeteer/browsers/-/browsers-2.13.2.tgz 20501ms (cache miss)
2457 http fetch GET 200 https://registry.npmjs.org/@astrojs/starlight/-/starlight-0.23.4.tgz 20623ms (cache miss)
2458 http fetch GET 200 https://registry.npmjs.org/@puppeteer%2fbrowsers 310ms (cache miss)
2459 silly packumentCache corgi:https://registry.npmjs.org/@puppeteer%2fbrowsers set size:undefined disposed:false
2460 http fetch GET 200 https://registry.npmjs.org/cytoscape-fcose/-/cytoscape-fcose-2.2.0.tgz 20904ms (cache miss)
2461 silly packumentCache corgi:https://registry.npmjs.org/gray-matter cache-miss
2462 silly packumentCache corgi:https://registry.npmjs.org/load-yaml-file cache-miss
2463 http fetch GET 200 https://registry.npmjs.org/jotai/-/jotai-2.20.1.tgz 21089ms (cache miss)
2464 http fetch GET 200 https://registry.npmjs.org/load-yaml-file 169ms (cache miss)
2465 silly packumentCache corgi:https://registry.npmjs.org/load-yaml-file set size:undefined disposed:false
2466 http fetch GET 200 https://registry.npmjs.org/gray-matter 259ms (cache miss)
2467 silly packumentCache corgi:https://registry.npmjs.org/gray-matter set size:undefined disposed:false
2468 silly packumentCache corgi:https://registry.npmjs.org/cosmiconfig cache-miss
2469 http fetch GET 200 https://registry.npmjs.org/@babel/types/-/types-7.29.7.tgz 21276ms (cache miss)
2470 http fetch GET 200 https://registry.npmjs.org/cosmiconfig 269ms (cache miss)
2471 silly packumentCache corgi:https://registry.npmjs.org/cosmiconfig set size:undefined disposed:false
2472 silly packumentCache corgi:https://registry.npmjs.org/socks cache-miss
2473 http fetch GET 200 https://registry.npmjs.org/socks 151ms (cache miss)
2474 silly packumentCache corgi:https://registry.npmjs.org/socks set size:undefined disposed:false
2475 silly packumentCache corgi:https://registry.npmjs.org/@mermaid-js%2flayout-elk cache-miss
2476 silly packumentCache corgi:https://registry.npmjs.org/@mermaid-js%2flayout-tidy-tree cache-miss
2477 silly packumentCache corgi:https://registry.npmjs.org/@mermaid-js%2fmermaid-cli cache-miss
2478 silly packumentCache corgi:https://registry.npmjs.org/@mermaid-js%2fmermaid-zenuml cache-miss
2479 silly packumentCache corgi:https://registry.npmjs.org/mermaid-isomorphic cache-miss
2480 http fetch GET 200 https://registry.npmjs.org/@mermaid-js/layout-elk/-/layout-elk-0.2.1.tgz 21924ms (cache miss)
2481 http fetch GET 200 https://registry.npmjs.org/katex/-/katex-0.16.47.tgz 22168ms (cache miss)
2482 http fetch GET 200 https://registry.npmjs.org/mermaid-isomorphic 199ms (cache miss)
2483 silly packumentCache corgi:https://registry.npmjs.org/mermaid-isomorphic set size:undefined disposed:false
2484 http fetch GET 200 https://registry.npmjs.org/@mermaid-js%2flayout-elk 217ms (cache miss)
2485 silly packumentCache corgi:https://registry.npmjs.org/@mermaid-js%2flayout-elk set size:undefined disposed:false
2486 http fetch GET 200 https://registry.npmjs.org/@babel/helpers/-/helpers-7.29.7.tgz 21946ms (cache miss)
2487 http fetch GET 200 https://registry.npmjs.org/@mermaid-js%2fmermaid-cli 247ms (cache miss)
2488 silly packumentCache corgi:https://registry.npmjs.org/@mermaid-js%2fmermaid-cli set size:undefined disposed:false
2489 http fetch GET 200 https://registry.npmjs.org/playwright-core/-/playwright-core-1.60.0.tgz 22435ms (cache miss)
2490 http fetch GET 200 https://registry.npmjs.org/@mermaid-js%2fmermaid-zenuml 584ms (cache miss)
2491 silly packumentCache corgi:https://registry.npmjs.org/@mermaid-js%2fmermaid-zenuml set size:undefined disposed:false
2492 http fetch GET 200 https://registry.npmjs.org/@mermaid-js%2flayout-tidy-tree 616ms (cache miss)
2493 silly packumentCache corgi:https://registry.npmjs.org/@mermaid-js%2flayout-tidy-tree set size:undefined disposed:false
2494 silly packumentCache corgi:https://registry.npmjs.org/@expressive-code%2fcore cache-miss
2495 silly packumentCache corgi:https://registry.npmjs.org/postcss-nested cache-miss
2496 http fetch GET 200 https://registry.npmjs.org/postcss-nested 241ms (cache miss)
2497 silly packumentCache corgi:https://registry.npmjs.org/postcss-nested set size:undefined disposed:false
2498 http fetch GET 200 https://registry.npmjs.org/cytoscape/-/cytoscape-3.34.0.tgz 22841ms (cache miss)
2499 http fetch GET 200 https://registry.npmjs.org/css-tree/-/css-tree-3.2.1.tgz 22844ms (cache miss)
2500 http fetch GET 200 https://registry.npmjs.org/@expressive-code%2fcore 298ms (cache miss)
2501 silly packumentCache corgi:https://registry.npmjs.org/@expressive-code%2fcore set size:undefined disposed:false
2502 silly packumentCache corgi:https://registry.npmjs.org/jsdom cache-miss
2503 http fetch GET 200 https://registry.npmjs.org/@mermaid-js/parser/-/parser-1.1.1.tgz 22852ms (cache miss)
2504 http fetch GET 200 https://registry.npmjs.org/jsdom 176ms (cache miss)
2505 silly packumentCache corgi:https://registry.npmjs.org/jsdom set size:undefined disposed:false
2506 silly packumentCache corgi:https://registry.npmjs.org/vitefu cache-miss
2507 http fetch GET 200 https://registry.npmjs.org/vitefu 334ms (cache miss)
2508 silly packumentCache corgi:https://registry.npmjs.org/vitefu set size:undefined disposed:false
2509 http fetch GET 200 https://registry.npmjs.org/@img/sharp-win32-x64/-/sharp-win32-x64-0.34.5.tgz 23480ms (cache miss)
2510 silly packumentCache corgi:https://registry.npmjs.org/puppeteer cache-miss
2511 silly packumentCache corgi:https://registry.npmjs.org/puppeteer-core cache-miss
2512 http fetch GET 200 https://registry.npmjs.org/@headlessui/react/-/react-2.2.10.tgz 23742ms (cache miss)
2513 http fetch GET 200 https://registry.npmjs.org/puppeteer-core 228ms (cache miss)
2514 silly packumentCache corgi:https://registry.npmjs.org/puppeteer-core set size:undefined disposed:false
2515 http fetch GET 200 https://registry.npmjs.org/@img/sharp-win32-x64/-/sharp-win32-x64-0.33.5.tgz 23841ms (cache miss)
2516 http fetch GET 200 https://registry.npmjs.org/puppeteer 499ms (cache miss)
2517 silly packumentCache corgi:https://registry.npmjs.org/puppeteer set size:undefined disposed:false
2518 http fetch GET 200 https://registry.npmjs.org/typescript/-/typescript-5.9.3.tgz 25426ms (cache miss)
2519 http fetch GET 200 https://registry.npmjs.org/@zenuml/core/-/core-3.50.0.tgz 24953ms (cache miss)
2520 http fetch GET 200 https://registry.npmjs.org/dayjs/-/dayjs-1.11.21.tgz 25297ms (cache miss)
2521 http fetch GET 200 https://registry.npmjs.org/@swc/helpers/-/helpers-0.5.23.tgz 25490ms (cache miss)
2522 http fetch GET 200 https://registry.npmjs.org/playwright-core/-/playwright-core-1.57.0.tgz 25627ms (cache miss)
2523 http fetch GET 200 https://registry.npmjs.org/zod/-/zod-3.25.76.tgz 26622ms (cache miss)
2524 http fetch GET 200 https://registry.npmjs.org/@mermaid-js/mermaid-zenuml/-/mermaid-zenuml-0.2.3.tgz 26149ms (cache miss)
2525 http fetch GET 200 https://registry.npmjs.org/lodash-es/-/lodash-es-4.18.1.tgz 26501ms (cache miss)
2526 http fetch GET 200 https://registry.npmjs.org/@napi-rs/canvas-win32-x64-msvc/-/canvas-win32-x64-msvc-0.1.100.tgz 26318ms (cache miss)
2527 http fetch GET 200 https://registry.npmjs.org/prismjs/-/prismjs-1.30.0.tgz 27000ms (cache miss)
2528 http fetch GET 200 https://registry.npmjs.org/shiki/-/shiki-1.29.2.tgz 27112ms (cache miss)
2529 http fetch GET 200 https://registry.npmjs.org/@shikijs/langs/-/langs-1.29.2.tgz 26967ms (cache miss)
2530 http fetch GET 200 https://registry.npmjs.org/jsdom/-/jsdom-29.1.1.tgz 27308ms (cache miss)
2531 http fetch GET 200 https://registry.npmjs.org/chromium-bidi/-/chromium-bidi-14.0.0.tgz 27391ms (cache miss)
2532 http fetch GET 200 https://registry.npmjs.org/caniuse-lite/-/caniuse-lite-1.0.30001799.tgz 27601ms (cache miss)
2533 http fetch GET 200 https://registry.npmjs.org/@pagefind/windows-x64/-/windows-x64-1.5.2.tgz 27670ms (cache miss)
2534 http fetch GET 200 https://registry.npmjs.org/astro/-/astro-4.16.19.tgz 28955ms (cache miss)
2535 http fetch GET 200 https://registry.npmjs.org/highlight.js/-/highlight.js-11.11.1.tgz 30163ms (cache miss)
2536 http fetch GET 200 https://registry.npmjs.org/react-stately/-/react-stately-3.47.0.tgz 30565ms (cache miss)
2537 http fetch GET 200 https://registry.npmjs.org/puppeteer-core/-/puppeteer-core-24.43.1.tgz 30591ms (cache miss)
2538 http fetch GET 200 https://registry.npmjs.org/mermaid/-/mermaid-11.15.0.tgz 31084ms (cache miss)
2539 http fetch GET 200 https://registry.npmjs.org/@fortawesome/fontawesome-free/-/fontawesome-free-6.7.2.tgz 31426ms (cache miss)
2540 http fetch GET 200 https://registry.npmjs.org/es-toolkit/-/es-toolkit-1.47.0.tgz 32439ms (cache miss)
2541 http fetch GET 200 https://registry.npmjs.org/react-aria/-/react-aria-3.49.0.tgz 39325ms (cache miss)
2542 info run sharp@0.34.5 install node_modules/sharp node install/check.js || npm run build
